구분,id,사건명,사건번호,날짜,기관법원,사건종류,AI요약,과징금,형량,원심참조,상세링크,조치유형
의결서,19377,씨제이대한통운(주)의 불공정하도급거래행위에 대한 건 관련 이의신청에 대한 건,2026소심1588,2026.8.11.,공정거래위원회,,"서면 발급의무 위반 및 부당특약 설정 행위에 대해 향후 행위금지명령, 과징금 납부명령 및 수정·삭제명령 부과됨","6억 1,200만원",,원심결공정거래위원회 2026. 5. 6. 제3소회의 의결 제2026-087호,https://www.law.go.kr/DRF/lawService.do?OC=jshssysh&target=ftc&ID=19377&type=HTML,
의결서,19343,상호출자제한기업집단 「삼성」 소속 삼성증권㈜의 의결권 제한규정 위반행위에 대한 건,2026집단0262,2026.7.8.,공정거래위원회,,삼성증권이 상호출자제한기업집단 소속 금융사로서 계열회사 주식에 대해 의결권을 제한받음에도 주주총회에서 의결권을 행사하여 법 위반함,,,,https://www.law.go.kr/DRF/lawService.do?OC=jshssysh&target=ftc&ID=19343&type=HTML,
의결서,19325,상호출자제한기업집단 「효성」 소속 그린파워제팔차(유)의 의결권 제한규정 위반행위에 대한 건,2026집단0264,2026.7.8.,공정거래위원회,,상호출자제한기업집단 '효성' 소속 금융·보험사인 그린파워제팔차(유)가 계열회사 주식에 대해 의결권을 행사하여 법상 의결권 제한 규정을 위반함.,,,,https://www.law.go.kr/DRF/lawService.do?OC=jshssysh&target=ftc&ID=19325&type=HTML,
의결서,19341,상호출자제한기업집단 「한화」 소속 한화자산운용㈜의 의결권 제한규정 위반행위에 대한 건,2026집단0263,2026.7.8.,공정거래위원회,,상호출자제한기업집단 한화 소속 금융사 한화자산운용이 계열회사 주식에 대해 의결권을 제한규정을 위반하여 행사함,,,,https://www.law.go.kr/DRF/lawService.do?OC=jshssysh&target=ftc&ID=19341&type=HTML,
의결서,19317,7개 밀가루 제조ㆍ판매 사업자의 부당한 공동행위에 대한 건,2025제카1867,2026.7.6.,공정거래위원회,,7개 밀가루 제조ㆍ판매 사업자의 부당한 공동행위(담합)와 관련된 기초사실 및 시장 현황을 다룸,,,,https://www.law.go.kr/DRF/lawService.do?OC=jshssysh&target=ftc&ID=19317&type=HTML,
의결서,19381,주식회사 농협하나로유통의 대규모유통업법 위반행위에 대한 건,2024유대1737,2026.7.31.,공정거래위원회,,주식회사 농협하나로유통이 납품업자 및 임차인과 계약을 체결하면서 계약사항이 명시된 서면을 즉시 교부하지 아니하여 대규모유통업법을 위반함,,,,https://www.law.go.kr/DRF/lawService.do?OC=jshssysh&target=ftc&ID=19381&type=HTML,
의결서,19289,㈜에이디티의 불공정하도급거래행위에 대한 건 관련 이의신청에 대한 건,2026기심1144,2026.7.29.,공정거래위원회,,"원사업자가 기술자료 요구 시 서면 미교부, 비밀유지계약 미체결 및 부당한 특약(기술자료 권리 이전 등)을 설정하여 향후 재발방지명령 및 과징금 부과처분 받음",,,,https://www.law.go.kr/DRF/lawService.do?OC=jshssysh&target=ftc&ID=19289&type=HTML,
의결서,19299,그랑몬스터(주)의 불공정하도급거래행위에 대한 건,2025신하0954,2026.7.24.,공정거래위원회,,피심인이 수급사업자들에게 영상광고 제작·편집 용역을 위탁하면서 하도급대금 등을 기재한 서면을 발급하지 않거나 지연 발급함,,,,https://www.law.go.kr/DRF/lawService.do?OC=jshssysh&target=ftc&ID=19299&type=HTML,
의결서,19309,㈜시티건설의 불공정하도급거래행위에 대한 건 관련 이의신청에 대한 건,2026기심1437,2026.7.24.,공정거래위원회,,"시티건설의 서면 발급의무 위반, 현금 결제비율 유지의무 위반, 어음할인료 미지급 행위에 대하여 향후 재발방지명령, 과징금 38백만 원 납부명령, 경고 처분이 부과됨","3,800만원",,원심결공정거래위원회 2026. 5. 11. 제2소회의 의결 제2026-090호,https://www.law.go.kr/DRF/lawService.do?OC=jshssysh&target=ftc&ID=19309&type=HTML,
의결서,19355,모두펫그룹(주)의 할부거래법 위반행위에 대한 건,2025약특1851,2026.7.23.,공정거래위원회,,모두펫그룹(주)이 선불식 할부계약 해제에 따른 해약환급금 및 지연배상금을 미지급하여 행위금지명령 및 미지급 해약환급금과 지연배상금 지급명령 부과됨,,,,https://www.law.go.kr/DRF/lawService.do?OC=jshssysh&target=ftc&ID=19355&type=HTML,
의결서,19353,㈜비에스비푸드의 가맹사업법 위반행위에 대한 건,"2024가조0512, 2024서가0707",2026.7.22.,공정거래위원회,,가맹본부가 가맹점사업자에게 배달비 '0원' 정책을 강제하고 이를 준수하도록 구속한 행위가 가격 구속행위에 해당함,,,,https://www.law.go.kr/DRF/lawService.do?OC=jshssysh&target=ftc&ID=19353&type=HTML,
의결서,19361,24개 사업자 발주 플라스틱 파렛트 입찰 관련 20개 사업자의 부당한 공동행위에 대한 건 관련 ㈜이건그린텍의 이의신청에 대한 건,2026경심1357,2026.7.22.,공정거래위원회,,플라스틱 파렛트 구매 입찰 관련 부당한 공동행위에 가담한 ㈜이건그린텍의 과징금 납부명령 등 부과처분 이의신청이 기각됨,"10억 4,800만 원",,,https://www.law.go.kr/DRF/lawService.do?OC=jshssysh&target=ftc&ID=19361&type=HTML,
의결서,19359,24개 사업자 발주 플라스틱 파렛트 입찰 관련 20개 사업자의 부당한 공동행위에 대한 건 관련 한국프라스틱㈜의 이의신청에 대한 건,2026경심1358,2026.7.22.,공정거래위원회,,한국프라스틱㈜이 플라스틱 파렛트 입찰 관련 부당한 공동행위에 대해 공정거래위원회의 시정명령 및 과징금 부과처분에 불복하여 이의신청을 제기하였으나 기각됨,,,,https://www.law.go.kr/DRF/lawService.do?OC=jshssysh&target=ftc&ID=19359&type=HTML,
의결서,19339,(주)세라젬의 불공정하도급거래행위에 대한 건,2024기조1171,2026.7.22.,공정거래위원회,,(주)세라젬이 수급사업자에게 정당한 사유 없이 금형도면을 요구하여 제공받은 행위에 대해 하도급법 위반으로 심의됨,,,,https://www.law.go.kr/DRF/lawService.do?OC=jshssysh&target=ftc&ID=19339&type=HTML,
의결서,19375,㈜엘에프네트웍스의 대규모유통업법 위반행위에 대한 건,2025서가0007,2026.7.20.,공정거래위원회,,"㈜엘에프네트웍스의 대규모유통업법 위반행위에 대한 기초사실 및 일반현황, 시장구조 등을 다룸",,,,https://www.law.go.kr/DRF/lawService.do?OC=jshssysh&target=ftc&ID=19375&type=HTML,
의결서,19351,(주)스위트바이오의 불공정하도급거래행위에 대한 건,2024전사2113,2026.7.20.,공정거래위원회,,원사업자가 수급사업자로부터 미니잼 제조 목적물을 수령하고도 60일 이내에 하도급대금을 지급하지 않아 향후 금지명령이 부과됨,,,,https://www.law.go.kr/DRF/lawService.do?OC=jshssysh&target=ftc&ID=19351&type=HTML,시정명령
의결서,19373,드래곤하우스의 전자상거래소비자보호법 위반행위에 대한 건,2024서소2157,2026.7.20.,공정거래위원회,,드래곤하우스가 소비자의 정당한 청약철회에도 불구하고 3영업일 이내에 상품 대금을 환급하지 않아 행위금지명령 및 대금·지연이자 지급명령이 부과됨,,,,https://www.law.go.kr/DRF/lawService.do?OC=jshssysh&target=ftc&ID=19373&type=HTML,시정명령
의결서,19335,8개 소프트웨어 판매사업자의 부당한 공동행위에 대한 건,2023서카1306,2026.7.2.,공정거래위원회,,8개 소프트웨어 판매사업자의 부당한 공동행위에 대한 건임,,,,https://www.law.go.kr/DRF/lawService.do?OC=jshssysh&target=ftc&ID=19335&type=HTML,
의결서,19357,한국전력공사 발주 합성수지파형관 구매 입찰 관련 3개 조합 및 7개 사업자의 부당한 공동행위에 대한 건,"2021입담1504, 2025입담0394",2026.7.16.,공정거래위원회,,한국전력공사 발주 합성수지파형관 구매 입찰에서 3개 조합과 7개 사업자가 부당한 공동행위를 함.,,,,https://www.law.go.kr/DRF/lawService.do?OC=jshssysh&target=ftc&ID=19357&type=HTML,
의결서,19323,㈜시알홀딩스의 지주회사 행위제한규정 위반행위에 대한 건,2024집단1802,2026.7.14.,공정거래위원회,,㈜시알홀딩스가 지주회사 전환 후 국내 비계열회사 주식을 5% 초과 소유하고 주식가액 합계액이 자회사 주식가액 합계액의 15% 이상인 기간이 발생하여 지주회사 행위제한규정을 위반함,,,,https://www.law.go.kr/DRF/lawService.do?OC=jshssysh&target=ftc&ID=19323&type=HTML,
의결서,19285,㈜계담종합건설의 시정조치불이행에 대한 건,2026부사0343,2026.7.14.,공정거래위원회,,계담종합건설이 하도급대금 및 지연이자를 지급하라는 위원회의 시정조치를 이행하지 않아 피심인들이 고발됨,,,,https://www.law.go.kr/DRF/lawService.do?OC=jshssysh&target=ftc&ID=19285&type=HTML,고발
의결서,19305,㈜별빛강물의 가맹사업법 위반행위에 대한 건 관련 의결서 경정 결정에 대한 건,2026카심1525,2026.7.13.,공정거래위원회,,"정보공개서 제공확인서의 일부 사항을 자필로 작성하지 않고 제공하고, 정보공개서 제공일로부터 14일이 지나기 전에 가맹계약을 체결하였으며, 임원에 대한 형의 선고 사실이 누락된 정보공개서를 제공함",,,,https://www.law.go.kr/DRF/lawService.do?OC=jshssysh&target=ftc&ID=19305&type=HTML,
의결서,19303,㈜별빛강물의 가맹사업법 위반행위에 대한 건 관련 의결서 경정 결정에 대한 건,2026카심1525,2026.7.13.,공정거래위원회,,"㈜별빛강물이 가맹희망자에게 자필 미기재 정보공개서 제공확인서 교부, 정보공개서 제공 14일 전 가맹계약 체결, 임원의 형 선고 사실이 누락된 정보공개서 제공 등 가맹사업법을 위반함",,,,https://www.law.go.kr/DRF/lawService.do?OC=jshssysh&target=ftc&ID=19303&type=HTML,
의결서,19321,넥스큐브코퍼레이션㈜의 가맹사업법 위반행위에 대한 건,2023가조1638,2026.7.11.,공정거래위원회,,넥스큐브코퍼레이션㈜가 가맹점사업자를 대상으로 성과비례형 광고분담금 제도를 도입·실시한 사건임,,,,https://www.law.go.kr/DRF/lawService.do?OC=jshssysh&target=ftc&ID=19321&type=HTML,
의결서,19271,㈜라인건설의 불공정하도급거래행위에 대한 건,2024하조0852,2026.7.1.,공정거래위원회,,"㈜라인건설이 목적물 수령일로부터 60일을 초과하여 하도급대금을 지급하면서 지연이자 1,161,849천 원을 지급하지 않아 향후 재발방지명령 부과됨",,,,https://www.law.go.kr/DRF/lawService.do?OC=jshssysh&target=ftc&ID=19271&type=HTML,시정명령
의결서,19277,디에이성형외과의 부당한 광고행위에 대한 건,2024서감2369,2026.7.1.,공정거래위원회,,피심인이 홈페이지에 성형수술 홍보모델들의 수술 후기를 게시하면서 경제적 대가를 지급받은 사실을 기재하지 않아 부당한 광고행위로 지적됨,,,,https://www.law.go.kr/DRF/lawService.do?OC=jshssysh&target=ftc&ID=19277&type=HTML,
의결서,19307,에이비성형외과의원의 부당한 광고행위에 대한 건,2024서감2370,2026.7.1.,공정거래위원회,,에이비성형외과의원이 홍보모델에게 수술비용 할인 등 경제적 대가를 제공하고 미용의료 앱 및 자사 홈페이지 등에 후기 광고를 게재하면서 대가 지급 사실을 표시하지 않은 행위임,,,,https://www.law.go.kr/DRF/lawService.do?OC=jshssysh&target=ftc&ID=19307&type=HTML,시정명령
의결서,19315,쿠팡㈜ 및 씨피엘비㈜의 불공정하도급거래행위 관련 동의 의결에 대한 건,2025하조1777,2026.6.8.,공정거래위원회,,쿠팡㈜ 및 씨피엘비㈜의 불공정하도급거래행위와 관련하여 동의의결 절차가 개시되어 진행됨.,,,,https://www.law.go.kr/DRF/lawService.do?OC=jshssysh&target=ftc&ID=19315&type=HTML,
의결서,19265,두산밥캣코리아(주)의 거래상 지위남용행위에 대한 건,2022대리1982,2026.6.5.,공정거래위원회,,두산밥캣코리아(주)가 대리점에 물적 담보 제공을 요구하는 등 거래상 지위남용행위를 한 사건임,,,,https://www.law.go.kr/DRF/lawService.do?OC=jshssysh&target=ftc&ID=19265&type=HTML,
의결서,19291,쿠팡(주)의 부당한 광고행위에 대한 건,2022안정1261,2026.6.4.,공정거래위원회,,"쿠팡(주)의 부당한 광고행위에 대한 건으로, 기초사실 및 시장현황 등을 다룸",,,,https://www.law.go.kr/DRF/lawService.do?OC=jshssysh&target=ftc&ID=19291&type=HTML,
의결서,19297,㈜건룡건설의 불공정하도급거래행위에 대한 건,2024구사2336,2026.6.30.,공정거래위원회,,원사업자가 수급사업자에게 공기연장 변경계약서를 발급하지 않고 선급금을 지급하지 아니하여 하도급법을 위반함,,,,https://www.law.go.kr/DRF/lawService.do?OC=jshssysh&target=ftc&ID=19297&type=HTML,
의결서,19281,뷰성형외과의 부당한 광고행위에 대한 건,2024서감2368,2026.6.30.,공정거래위원회,,피심인이 홍보모델에게 수술비용 할인 등 경제적 대가를 제공하고 네이버 카페 및 자사 홈페이지에 추천보증 글을 게재하면서 경제적 이해관계 미표시함,,,,https://www.law.go.kr/DRF/lawService.do?OC=jshssysh&target=ftc&ID=19281&type=HTML,
의결서,19267,24개 사업자 발주 플라스틱 파렛트 입찰 관련 20개 사업자의 부당한 공동행위에 대한 건 관련 ㈜이건그린텍의 과징금 납부기한 연기 및 분할납부 신청에 대한 건,2026서카1320,2026.6.25.,공정거래위원회,,"㈜이건그린텍이 과징금 납부기한 연기 및 분할납부를 신청하였으며, 형식적 및 실체적 요건을 충족하여 과징금 납부기한 연기 및 6회 분할납부가 인용됨","10억 4,800만원",,,https://www.law.go.kr/DRF/lawService.do?OC=jshssysh&target=ftc&ID=19267&type=HTML,"인용, 과징금"
의결서,19301,일진건설산업㈜의 불공정하도급거래행위에 대한 건,"2024전사1384, 2024전사2410",2026.6.24.,공정거래위원회,,일진건설산업㈜이 수급사업자들에게 선급금 및 선급금 지연이자를 미지급한 행위 등에 대한 건임,,,,https://www.law.go.kr/DRF/lawService.do?OC=jshssysh&target=ftc&ID=19301&type=HTML,
의결서,19283,23개 아파트 단지 발주 통합경비용역 입찰 관련 ㈜에스원 및 ㈜에스텍시스템의 부당한 공동행위에 대한 건,2025입담0438,2026.6.19.,공정거래위원회,,㈜에스원과 ㈜에스텍시스템이 23개 아파트 단지 발주 통합경비용역 입찰에서 부당한 공동행위를 한 건임,,,,https://www.law.go.kr/DRF/lawService.do?OC=jshssysh&target=ftc&ID=19283&type=HTML,
의결서,19247,과징금 납부기한 연장 및 분할납부 신청에 대한 건,2026광사1228,2026.6.17.,공정거래위원회,,"신청인이 과징금 납부기한 연장 및 6회 분할납부를 신청하였으며, 형식적 및 실체적 요건을 모두 충족하여 이를 허용함","2억 5,600만원",,,https://www.law.go.kr/DRF/lawService.do?OC=jshssysh&target=ftc&ID=19247&type=HTML,"과징금, 인용"
의결서,19363,광주광역시 136개 중ㆍ고등학교 발주 교복구매 입찰 관련 27개 사업자의 부당한 공동행위에 대한 건 관련 김ㅇ의 과징금 납부기한 연기 및 분할납부 신청에 대한 건,2026광사1287,2026.6.15.,공정거래위원회,,"광주광역시 중고등학교 교복구매 입찰 관련 부당한 공동행위로 과징금을 부과받은 사업자가 과징금 납부기한 연기 및 분할납부를 신청하였으며, 요건을 충족하여 허용됨","1,700만원",,,https://www.law.go.kr/DRF/lawService.do?OC=jshssysh&target=ftc&ID=19363&type=HTML,인용
의결서,19367,동의의결절차 개시신청에 대한 건,2026서감1099,2026.6.15.,공정거래위원회,,신청인의 동의의결절차 개시 신청에 대하여 신속한 집행 곤란 및 공익 부합성 부족 등의 이유로 기각 결정됨,,,,https://www.law.go.kr/DRF/lawService.do?OC=jshssysh&target=ftc&ID=19367&type=HTML,기각
의결서,19345,(사)한국주유소협회 제주도지회의 사업자단체 금지행위에 대한 건 및 2개 구성사업자의 사업자단체 금지행위 참가행위에 대한 건,2024광사1337,2026.6.15.,공정거래위원회,,(사)한국주유소협회 제주도지회 및 2개 구성사업자의 사업자단체 금지행위에 해당함,,,,https://www.law.go.kr/DRF/lawService.do?OC=jshssysh&target=ftc&ID=19345&type=HTML,
의결서,19239,(사)대한산란계협회의 사업자단체 금지행위에 대한 건,2025제카1294,2026.6.15.,공정거래위원회,,(사)대한산란계협회의 사업자단체 금지행위에 대한 건의 기초사실 및 시장구조 등을 다룸,,,,https://www.law.go.kr/DRF/lawService.do?OC=jshssysh&target=ftc&ID=19239&type=HTML,
의결서,19365,27개 사업자의 부당한 공동행위에 대한 건 관련 조ㅇㅇ의 이의신청에 대한 건,2026경심1296,2026.6.15.,공정거래위원회,,법정 이의신청 기간을 도과하여 제기된 이의신청은 요건을 구비하지 못하여 각하됨,,,,https://www.law.go.kr/DRF/lawService.do?OC=jshssysh&target=ftc&ID=19365&type=HTML,각하
의결서,19183,메르세데스벤츠코리아(주) 및 메르세데스벤츠 악티엔게젤샤프트의 부당한 광고행위 및 부당한 고객유인행위에 대한 건,2024중점1684,2026.5.6.,공정거래위원회,,메르세데스벤츠코리아(주) 등의 부당한 광고 및 고객유인행위에 관한 사건의 기초사실 및 시장구조를 다룸.,,,,https://www.law.go.kr/DRF/lawService.do?OC=jshssysh&target=ftc&ID=19183&type=HTML,
의결서,19287,우람종합건설(주)의 시정조치불이행에 대한 건,2025부사1551,2026.5.6.,공정거래위원회,,우람종합건설(주)이 하도급대금 등 지급 관련 공정거래위원회의 시정조치를 불이행하여 피심인들을 고발함,,,,https://www.law.go.kr/DRF/lawService.do?OC=jshssysh&target=ftc&ID=19287&type=HTML,고발
의결서,19379,씨제이대한통운(주)의 불공정하도급거래행위에 대한 건,2025신하1479,2026.5.6.,공정거래위원회,,씨제이대한통운(주)의 서면 지연발급 행위 및 부당특약 설정행위 등의 불공정하도급거래행위에 대한 건임,,,,https://www.law.go.kr/DRF/lawService.do?OC=jshssysh&target=ftc&ID=19379&type=HTML,
의결서,19241,대방건설(주)의 불공정하도급거래행위에 대한 건,2024하조0906,2026.5.4.,공정거래위원회,,대방건설㈜이 하도급계약에 하자담보 유보금 부당특약을 설정하고 이를 적용한 행위에 대한 건임,,,,https://www.law.go.kr/DRF/lawService.do?OC=jshssysh&target=ftc&ID=19241&type=HTML,
의결서,19333,학교법인 세화학원의 하도급대금 직접 지급의무 위반행위에 대한 건,2024구사1466,2026.5.31.,공정거래위원회,,학교법인 세화학원이 하도급대금 직접지급 합의 이후 수급사업자에게 하도급대금을 직접 지급하지 않아 법 위반으로 재발방지명령이 부과됨,,,,https://www.law.go.kr/DRF/lawService.do?OC=jshssysh&target=ftc&ID=19333&type=HTML,
의결서,19227,㈜귀한사람들의 가맹사업법 등 위반행위에 대한 건,2023서가1911,2026.5.29.,공정거래위원회,,㈜귀한사람들이 납품업체로부터 수취한 경제적 이익을 정보공개서에 누락하여 기만적인 정보제공행위를 함,,,,https://www.law.go.kr/DRF/lawService.do?OC=jshssysh&target=ftc&ID=19227&type=HTML,
의결서,19243,(주)현대투어플랜의 할부거래법 위반행위에 대한 건,2025약특1610,2026.5.28.,공정거래위원회,,선불식 할부계약 해제에 따른 해약환급금 미지급 행위에 대해 행위금지명령 및 미지급 해약환급금 등 지급명령 부과됨,,,,https://www.law.go.kr/DRF/lawService.do?OC=jshssysh&target=ftc&ID=19243&type=HTML,시정명령
의결서,19259,주식회사 보령의 기업결합 제한규정 위반행위에 대한 건,2026국결1029,2026.5.28.,공정거래위원회,,국내 도세탁셀 성분 항암제 시장에서 경쟁을 실질적으로 제한할 우려가 있는 기업결합에 대해 시정조치 부과됨,,,,https://www.law.go.kr/DRF/lawService.do?OC=jshssysh&target=ftc&ID=19259&type=HTML,시정명령
의결서,19295,유강종합건설(주)의 시정조치불이행에 대한 건,2025광사2194,2026.5.22.,공정거래위원회,,유강종합건설(주)이 하도급대금 및 지연이자 지급에 대한 공정거래위원회의 시정조치를 불이행함에 따라 법인 및 대표이사를 고발함,,,,https://www.law.go.kr/DRF/lawService.do?OC=jshssysh&target=ftc&ID=19295&type=HTML,"시정명령, 고발"
의결서,19329,(주)우진산전의 불공정하도급거래행위에 대한 건,2024기조1080,2026.5.22.,공정거래위원회,,원사업자가 수급사업자에게 기술자료를 요구하면서 법정 서면을 교부하지 아니하여 기술자료 요구 시 서면 발급의무 위반 행위가 인정됨,,,,https://www.law.go.kr/DRF/lawService.do?OC=jshssysh&target=ftc&ID=19329&type=HTML,
의결서,19249,제이비인터내셔널 및 올댓의 전자상거래소비자보호법 위반행위에 대한 건,2025전자1981,2026.5.21.,공정거래위원회,,제이비인터내셔널 및 올댓이 사이버몰 및 통신판매업자 신원 정보 표시 의무를 위반하고 기만적인 방법으로 소비자를 유인함에 따라 임시중지명령 등이 내려짐,,,,https://www.law.go.kr/DRF/lawService.do?OC=jshssysh&target=ftc&ID=19249&type=HTML,
의결서,19225,(주)경동나비엔의 불공정하도급거래행위에 대한 건,2024하조1287,2026.5.18.,공정거래위원회,,경동나비엔이 수급사업자에게 보일러 부품 제조를 위탁하면서 수급사업자 또는 양 당사자의 직인이 누락된 단가합의서를 교부한 불공정하도급거래행위임,,,,https://www.law.go.kr/DRF/lawService.do?OC=jshssysh&target=ftc&ID=19225&type=HTML,
의결서,19293,(주)알로하앤코의 경고심의요청에 대한 건,2025서가1930,2026.5.15.,공정거래위원회,,가맹희망자에게 가맹계약서 제공 후 숙려기간 14일이 지나기 전에 가맹계약을 체결한 행위가 가맹사업법 제11조 제1항에 위반되어 경고 조치됨,,,,https://www.law.go.kr/DRF/lawService.do?OC=jshssysh&target=ftc&ID=19293&type=HTML,경고
의결서,19219,다산건설엔지니어링㈜의 불공정하도급거래행위에 대한 건,2025신하1430,2026.5.15.,공정거래위원회,,"다산건설엔지니어링㈜이 수급사업자에게 건설공사를 위탁하면서 계약서면을 지연 발급하고 하도급대금 지급방법 등이 누락된 불완전 서면을 발급하였으며, 부당한 특약을 설정함.",,,,https://www.law.go.kr/DRF/lawService.do?OC=jshssysh&target=ftc&ID=19219&type=HTML,
의결서,19369,트립닷컴 트래블 싱가포르 프라이빗 리미티드 및 ㈜트립닷컴코리아의 전자상거래소비자보호법 위반행위에 대한 건,2023서소2224,2026.5.14.,공정거래위원회,,트립닷컴 트래블 싱가포르 및 트립닷컴코리아가 통신판매업을 영위하면서 관련 신고를 하지 않은 행위임,,,,https://www.law.go.kr/DRF/lawService.do?OC=jshssysh&target=ftc&ID=19369&type=HTML,
의결서,19255,㈜반도건설의 경고심의요청에 대한 건,2025서건0223,2026.5.14.,공정거래위원회,,"㈜반도건설의 서면 발급의무 위반, 지연이자 미지급, 하도급대금 조정 협의의무 위반에 대하여 경고 처분함",,,,https://www.law.go.kr/DRF/lawService.do?OC=jshssysh&target=ftc&ID=19255&type=HTML,경고
의결서,19221,우경건설㈜의 경고심의요청에 대한 건,2025서건1828,2026.5.14.,공정거래위원회,,"원사업자가 수급사업자의 하도급대금 조정 신청에 대해 10일 이내에 협의를 개시하지 아니하여 경고 처분을 받았고, 이에 대한 경고심의요청이 기각되어 원처분이 유지됨",,,,https://www.law.go.kr/DRF/lawService.do?OC=jshssysh&target=ftc&ID=19221&type=HTML,경고
의결서,19235,로젠(주)의 불공정하도급거래행위에 대한 건,2025신하1500,2026.5.14.,공정거래위원회,,로젠(주)이 수급사업자에게 용역을 위탁하면서 서면을 지연 발급하고 부당한 특약을 설정한 불공정하도급거래행위에 해당함,,,,https://www.law.go.kr/DRF/lawService.do?OC=jshssysh&target=ftc&ID=19235&type=HTML,
의결서,19207,인지컨트롤스㈜의 불공정하도급거래행위에 대한 건 관련 이의신청에 대한 건,2026기심0708,2026.5.14.,공정거래위원회,,"신청인이 수급사업자에게 하도급대금 관련 서면 발급의무를 위반하고 어음대체결제수수료 및 지연이자를 미지급한 행위에 대하여, 이의신청을 일부 받아들여 과징금 납부명령 등을 변경함","1억 4,400만 원",,원심결공정거래위원회 2026. 2. 25. 제2소회의 의결 제2026-031호,https://www.law.go.kr/DRF/lawService.do?OC=jshssysh&target=ftc&ID=19207&type=HTML,"시정명령, 과징금, 인용"
의결서,19237,(주)한진의 불공정하도급거래행위에 대한 건,2025신하1501,2026.5.14.,공정거래위원회,,"(주)한진이 수급사업자에게 용역을 위탁하면서 서면을 지연 발급하고, 수급사업자의 이익을 부당하게 침해하거나 제한하는 등의 부당한 특약을 설정한 행위가 하도급법에 위반됨",,,,https://www.law.go.kr/DRF/lawService.do?OC=jshssysh&target=ftc&ID=19237&type=HTML,
의결서,19245,쌍용씨앤이(주)의 경고심의요청에 대한 건,2024서경1793,2026.5.14.,공정거래위원회,,쌍용씨앤이가 울산항운노조의 노무공급 중단에 따라 대리점에 포항이나 부산공장에서 시멘트를 공급받도록 제안한 행위가 대리점법상 불이익 제공행위에 해당하여 경고 조치됨,,,,https://www.law.go.kr/DRF/lawService.do?OC=jshssysh&target=ftc&ID=19245&type=HTML,경고
의결서,19331,에이치디씨㈜의 부당한 지원행위에 대한 건,2023지원0015,2026.5.14.,공정거래위원회,,"에이치디씨㈜의 부당한 지원행위에 대한 사건으로, 아이파크몰 설립 이후 경영 위기 및 시장 구조 등이 다뤄짐",,,,https://www.law.go.kr/DRF/lawService.do?OC=jshssysh&target=ftc&ID=19331&type=HTML,
의결서,19279,그린랜드센터제주(유)의 경고심의요청에 대한 건,2025서소0011,2026.5.12.,공정거래위원회,,그린랜드센터제주(유)가 제주 드림타워 복합리조트 분양광고에서 부가가치세를 제외한 순 공급금액 기준이라는 사실을 누락하여 기만 광고를 한 행위에 대해 경고 처분함.,,,,https://www.law.go.kr/DRF/lawService.do?OC=jshssysh&target=ftc&ID=19279&type=HTML,경고
의결서,19273,롯데글로벌로지스(주)의 불공정하도급거래행위에 대한 건,2025신하1481,2026.5.11.,공정거래위원회,,"롯데글로벌로지스가 수급사업자에게 용역을 위탁하면서 서면을 지연 발급하고 부당한 특약(비용 전가, 무이자 현금 예치 등)을 설정한 행위에 대해 시정명령 등이 부과됨",,,,https://www.law.go.kr/DRF/lawService.do?OC=jshssysh&target=ftc&ID=19273&type=HTML,시정명령
의결서,19233,롯데건설㈜의 불공정하도급거래행위에 대한 건,2025하조1352,2026.5.11.,공정거래위원회,,롯데건설㈜이 수급사업자에게 하도급대금을 법정기한 내에 지급하지 않아 향후 재발방지명령 부과됨,,,,https://www.law.go.kr/DRF/lawService.do?OC=jshssysh&target=ftc&ID=19233&type=HTML,시정명령
의결서,19371,쿠팡로지스틱스서비스(유)의 불공정하도급거래행위에 대한 건,2025신하1534,2026.5.11.,공정거래위원회,,쿠팡로지스틱스서비스(유)가 수급사업자에게 용역을 위탁하면서 서면을 지연 발급하고 부당특약 설정행위를 함.,,,,https://www.law.go.kr/DRF/lawService.do?OC=jshssysh&target=ftc&ID=19371&type=HTML,
의결서,19311,㈜시티건설의 불공정하도급거래행위에 대한 건,2024하조0861,2026.5.11.,공정거래위원회,,"㈜시티건설이 수급사업자에게 건설위탁을 하면서 계약서면을 지연 발급하고, 발주자로부터 받은 현금비율보다 낮은 비율로 하도급대금을 지급하는 등의 불공정하도급거래행위를 함",,,,https://www.law.go.kr/DRF/lawService.do?OC=jshssysh&target=ftc&ID=19311&type=HTML,
의결서,19105,㈜제이월드산업의 부당한 광고행위에 대한 건,2024서소0278,2026.4.9.,공정거래위원회,,제이월드산업이 대포 계정 등을 이용하여 경쟁업체인 크림하우스를 비방하고 자사 제품을 추천하는 댓글을 작성한 부당한 광고행위에 대한 건임,,,,https://www.law.go.kr/DRF/lawService.do?OC=jshssysh&target=ftc&ID=19105&type=HTML,
의결서,19319,현대자동차(주) 및 기아(주) 발주 차량용 내장재 표면처리 입찰 관련 에스엠화진(주) 및 (주)한국큐빅의 부당한 공동행위에 대한 건,2024국카2422,2026.4.9.,공정거래위원회,,현대자동차 및 기아가 발주한 차량용 내장재 표면처리 입찰에서 에스엠화진과 한국큐빅이 사전에 낙찰예정자 및 투찰가격을 합의하고 실행함.,,,,https://www.law.go.kr/DRF/lawService.do?OC=jshssysh&target=ftc&ID=19319&type=HTML,
의결서,19075,(주)이음엘엔디의 시정조치불이행에 대한 건,2025부사1162,2026.4.9.,공정거래위원회,,피심인 주식회사 이음엘엔디가 하도급대금 직접 지급 관련 시정조치를 이행하지 않아 고발 조치됨,,,,https://www.law.go.kr/DRF/lawService.do?OC=jshssysh&target=ftc&ID=19075&type=HTML,"시정명령, 고발"
의결서,19113,컴인워시(주)의 가맹사업법 위반행위에 대한 건,2024서가0956,2026.4.8.,공정거래위원회,,정보공개서 미제공 및 법정 필수기재사항 누락된 가맹계약서 체결 등 가맹사업법 위반행위가 인정됨,,,,https://www.law.go.kr/DRF/lawService.do?OC=jshssysh&target=ftc&ID=19113&type=HTML,
의결서,19327,에이치디씨㈜의 부당한 지원행위에 대한 건,2023지원0015,2026.4.6.,공정거래위원회,,에이치디씨가 자금난을 겪는 계열회사 아이파크몰에 일괄거래 및 대여 약정을 통해 대규모 자금을 저리로 지원하여 부당한 이익을 제공함.,,,,https://www.law.go.kr/DRF/lawService.do?OC=jshssysh&target=ftc&ID=19327&type=HTML,
의결서,19199,삼동흥산(주) 등 13개사 및 2개 재단의 「DB」계열 편입 관련 이의신청에 대한 건,2026집단0261,2026.4.3.,공정거래위원회,,"동곡사회복지재단 등 13개사와 2개 재단이 기업집단 'DB'의 소속회사로 편입의제된 것에 대한 이의신청 건으로, 공정거래위원회가 동일인의 지정자료 허위제출에 대해 고발 조치함",,,,https://www.law.go.kr/DRF/lawService.do?OC=jshssysh&target=ftc&ID=19199&type=HTML,고발
의결서,19085,㈜엘지생활건강의 대리점법 위반행위에 대한 건,2022대리1734,2026.4.3.,공정거래위원회,,엘지생활건강이 대리점과의 협의 없이 비대면 판매 적발 시 장려금 환수 기준 및 유상견본 구매한도 차감 기준을 불리하게 변경한 행위에 대해 대리점법 위반 여부가 심의됨,,,,https://www.law.go.kr/DRF/lawService.do?OC=jshssysh&target=ftc&ID=19085&type=HTML,
의결서,19099,㈜에이디티의 불공정하도급거래행위에 대한 건,2024기조1049,2026.4.3.,공정거래위원회,,㈜에이디티가 수급사업자에게 로터 조립라인 장비의 도면 등 기술자료를 요구하면서 서면을 미발급함,,,,https://www.law.go.kr/DRF/lawService.do?OC=jshssysh&target=ftc&ID=19099&type=HTML,
의결서,19217,국토안전관리원 발주 수중조사용역 입찰 관련 ㈜다음기술단 및 우리기술단(주)의 부당한 공동행위에 대한 건,2024입담1929,2026.4.28.,공정거래위원회,,다음기술단 및 우리기술단이 국토안전관리원 발주 수중조사용역 입찰에서 투찰가격을 합의하고 실행함,,,,https://www.law.go.kr/DRF/lawService.do?OC=jshssysh&target=ftc&ID=19217&type=HTML,
의결서,19157,3개 설탕 제조ㆍ판매 사업자의 부당한 공동행위에 대한 건 관련 씨제이제일제당(주)의 과징금 납부기한 연기 및 분할납부 신청에 대한 건,2026제카0650,2026.4.27.,공정거래위원회,,"씨제이제일제당(주)이 부당한 공동행위로 부과받은 과징금에 대해 납부기한 연기 및 5회 분할납부를 신청하였고, 공정거래위원회가 이를 인용함","1,383억 6,200만원",,,https://www.law.go.kr/DRF/lawService.do?OC=jshssysh&target=ftc&ID=19157&type=HTML,"과징금, 인용"
의결서,19153,3개 설탕 제조ㆍ판매 사업자의 부당한 공동행위에 대한 건 관련 대한제당(주)의 과징금 납부기한 연기 및 분할납부 신청에 대한 건,2026제카0651,2026.4.27.,공정거래위원회,,"대한제당(주)이 과징금 납부기한 연기 및 분할납부를 신청하였고, 자금사정의 어려움 등이 인정되어 6회 분할납부가 허용됨","1,273억 7,800만원",,,https://www.law.go.kr/DRF/lawService.do?OC=jshssysh&target=ftc&ID=19153&type=HTML,"과징금, 인용"
의결서,19155,3개 설탕 제조ㆍ판매 사업자의 부당한 공동행위에 대한 건 관련 ㈜삼양사의 과징금 납부기한 연기 및 분할납부 신청에 대한 건,2026제카0652,2026.4.27.,공정거래위원회,,㈜삼양사가 과징금 일시 납부에 따른 자금 사정의 어려움을 이유로 신청한 과징금 납부기한 연기 및 6회 분할납부 신청이 요건을 충족하여 허용됨,"1,302억 5,100만원",,,https://www.law.go.kr/DRF/lawService.do?OC=jshssysh&target=ftc&ID=19155&type=HTML,"과징금, 인용"
의결서,19223,한화에어로스페이스(주) 등 3개 사업자의 기업결합 제한규정 위반행위에 대한 시정조치 이행기간 연장에 대한 건,2026기결0246,2026.4.27.,공정거래위원회,,한화에어로스페이스 등 3개 사업자의 기업결합 제한규정 위반행위에 대한 시정조치 이행기간 연장에 관한 건임.,,,,https://www.law.go.kr/DRF/lawService.do?OC=jshssysh&target=ftc&ID=19223&type=HTML,시정명령
의결서,19191,수근종합건설㈜의 불공정하도급거래행위에 대한 건,2024부사2080,2026.4.22.,공정거래위원회,,"피심인이 추가 공사를 위탁하면서 계약서면을 발급하지 않고, 어음할인료 지급시기를 부당하게 유예하는 계약조건을 설정한 행위에 대해 서면 발급의무 위반 및 부당한 특약 설정 행위가 인정됨",,,,https://www.law.go.kr/DRF/lawService.do?OC=jshssysh&target=ftc&ID=19191&type=HTML,
의결서,19211,네이처스팜㈜의 재판매가격유지행위에 대한 건,2025서총0900,2026.4.22.,공정거래위원회,,네이처스팜㈜이 건강기능식품 판매 약국들을 상대로 소비자 판매가격을 지정하고 이를 준수하도록 강제한 재판매가격유지행위임,,,,https://www.law.go.kr/DRF/lawService.do?OC=jshssysh&target=ftc&ID=19211&type=HTML,
의결서,19173,㈜엔씨건설의 불공정하도급거래행위에 대한 건,2025하조1420,2026.4.22.,공정거래위원회,,㈜엔씨건설이 수급사업자에게 하도급대금 연동에 관한 사항을 누락한 서면을 발급하고 부당한 특약 설정행위를 함.,,,,https://www.law.go.kr/DRF/lawService.do?OC=jshssysh&target=ftc&ID=19173&type=HTML,
의결서,19263,서울우유협동조합의 대리점법 위반행위에 대한 건,2022대리1580,2026.4.20.,공정거래위원회,,서울우유협동조합이 대리점에 대형유통업체 납품을 위탁하면서 매대진열사원 인건비의 상당 부분을 대리점에 부담하게 한 행위임,,,,https://www.law.go.kr/DRF/lawService.do?OC=jshssysh&target=ftc&ID=19263&type=HTML,
의결서,19313,㈜두산의 불공정하도급거래행위에 대한 건,2024신하1924,2026.4.20.,공정거래위원회,,주식회사 두산이 수급사업자에게 소프트웨어 개발 등 용역을 위탁하면서 서면을 지연 발급하고 불완전한 서면을 발급하였으며 관련 서류를 미보존함,,,,https://www.law.go.kr/DRF/lawService.do?OC=jshssysh&target=ftc&ID=19313&type=HTML,
의결서,19269,24개 사업자 발주 플라스틱 파렛트 입찰 관련 20개 사업자의 부당한 공동행위에 대한 건,"2024서카0772, 2025서카1964, 2025서카1967, 2025서카1984∼1989, 2025서카1991∼1993, 2025서카1995, 2025서카2025∼2035",2026.4.20.,공정거래위원회,,24개 사업자 발주 플라스틱 파렛트 입찰 관련 20개 사업자의 부당한 공동행위가 있었음,,,,https://www.law.go.kr/DRF/lawService.do?OC=jshssysh&target=ftc&ID=19269&type=HTML,
의결서,19071,에이치엘홀딩스(주)의 지주회사 행위제한규정 위반행위 등에 대한 건,2025집단1487,2026.4.2.,공정거래위원회,,"일반지주회사가 금융업을 영위하는 국내 회사의 주식을 유예기간 경과 후에도 소유하고, 지주회사 사업내용 보고서에 영위업종을 허위 기재하여 제출함.",,,,https://www.law.go.kr/DRF/lawService.do?OC=jshssysh&target=ftc&ID=19071&type=HTML,
의결서,19213,(주)이마트 발주 일반육 돼지고기 구매입찰 관련 8개 사업자의 부당한 공동행위에 대한 건,2023제카2089,2026.4.17.,공정거래위원회,,8개 사업자가 이마트 발주 일반육 돼지고기 구매입찰에서 사후 견적서를 상호 교환하는 등 부당한 공동행위를 한 건임,,,,https://www.law.go.kr/DRF/lawService.do?OC=jshssysh&target=ftc&ID=19213&type=HTML,
의결서,19177,고양시 발주 생활폐기물 수집ㆍ운반 대행용역 입찰 관련 10개 사업자의 부당한 공동행위에 대한 건 관련 이의신청에 대한 건,2026경심0341,2026.4.16.,공정거래위원회,,고양시 생활폐기물 수집·운반 대행용역 입찰 관련 10개 사업자의 부당한 공동행위에 대한 과징금 납부명령 등 이의신청이 기각됨,,,,https://www.law.go.kr/DRF/lawService.do?OC=jshssysh&target=ftc&ID=19177&type=HTML,"과징금, 기각"
의결서,19119,㈜에스엠알오토모티브모듈코리아의 입찰참가자격제한 요청에 대한 건,2025하조0815,2026.4.15.,공정거래위원회,,피심인의 누적 벌점이 7.0점으로 입찰참가자격제한 요청 기준을 충족하여 공정거래위원회가 관계 행정기관의 장에게 입찰참가자격제한을 요청함,,,원심결(2024. 7. 25. 의결 제2024-281호,https://www.law.go.kr/DRF/lawService.do?OC=jshssysh&target=ftc&ID=19119&type=HTML,"시정명령, 과징금"
의결서,19135,㈜샐러디의 가맹사업법 위반행위에 대한 건,2024가조0479,2026.4.14.,공정거래위원회,,㈜샐러디가 가맹점사업자에게 일회용 소모품을 특정 거래상대방으로부터만 구매하도록 강제한 행위가 가맹사업법 위반에 해당하는지 여부에 관한 건임,,,,https://www.law.go.kr/DRF/lawService.do?OC=jshssysh&target=ftc&ID=19135&type=HTML,
의결서,19145,에스엘㈜의 불공정하도급거래행위에 대한 건,2023하조1275,2026.4.14.,공정거래위원회,,에스엘㈜이 수급사업자에게 자동차 부품 제조용 금형 제조를 위탁하면서 작업을 시작하기 전까지 계약서면을 발급하지 아니한 행위 등에 대하여 하도급법 위반으로 심의됨,,,,https://www.law.go.kr/DRF/lawService.do?OC=jshssysh&target=ftc&ID=19145&type=HTML,
의결서,19163,(주)한진의 불공정하도급거래행위에 대한 건 관련 동의의결절차 개시신청에 대한 건,2026신하0266,2026.4.14.,공정거래위원회,,(주)한진의 불공정하도급거래행위(서면 지연발급 및 부당한 특약 설정 등)에 대한 동의의결절차 개시신청이 적절하지 않다고 판단되어 기각됨,,,,https://www.law.go.kr/DRF/lawService.do?OC=jshssysh&target=ftc&ID=19163&type=HTML,기각
의결서,19161,로젠(주)의 불공정하도급거래행위에 대한 건 관련 동의의결절차 개시신청에 대한 건,2026신하0267,2026.4.14.,공정거래위원회,,"로젠 주식의 불공정하도급거래행위 관련 동의의결절차 개시신청에 대하여 행위의 중대성, 부정적 파급효과 제거의 어려움 등을 이유로 신청이 기각됨",,,,https://www.law.go.kr/DRF/lawService.do?OC=jshssysh&target=ftc&ID=19161&type=HTML,기각
의결서,19151,제주지방종합주류도매업협회의 사업자단체금지행위에 대한 건,2025광사1435,2026.4.13.,공정거래위원회,,제주지방종합주류도매업협회가 거래처 침탈 금지 방침(선우거래제)을 시행하여 사업자단체의 금지행위를 한 건에 해당함,,,,https://www.law.go.kr/DRF/lawService.do?OC=jshssysh&target=ftc&ID=19151&type=HTML,
의결서,19179,㈜이마트 브랜드육 돼지고기 납품 관련 5개 사업자의 부당한 공동행위에 대한 건,2025제카1822,2026.4.10.,공정거래위원회,,㈜이마트 브랜드육 돼지고기 납품 관련 5개 사업자의 부당한 공동행위 건에 대한 기초사실 및 시장구조를 다룸,,,,https://www.law.go.kr/DRF/lawService.do?OC=jshssysh&target=ftc&ID=19179&type=HTML,
의결서,19231,㈜케이알산업의 불공정하도급거래행위에 대한 건,2025신하1434,2026.3.9.,공정거래위원회,,㈜케이알산업이 수급사업자에게 건설공사를 위탁하면서 민원 및 산업재해 관련 비용과 책임을 수급사업자에게 전가하는 부당한 특약을 설정한 행위에 대한 건임,,,,https://www.law.go.kr/DRF/lawService.do?OC=jshssysh&target=ftc&ID=19231&type=HTML,
의결서,19147,롯데쇼핑(주)의 대규모유통업법 위반행위에 대한 건,2024유대1554,2026.3.6.,공정거래위원회,,롯데쇼핑(주)이 납품업자와 계약을 체결하면서 계약서면을 지연 교부하여 대규모유통업법을 위반한 사건임,,,,https://www.law.go.kr/DRF/lawService.do?OC=jshssysh&target=ftc&ID=19147&type=HTML,
의결서,19107,㈜대광테크의 불공정하도급거래행위에 대한 건,2025부사0891,2026.3.6.,공정거래위원회,,원사업자가 수급사업자에게 하도급대금 중 일부를 임의로 공제하여 지급하지 않은 행위에 대하여 심사절차종료함,,,,https://www.law.go.kr/DRF/lawService.do?OC=jshssysh&target=ftc&ID=19107&type=HTML,
의결서,19185,메르세데스벤츠코리아(주) 및 메르세데스벤츠 악티엔게젤샤프트의 부당한 광고행위 및 부당한 고객유인행위에 대한 건,2024중점1684,2026.3.5.,공정거래위원회,,메르세데스벤츠코리아 등이 EQ 전기차에 중국산 파라시스 배터리가 탑재됨에도 CATL 배터리만 탑재되는 것처럼 누락 및 은폐하여 부당한 고객유인행위를 함,,,,https://www.law.go.kr/DRF/lawService.do?OC=jshssysh&target=ftc&ID=19185&type=HTML,
의결서,19083,3개 설탕 제조ㆍ판매 사업자의 부당한 공동행위에 대한 건,2024제카0515,2026.3.5.,공정거래위원회,,3개 설탕 제조·판매 사업자의 부당한 공동행위에 대한 사건의 기초사실 및 시장 현황 등을 다룸,,,,https://www.law.go.kr/DRF/lawService.do?OC=jshssysh&target=ftc&ID=19083&type=HTML,
의결서,19091,한일건설(주)의 불공정하도급거래행위에 대한 건,2025서건0357,2026.3.3.,공정거래위원회,,원사업자가 목적물 수령일에 대한 하도급대금을 60일 이내에 지급하지 않아 향후 재발방지명령 및 미지급대금·지연이자 지급명령이 부과됨,,,,https://www.law.go.kr/DRF/lawService.do?OC=jshssysh&target=ftc&ID=19091&type=HTML,시정명령
의결서,19097,㈜더큰의 가맹사업법 위반행위에 대한 건,2024전사1007,2026.3.3.,공정거래위원회,,"㈜더큰이 서울의료원 푸드코트 위탁운영계약과 관련해 가맹사업법상 가맹본부 지위 및 요건 해당 여부를 다툰 사안에서, 영업표지 사용, 품질기준 및 영업방식 적용, 교육 및 통제 등의 요건을 충족하여 가맹사업에 해당함.",,,,https://www.law.go.kr/DRF/lawService.do?OC=jshssysh&target=ftc&ID=19097&type=HTML,
의결서,19181,조인트유창써멀시스템㈜의 불공정하도급거래행위에 대한 건,2024기조1463,2026.3.25.,공정거래위원회,,원사업자가 수급사업자로부터 금형 및 공정절차서를 제공받아 자체 양산을 시도한 행위 등과 관련된 하도급거래 불공정행위 사건임.,,,,https://www.law.go.kr/DRF/lawService.do?OC=jshssysh&target=ftc&ID=19181&type=HTML,
의결서,19257,㈜바디프랜드의 불공정하도급거래행위에 대한 건,2024하조1355,2026.3.23.,공정거래위원회,,바디프랜드가 수급사업자에게 제조위탁을 하면서 서명 또는 기명날인이나 목적물 납기가 누락된 발주서를 발급한 행위에 대해 시정명령 및 과징금 부과됨,"4,000만원",,,https://www.law.go.kr/DRF/lawService.do?OC=jshssysh&target=ftc&ID=19257&type=HTML,"시정명령, 과징금"
의결서,19209,(주)이마트 발주 일반육 돼지고기 구매입찰 관련 8개 사업자의 부당한 공동행위에 대한 건,2023제카2089,2026.3.23.,공정거래위원회,,8개 사업자가 이마트 발주 일반육 돼지고기 구매 입찰에서 투찰가격 또는 하한선을 사전에 합의하고 실행함,,,,https://www.law.go.kr/DRF/lawService.do?OC=jshssysh&target=ftc&ID=19209&type=HTML,
의결서,19069,고양시 발주 생활폐기물 수집운반 대행용역 입찰 관련 10개 사업자의 부당한 공동행위에 대한 건 관련 10개 사업자의 과징금 납부기한 연기 및 분할납부 신청에 대한 건,"2026입담0379, 2026입담0383, 2026입담0406, 2026입담0407, 2026입담0408, 2026입담0409, 2026입담0410, 2026입담0411, 2026입담0412, 2026입담0413",2026.3.23.,공정거래위원회,,"10개 사업자가 과징금 납부기한 연기 및 분할납부를 신청했으나, 부과된 과징금이 법적 요건(10억 원 및 관련매출액의 1% 초과)을 충족하지 않아 기각됨",,,,https://www.law.go.kr/DRF/lawService.do?OC=jshssysh&target=ftc&ID=19069&type=HTML,기각
의결서,19109,㈜대교씨엔에스의 불공정하도급거래행위에 대한 건,2024신하1457,2026.3.23.,공정거래위원회,,피심인이 1차년도 하도급대금을 부당하게 감액하고 차액보전 약속을 이행하지 않은 행위가 부당한 하도급대금 결정행위에 해당함,,,,https://www.law.go.kr/DRF/lawService.do?OC=jshssysh&target=ftc&ID=19109&type=HTML,
의결서,19141,주원의 전자상거래소비자보호법 위반행위에 대한 건,2024부사1994,2026.3.20.,공정거래위원회,,"통신판매업자가 소비자의 정당한 청약철회에 대해 대금을 미환급하고 공정거래위원회의 자료제출 요구에 불응하여 행위금지명령, 대금반환 및 지연배상금 지급명령과 과태료 600만 원 부과됨",600만 원,,,https://www.law.go.kr/DRF/lawService.do?OC=jshssysh&target=ftc&ID=19141&type=HTML,시정명령
의결서,19055,전국화물자동차운송주선사업연합회의 사업자단체금지행위에 대한 건,2025서총0204,2026.3.2.,공정거래위원회,,전국화물자동차운송주선사업연합회가 중개수수료 상한 요율을 설정하고 약관 변경 대리 신고를 추진한 행위에 대한 사건임,60만 원,,,https://www.law.go.kr/DRF/lawService.do?OC=jshssysh&target=ftc&ID=19055&type=HTML,
의결서,19125,브렝땅의 부당한 광고행위에 대한 건,2025서소0882,2026.3.2.,공정거래위원회,,브렝땅이 인터넷 카페에서 경제적 이해관계를 숨기고 자사 제품을 추천·보증하는 게시물과 댓글을 작성하여 기만적인 광고행위를 함,,,,https://www.law.go.kr/DRF/lawService.do?OC=jshssysh&target=ftc&ID=19125&type=HTML,
의결서,19049,㈜엘지헬로비전의 불공정거래행위에 대한 건,2025서총1372,2026.3.2.,공정거래위원회,,엘지헬로비전이 대리점과 계약해지 사유와 무관하게 6개월 이내 해지 시 모집수수료를 부당하게 환수한 행위에 대해 공정거래법상 거래상 지위 남용(불이익제공) 위법성 판단이 이루어짐,,,,https://www.law.go.kr/DRF/lawService.do?OC=jshssysh&target=ftc&ID=19049&type=HTML,
의결서,19167,신전푸드시스의 가맹사업법 위반행위에 대한 건,2023가조2078,2026.3.18.,공정거래위원회,,"신전푸드시스가 젓가락 등 15종의 공산품을 자신 또는 지역가맹본부로부터 구매할 것을 강제하고, 개별 구매하는 가맹점에 내용증명을 발송하여 거래상대방을 구속한 행위에 대한 건임",,,,https://www.law.go.kr/DRF/lawService.do?OC=jshssysh&target=ftc&ID=19167&type=HTML,
의결서,19077,㈜성우하이텍의 불공정하도급거래행위에 대한 건,2023하조1400,2026.3.18.,공정거래위원회,,"㈜성우하이텍이 수급사업자에게 금형 제조를 위탁하면서 법정 기재사항이 누락된 서면을 발급하고, 설계실적일이 경과한 후에 서면을 지연 발급하여 하도급법을 위반함",,,,https://www.law.go.kr/DRF/lawService.do?OC=jshssysh&target=ftc&ID=19077&type=HTML,
의결서,19215,광주광역시 소재 136개 중ㆍ고등학교 발주 교복구매 입찰 관련 27개 사업자의 부당한 공동행위에 대한 건,2023광사0204,2026.3.17.,공정거래위원회,,광주광역시 소재 136개 중·고등학교 발주 교복구매 입찰과 관련하여 27개 사업자의 부당한 공동행위가 있었음.,,,,https://www.law.go.kr/DRF/lawService.do?OC=jshssysh&target=ftc&ID=19215&type=HTML,
의결서,19189,㈜이마트 브랜드육 돼지고기 납품 관련 5개 사업자의 부당한 공동행위에 대한 건,2025제카1822,2026.3.17.,공정거래위원회,,"도드람푸드, 보담, 선진, 팜스토리 등 5개 사업자가 이마트 브랜드육 납품 가격 등을 부당하게 담합하여 견적서를 교환하고 실행함",,,,https://www.law.go.kr/DRF/lawService.do?OC=jshssysh&target=ftc&ID=19189&type=HTML,고발
의결서,19169,(주)오리콤의 불공정하도급거래행위에 대한 건,2025신하0945,2026.3.12.,공정거래위원회,,(주)오리콤이 8개 수급사업자에게 영상광고 제작 용역을 위탁하면서 용역수행행위 시작 전까지 서면을 발급하지 아니하여 서면발급의무를 위반함,,,,https://www.law.go.kr/DRF/lawService.do?OC=jshssysh&target=ftc&ID=19169&type=HTML,
의결서,19149,한세모빌리티㈜의 불공정하도급거래행위에 대한 건,2024기조0481,2026.3.11.,공정거래위원회,,한세모빌리티㈜가 수급사업자에게 기술자료를 요구하면서 법정 서면을 사전에 교부하지 아니하여 하도급법 위반함,,,,https://www.law.go.kr/DRF/lawService.do?OC=jshssysh&target=ftc&ID=19149&type=HTML,
의결서,19017,방○○[공시대상기업집단 「하이브」의 동일인]의 지정자료 허위제출행위에 대한 건,2025집단1541,2026.3.10.,공정거래위원회,,방○○(하이브 동일인)이 2024년 지정자료 제출 시 사외이사가 지배하는 소속회사 ㈜○○○○○○를 누락하여 공정거래위원회로부터 경고 조치를 받음,,,,https://www.law.go.kr/DRF/lawService.do?OC=jshssysh&target=ftc&ID=19017&type=HTML,경고
의결서,19089,파인건설㈜의 불공정하도급거래행위에 대한 건,2025전사1320,2026.3.10.,공정거래위원회,,원사업자가 하도급대금 및 지연이자를 미지급함에 따라 향후 재발방지명령 및 지급명령 부과됨,,,,https://www.law.go.kr/DRF/lawService.do?OC=jshssysh&target=ftc&ID=19089&type=HTML,시정명령
의결서,19139,㈜선우의 불공정하도급거래행위에 대한 건,2025부사0700,2026.3.10.,공정거래위원회,,피심인이 수급사업자에게 플랜트 설비 전기·계장공사를 위탁하면서 필수기재사항 및 서명·기명날인이 누락된 서면을 발급하여 하도급법을 위반함,,,,https://www.law.go.kr/DRF/lawService.do?OC=jshssysh&target=ftc&ID=19139&type=HTML,
의결서,18917,서진산업㈜의 불공정하도급거래행위에 대한 건,2025하조1311,2026.2.9.,공정거래위원회,,서진산업㈜이 중소기업자에게 금형제조를 위탁하면서 발생한 불공정하도급거래행위에 대한 건임,,,,https://www.law.go.kr/DRF/lawService.do?OC=jshssysh&target=ftc&ID=18917&type=HTML,
의결서,19023,양주한국병원장례문화원㈜의 부당한 고객유인행위에 대한 건,2025서경0477,2026.2.9.,공정거래위원회,,양주한국병원장례문화원㈜이 상조업체 소속 장례지도사들에게 리베이트를 제공하여 부당하게 고객을 유인한 행위에 해당함,,,,https://www.law.go.kr/DRF/lawService.do?OC=jshssysh&target=ftc&ID=19023&type=HTML,
의결서,19129,㈜핫시즈너의 가맹사업법 위반행위에 대한 건,2025가조1490,2026.2.4.,공정거래위원회,,"㈜핫시즈너가 가맹점사업자에게 POS, 키오스크, DID 등 전자기기를 특정 거래상대방을 통해 구입하도록 강제한 행위에 대해 공정거래위원회가 위법성을 판단함",,,,https://www.law.go.kr/DRF/lawService.do?OC=jshssysh&target=ftc&ID=19129&type=HTML,
의결서,19127,경남개인택시운송사업조합 거제시지부의 사업자단체금지행위에 대한 건,2025부사1382,2026.2.28.,공정거래위원회,,경남개인택시운송사업조합 거제시지부가 구성사업자들의 개인택시운송사업 면허 양·수도 절차와 가격을 제한한 행위가 사업자단체금지행위에 해당하여 공정거래위원회로부터 조치를 받음.,,,,https://www.law.go.kr/DRF/lawService.do?OC=jshssysh&target=ftc&ID=19127&type=HTML,
의결서,18971,정○○(상호출자제한기업집단 「에이치디씨」의 동일인)의 지정자료 허위제출행위에 대한 건,2024집단1690,2026.2.27.,공정거래위원회,,에이치디씨 동일인 정○○가 2021년부터 2024년까지 지정자료 제출 시 친족 회사 등 20개사를 누락하여 허위 제출함.,,,,https://www.law.go.kr/DRF/lawService.do?OC=jshssysh&target=ftc&ID=18971&type=HTML,고발
의결서,19095,엔브이에이치코리아㈜의 불공정하도급거래행위에 대한 건,2023하조1401,2026.2.27.,공정거래위원회,,엔브이에이치코리아㈜가 수급사업자들에게 금형 제조를 위탁하면서 서면을 미발급하거나 지연 및 불완전 발급한 행위에 대해 하도급법 위반으로 심의됨,,,,https://www.law.go.kr/DRF/lawService.do?OC=jshssysh&target=ftc&ID=19095&type=HTML,
의결서,19051,㈜빛채 및 ㈜약손명가의 가맹사업법 위반행위에 대한 건,2023서가1265,2026.2.27.,공정거래위원회,,가맹본부가 예치가맹금을 예치기관에 예치하지 않고 직접 수령한 행위 등에 대하여 가맹사업법 위반으로 심사 진행 중임,,,,https://www.law.go.kr/DRF/lawService.do?OC=jshssysh&target=ftc&ID=19051&type=HTML,
의결서,18985,㈜미래상조119의 할부거래법 위반행위에 대한 건,2024약특2484,2026.2.27.,공정거래위원회,,선수금 관련 거짓자료 제출 및 법정 선수금 보전비율 미준수 행위로 피심인 회사 및 전·현직 대표이사가 고발됨,,,,https://www.law.go.kr/DRF/lawService.do?OC=jshssysh&target=ftc&ID=18985&type=HTML,고발
의결서,19059,서울교통공사의 거래상지위남용행위에 대한 건,2025서총0206,2026.2.26.,공정거래위원회,,서울교통공사가 광고대행계약 체결 시 신규 광고물 개발 등에 대해 이의를 제기할 수 없도록 불리한 거래조건을 설정한 행위에 대해 행위중지 및 재발방지명령이 부과됨,,,,https://www.law.go.kr/DRF/lawService.do?OC=jshssysh&target=ftc&ID=19059&type=HTML,시정명령
의결서,19061,에스케이렌터카 주식회사 및 롯데렌탈 주식회사 등 8개사의 기업결합 제한규정 위반행위에 대한 건,2025국결2233,2026.2.26.,공정거래위원회,,어피니티 에쿼티 파트너스 등이 에스케이렌터카에 이어 롯데렌탈 주식을 취득하여 기업결합제한규정을 위반한 행위에 대해 피심인 적격성 및 시정조치 대상 여부를 검토함,,,,https://www.law.go.kr/DRF/lawService.do?OC=jshssysh&target=ftc&ID=19061&type=HTML,
의결서,19067,㈜바이포엠스튜디오의 부당한 광고행위에 대한 건,2025서소0391,2026.2.25.,공정거래위원회,,㈜바이포엠스튜디오가 영화 관련 SNS 게시물 등을 게재하면서 피심인과의 관련성 및 경제적 이해관계를 은폐·누락하여 부당한 광고행위를 함,,,,https://www.law.go.kr/DRF/lawService.do?OC=jshssysh&target=ftc&ID=19067&type=HTML,
의결서,19159,인지컨트롤스㈜의 불공정하도급거래행위에 대한 건,2023하조1285,2026.2.25.,공정거래위원회,,인지컨트롤스㈜가 수급사업자에게 금형 제조를 위탁하면서 작업 착수 전 법정 기재사항이 누락되거나 양 당사자의 서명·날인이 없는 서면을 발급하거나 지연 발급함.,,,,https://www.law.go.kr/DRF/lawService.do?OC=jshssysh&target=ftc&ID=19159&type=HTML,
의결서,19171,위너콤㈜의 불공정하도급거래행위에 대한 건,2023부사1506,2026.2.25.,공정거래위원회,,원사업자가 수급사업자에게 하도급대금을 부당하게 감액한 행위에 대한 건임,,,,https://www.law.go.kr/DRF/lawService.do?OC=jshssysh&target=ftc&ID=19171&type=HTML,
의결서,18973,한국엔지니어링플라스틱(주)의 거래상지위 남용행위에 대한 건,2023서총1324,2026.2.25.,공정거래위원회,,한국엔지니어링플라스틱이 임가공 위탁업체와 계약 체결 및 종료 후 3년간 경쟁사업자와의 거래를 제한하는 비경쟁조항을 설정한 행위와 관련된 사건임,,,,https://www.law.go.kr/DRF/lawService.do?OC=jshssysh&target=ftc&ID=18973&type=HTML,
의결서,19133,㈜디비아이엔씨의 불공정하도급거래행위에 대한 건,2024신하1989,2026.2.24.,공정거래위원회,,㈜디비아이엔씨가 수급사업자에게 용역을 위탁하면서 작업 착수 전까지 법정 기재사항이 기재된 서면을 발급하지 않은 행위에 대해 행위금지명령 및 과징금 부과됨,"2억 1,100만원",,,https://www.law.go.kr/DRF/lawService.do?OC=jshssysh&target=ftc&ID=19133&type=HTML,"시정명령, 과징금"
의결서,18979,14개 건설사 발주 빌트인 특판가구 구매입찰 관련 22개 사업자의 부당한 공동행위에 대한 건 관련 (주)리버스의 과징금 납부기한 연기 및 분할납부 신청에 대한 건,2026제카0251,2026.2.24.,공정거래위원회,,(주)리버스의 과징금 납부기한 연기 및 분할납부 신청에 대해 요건을 충족하지 않아 기각함,"2억 3,200만원",,,https://www.law.go.kr/DRF/lawService.do?OC=jshssysh&target=ftc&ID=18979&type=HTML,기각
의결서,19013,공시대상기업집단 「하이브」 소속 ㈜수퍼톤의 주식소유현황 신고규정 위반행위에 대한 건,2025집단1469,2026.2.24.,공정거래위원회,,공시대상기업집단 하이브 소속 수퍼톤이 계열회사 케이에이치나인 편입에 따른 주식소유현황 신고를 법정기한 내에 하지 못하여 경고 조치를 받았음,,,,https://www.law.go.kr/DRF/lawService.do?OC=jshssysh&target=ftc&ID=19013&type=HTML,경고
의결서,18981,14개 건설사 발주 빌트인 특판가구 구매입찰 관련 22개 사업자의 부당한 공동행위에 대한 건 관련 (주)스페이스맥스의 과징금 납부기한 연기 및 분할납부 신청에 대한 건,2026제카0253,2026.2.24.,공정거래위원회,,"(주)스페이스맥스가 부당한 공동행위로 부과받은 과징금에 대해 납부기한 연기 및 6회 분할납부를 신청하였고, 요건을 충족하여 인용됨","3,300만원",,,https://www.law.go.kr/DRF/lawService.do?OC=jshssysh&target=ftc&ID=18981&type=HTML,"과징금, 인용"
의결서,18983,14개 건설사 발주 빌트인 특판가구 구매입찰 관련 22개 사업자의 부당한 공동행위에 대한 건 관련 (주)선앤엘인테리어의 과징금 납부기한 연기 및 분할납부 신청에 대한 건,2026제카0249,2026.2.24.,공정거래위원회,,(주)선앤엘인테리어의 과징금 납부기한 연기 및 6회 분할납부 신청이 요건을 충족하여 인용됨,"1억 7,800만원",,,https://www.law.go.kr/DRF/lawService.do?OC=jshssysh&target=ftc&ID=18983&type=HTML,"인용, 과징금"
의결서,19137,㈜맘스터치앤컴퍼니의 가맹사업법 위반행위에 대한 건,2024서가1057,2026.2.23.,공정거래위원회,,맘스터치앤컴퍼니가 등록된 정보공개서를 제공하지 않은 상태에서 가맹희망자들로부터 가맹금을 수령하거나 가맹계약을 체결하여 행위금지명령 및 수명사실의 통지명령이 부과됨,,,,https://www.law.go.kr/DRF/lawService.do?OC=jshssysh&target=ftc&ID=19137&type=HTML,시정명령
의결서,19019,22개 건설사 발주 빌트인 특판가구 구매입찰 관련 35개 사업자의 부당한 공동행위에 대한 건 관련 (주)선앤엘인테리어의 과징금 납부기한 연기 및 분할납부 신청에 대한 건,2026제카0250,2026.2.23.,공정거래위원회,,(주)선앤엘인테리어의 과징금 납부기한 연기 및 6회 분할납부 신청이 요건을 충족하여 인용됨,"6억 6,000만 원",,,https://www.law.go.kr/DRF/lawService.do?OC=jshssysh&target=ftc&ID=19019&type=HTML,"인용, 과징금"
의결서,19021,22개 건설사 발주 빌트인 특판가구 구매입찰 관련 35개 사업자의 부당한 공동행위에 대한 건 관련 (주)리버스의 과징금 납부기한 연기 및 분할납부 신청에 대한 건,2026제카0252,2026.2.23.,공정거래위원회,,(주)리버스가 청구한 과징금 납부기한 연기 및 분할납부 신청이 실체적 요건을 충족하지 않아 기각됨,"2억 2,800만원",,,https://www.law.go.kr/DRF/lawService.do?OC=jshssysh&target=ftc&ID=19021&type=HTML,기각
의결서,19175,㈜효성 및 효성중공업(주)의 불공정하도급거래행위에 대한 건 관련 동의의결에 대한 건,2025기조2124,2026.2.20.,공정거래위원회,,"㈜효성 및 효성중공업(주)의 기술자료 요구 시 서면 미교부, 비밀유지계약 체결의무 위반, 부당특약 설정, 기술자료 유용 등 불공정하도급거래행위에 대하여 동의의결 절차가 개시되어 진행됨",,,,https://www.law.go.kr/DRF/lawService.do?OC=jshssysh&target=ftc&ID=19175&type=HTML,인용
의결서,19131,한온시스템㈜의 불공정하도급거래행위에 대한 건,2023하조1228,2026.2.20.,공정거래위원회,,한온시스템㈜의 불공정하도급거래행위(금형 제조 위탁 관련)에 대한 기초사실 및 거래 구조를 다룸,,,,https://www.law.go.kr/DRF/lawService.do?OC=jshssysh&target=ftc&ID=19131&type=HTML,
의결서,19029,성○○(공시대상기업집단 「영원」의 동일인)의 지정자료 허위제출행위에 대한 건,2024집단1212,2026.2.2.,공정거래위원회,,공시대상기업집단 영원의 동일인 성○○이 2021년~2023년 지정자료 제출 시 총 82개의 계열회사를 누락하여 허위 제출함.,,,,https://www.law.go.kr/DRF/lawService.do?OC=jshssysh&target=ftc&ID=19029&type=HTML,"경고, 고발"
의결서,19057,4개 시중은행의 부당한 공동행위에 대한 건,2023카총0733,2026.2.13.,공정거래위원회,,"국민은행 등 4개 시중은행의 부당한 공동행위와 관련된 기초사실 및 일반현황, 시장점유율, 담보대출 현황 등을 다룸",,,,https://www.law.go.kr/DRF/lawService.do?OC=jshssysh&target=ftc&ID=19057&type=HTML,
의결서,19115,㈜쎄믹스의 불공정하도급거래행위에 대한 건,2023기조2016,2026.2.13.,공정거래위원회,,㈜쎄믹스의 불공정하도급거래행위에 대한 건으로 기초사실 및 산업 현황을 다룸,,,,https://www.law.go.kr/DRF/lawService.do?OC=jshssysh&target=ftc&ID=19115&type=HTML,
의결서,19031,성기학(공시대상기업집단 「영원」의 동일인)의 지정자료 허위제출행위에 대한 건,2024집단1212,2026.2.11.,공정거래위원회,,공시대상기업집단 '영원'의 동일인 성기학이 지정자료 제출 시 친족 및 임원 지배회사 5개사를 누락하여 허위 제출함에 따라 경고 조치됨.,,,,https://www.law.go.kr/DRF/lawService.do?OC=jshssysh&target=ftc&ID=19031&type=HTML,경고
의결서,19027,엘에스 기업집단 계열회사의 부당한 지원행위에 대한 건 관련 과징금 재산정 및 부과의 건,2024내부1470,2026.2.11.,공정거래위원회,,"엘에스 기업집단 계열회사 간 국산 및 수입 전기동 거래에서 부당한 지원행위가 인정되어 공정거래위원회로부터 시정명령 및 과징금 납부명령이 부과되었으나, 이후 법원에서 국산 전기동 거래 지원행위 관련 과징금이 취소됨","25,961백만 원",,,https://www.law.go.kr/DRF/lawService.do?OC=jshssysh&target=ftc&ID=19027&type=HTML,"시정명령, 과징금, 인용"
의결서,19011,상호출자제한기업집단 「지에스」 소속 자이에스앤디(주)의 주식소유현황 등 신고 규정 위반행위에 대한 건,2025집단1486,2026.2.11.,공정거래위원회,,자이에스앤디(주)가 스마트부산 주식 취득에 따른 계열편입 신고를 법정 기한을 도과하여 지연 신고함에 따라 경고 조치함,,,,https://www.law.go.kr/DRF/lawService.do?OC=jshssysh&target=ftc&ID=19011&type=HTML,경고
의결서,19229,허창수(상호출자제한기업집단 지에스의 동일인)의 지정자료 허위제출 행위에 대한 건,2025집단1485,2026.2.10.,공정거래위원회,,허창수가 기업집단 지에스의 2021년~2023년 지정자료 제출 시 일부 계열회사를 누락하여 허위 제출함에 따라 경고 조치됨,,,,https://www.law.go.kr/DRF/lawService.do?OC=jshssysh&target=ftc&ID=19229&type=HTML,경고
의결서,19143,㈜웹젠의 전자상거래소비자보호법 위반행위에 대한 건,2024서소2100,2026.2.10.,공정거래위원회,,㈜웹젠이 게임 '어둠의 실력자가 되고 싶어서!'의 서비스 종료를 내부적으로 확정했음에도 이를 숨긴 채 신규 캐릭터를 출시하여 소비자에 판매함.,,,,https://www.law.go.kr/DRF/lawService.do?OC=jshssysh&target=ftc&ID=19143&type=HTML,
의결서,19041,애플망고의 가맹사업법 위반행위에 대한 건,"2024광사0488, 1790",2026.2.10.,공정거래위원회,,"피심인이 가맹금 예치의무 위반, 정보공개서 제공의무 위반, 가맹금 반환의무 위반 등 가맹사업법을 위반함",,,,https://www.law.go.kr/DRF/lawService.do?OC=jshssysh&target=ftc&ID=19041&type=HTML,
의결서,19065,홈플러스(주)의 대규모유통업법 위반행위에 대한 건,2024유대1559,2026.2.10.,공정거래위원회,,홈플러스(주)가 42개 납품업자와 상품거래 기본계약을 체결하면서 계약서면을 즉시 교부하지 아니함,,,,https://www.law.go.kr/DRF/lawService.do?OC=jshssysh&target=ftc&ID=19065&type=HTML,
의결서,19009,동성제약㈜의 부당한 고객유인행위에 대한 건,2023전사1972,2026.1.8.,공정거래위원회,,동성제약㈜이 자사 의약품의 채택 및 처방 유지·증대를 목적으로 병·의원 소속 의료인에게 경제적 이익을 제공한 부당한 고객유인행위임,,,,https://www.law.go.kr/DRF/lawService.do?OC=jshssysh&target=ftc&ID=19009&type=HTML,
의결서,19025,광양지역 7개 레미콘 제조ㆍ판매사업자의 부당한 공동행위에 대한 건,2023광사1374,2026.1.8.,공정거래위원회,,광양지역 7개 레미콘 제조·판매사업자가 레미콘 판매가격 등을 담합한 부당한 공동행위를 함.,,,,https://www.law.go.kr/DRF/lawService.do?OC=jshssysh&target=ftc&ID=19025&type=HTML,
의결서,18989,더에스티 주식회사(더제주컴퍼니)의 자료미제출행위에 대한 건,2025광사1183,2026.1.30.,공정거래위원회,,피심인의 공정거래위원회 자료제출 요구 불응행위에 대하여 과태료가 부과됨,"2,500만 원",,,https://www.law.go.kr/DRF/lawService.do?OC=jshssysh&target=ftc&ID=18989&type=HTML,
의결서,19053,비알코리아㈜의 가맹사업법 위반행위에 대한 건,2023전사1479,2026.1.30.,공정거래위원회,,비알코리아㈜가 가맹점사업자가 비용을 부담하는 판촉행사를 실시하면서 법정 동의율(70%)을 충족하지 못했거나 임의로 조작하여 동의를 받은 후 행사를 실시함.,,,,https://www.law.go.kr/DRF/lawService.do?OC=jshssysh&target=ftc&ID=19053&type=HTML,
의결서,18909,고양시 발주 생활폐기물 수집ㆍ운반 대행용역 입찰 관련 10개 사업자의 부당한 공동행위에 대한 건,2024입담0219,2026.1.29.,공정거래위원회,,고양시가 발주한 생활폐기물 수집ㆍ운반 대행용역 입찰과 관련하여 10개 사업자가 부당한 공동행위를 한 건임,,,,https://www.law.go.kr/DRF/lawService.do?OC=jshssysh&target=ftc&ID=18909&type=HTML,
의결서,18977,김□□(상호출자제한기업집단 「DB」의 동일인)의 지정자료 허위제출행위에 대한 건,"2023집단1693, 2024집단1301",2026.1.26.,공정거래위원회,,기업집단 DB의 동일인 김□□가 지정자료 허위제출행위를 한 건임,,,,https://www.law.go.kr/DRF/lawService.do?OC=jshssysh&target=ftc&ID=18977&type=HTML,
의결서,19117,㈜에이티익스프레스의 가맹사업법 위반행위에 대한 건,2024가조2476,2026.1.26.,공정거래위원회,,가맹점사업자피해보상보험계약 등을 체결하지 않은 상태에서 예치가맹금을 예치기관에 예치하도록 하지 않고 직접 수령함,,,,https://www.law.go.kr/DRF/lawService.do?OC=jshssysh&target=ftc&ID=19117&type=HTML,
의결서,18975,김□□(상호출자제한기업집단 「DB」의 동일인)의 지정자료 허위제출행위에 대한 건,"2023집단1693, 2024집단1301",2026.1.26.,공정거래위원회,,기업집단 DB의 동일인 김모씨가 상호출자제한기업집단 지정자료를 제출하면서 혈족 4촌을 친족현황에서 누락한 행위에 대하여 인식가능성과 중대성이 경미하여 경고 조치함.,,,,https://www.law.go.kr/DRF/lawService.do?OC=jshssysh&target=ftc&ID=18975&type=HTML,경고
의결서,18995,던롭스포츠코리아 주식회사의 부당한 광고행위에 대한 건,2023서소1516,2026.1.23.,공정거래위원회,,던롭스포츠코리아 주식회사가 '스릭슨' 골프공에 대해 객관적 근거가 부족하거나 사실과 다른 'KPGA 투어 볼 사용률 1위' 등의 부당 광고행위를 함.,,,,https://www.law.go.kr/DRF/lawService.do?OC=jshssysh&target=ftc&ID=18995&type=HTML,
의결서,18943,수정한양아파트 외부균열 보수 및 재도장 공사 외 옥상 박공지붕 복합방수 공사 입찰 관련 ㈜주원디엔피 및 이루미건설(주)의 부당한 공동행위에 대한 건,2023입담2097,2026.1.23.,공정거래위원회,,㈜주원디엔피 및 이루미건설(주)의 아파트 유지보수공사 입찰 관련 부당한 공동행위에 대한 건임,,,,https://www.law.go.kr/DRF/lawService.do?OC=jshssysh&target=ftc&ID=18943&type=HTML,
의결서,19007,국제약품(주)의 부당한 고객유인행위에 대한 건,2025지감0337,2026.1.21.,공정거래위원회,,국제약품(주)가 병원에 자사 의약품 처방 촉진 및 거래 유지를 위해 부당한 고객유인행위를 함,,,,https://www.law.go.kr/DRF/lawService.do?OC=jshssysh&target=ftc&ID=19007&type=HTML,
의결서,18905,㈜홈앤쇼핑의 대규모유통업법 위반행위에 대한 건 관련 과징금 재산정 및 부과의 건,2025유대1196,2026.1.2.,공정거래위원회,,판매촉진비용 분담비율 위반 및 미약정 납품업자 종업원 사용 등에 대해 과징금 재산정 및 부과함,"2억 3,600만 원",,,https://www.law.go.kr/DRF/lawService.do?OC=jshssysh&target=ftc&ID=18905&type=HTML,"시정명령, 과징금"
의결서,18923,㈜케이티의 전자상거래소비자보호법 위반행위에 대한 건,2025서소0731,2026.1.16.,공정거래위원회,,KT가 갤럭시 S25 사전예약 당시 한정 수량을 숨긴 채 판매조건으로 광고한 후 예상을 초과한 주문을 임의로 취소하여 거짓·과장 및 기만적 소비자 유인행위를 함,,,,https://www.law.go.kr/DRF/lawService.do?OC=jshssysh&target=ftc&ID=18923&type=HTML,
의결서,18903,창비건설㈜의 불공정하도급거래행위에 대한 건,2025신하2307,2026.1.15.,공정거래위원회,,발주자의 도급계약 해지 및 하도급 불승인에 따라 원사업자가 수급사업자와의 하도급계약을 해지함,,,,https://www.law.go.kr/DRF/lawService.do?OC=jshssysh&target=ftc&ID=18903&type=HTML,
의결서,19205,㈜이랜드월드의 부당한 표시ㆍ광고 행위에 대한 건,2025전자1109,2026.1.14.,공정거래위원회,,㈜이랜드월드가 구스다운 점퍼 판매 시 충전재 함량을 허위 광고하여 매출 및 환불 조치가 이루어짐,,,,https://www.law.go.kr/DRF/lawService.do?OC=jshssysh&target=ftc&ID=19205&type=HTML,
의결서,19203,㈜티클라우드의 부당한 광고행위에 대한 건,2025전자1100,2026.1.14.,공정거래위원회,,㈜티클라우드가 무신사 몰에서 패딩 상품의 충전재 혼합률을 거짓·과장 광고한 행위에 대하여 심의가 진행 중임,,,,https://www.law.go.kr/DRF/lawService.do?OC=jshssysh&target=ftc&ID=19203&type=HTML,
의결서,18997,16개 건설사 발주 시스템 가구 입찰 관련 17개 사업자의 부당한 공동행위에 대한 건 관련 ㈜스페이스맥스의 과징금 납부기한 연장 및 분할납부 신청에 대한 건,2025서카2520,2026.1.12.,공정거래위원회,,㈜스페이스맥스가 과징금 일시 납부에 따른 자금 사정의 어려움을 이유로 신청한 과징금 납부기한 연장 및 분할납부 신청이 요건을 충족하여 허용됨,,,,https://www.law.go.kr/DRF/lawService.do?OC=jshssysh&target=ftc&ID=18997&type=HTML,"과징금, 인용"
판례,622249,농수산물의원산지표시등에관한법률위반·식품등의표시·광고에관한법률위반·식품위생법위반·수입식품안전관리특별법위반[「수입식품안전관리 특별법」상 벌칙 규정의 적용 대상 및 양벌규정의 적용 여부 등이 문제 된 사건],2024도7082,2026.05.29,대법원,형사,"수입식품안전관리 특별법상 벌칙 규정의 적용 대상 및 양벌규정의 적용 여부가 문제 된 사건으로, 상고가 모두 기각됨",,,원심판결】 인천지법 2024. 4. 26. 선고 2023노5007,https://www.law.go.kr/DRF/lawService.do?OC=jshssysh&target=prec&ID=622249&type=HTML,기각
판례,622901,채무존재확인,2024가합101778,2026.05.08,서울중앙지방법원,민사,"원고 회사가 전기통신금융사기 피해자들이 입금한 금원이 전자화폐 거래대금이라고 주장하며 피고들을 상대로 채무부존재확인을 구한 사안에서, 피고 5에 대한 청구는 인용하고 나머지 피고들에 대한 청구는 기각함",,,,https://www.law.go.kr/DRF/lawService.do?OC=jshssysh&target=prec&ID=622901&type=HTML,"인용, 기각"
판례,620413,법인세부과처분등취소[보험회사 등이 보험업법 제83조 제1항에서 정한 자가 아닌 자 또는 다른 보험회사 등에 소속된 보험설계사로 하여금 보험 모집을 하게 하고 그에 대한 대가로 지급한 수수료 등이 손금 산입 대상에 해당하는지 여부가 문제 된 사건],2025두36013,2026.04.30,대법원,세무,"보험회사 등이 보험업법 제83조 제1항에서 정한 자가 아닌 자 등에게 보험 모집을 하게 하고 지급한 수수료 등이 법인세법상 손금 산입 대상에 해당하는지 여부가 문제 된 사건에서, 사회질서 위반 비용으로 보아 손금에 산입할 수 없다고 판단하여 상고 기각함.",,,원심판결】 서울고법 2025. 11. 14. 선고 2025누5130,https://www.law.go.kr/DRF/lawService.do?OC=jshssysh&target=prec&ID=620413&type=HTML,기각
판례,620411,매매잔금등청구의소[지역주택조합이 조합규약 및 가입계약에서 정한 조합원 자격을 상실한 조합원을 상대로 위약금을 구한 사건],2025다213488,2026.04.30,대법원,민사,"지역주택조합이 조합원 자격을 상실한 조합원을 상대로 위약금을 구한 사안에서, 위약금 산정 기준인 '조합원분담금 총약정금'의 의미 및 조합원의 귀책사유 판단에 관한 법리오해의 잘못이 인정되어 파기환송됨",,,원심판결】 대전고법 2025. 5. 14. 선고 2024나14761,https://www.law.go.kr/DRF/lawService.do?OC=jshssysh&target=prec&ID=620411&type=HTML,"파기환송,기각"
판례,622101,공직선거법위반,2025고합1504,2026.04.29,서울중앙지방법원,형사,유세현장 인근에서 후보자 반대 내용의 인쇄물을 들고 있던 행위가 공직선거법상 허용되는 소형 소품을 지니고 하는 선거운동에 해당하여 범죄의 증명이 없으므로 무죄가 선고됨.,,무죄,,https://www.law.go.kr/DRF/lawService.do?OC=jshssysh&target=prec&ID=622101&type=HTML,
판례,619423,결혼중개업의관리에관한법률위반[결혼중개업법상 벌칙 규정의 적용 대상 및 양벌규정의 적용 여부 등이 문제 된 사건],2025도12357,2026.04.16,대법원,형사,결혼중개업법 위반 사건에서 법인 사업주인 결혼중개업자의 의미 및 양벌규정 적용 대상에 관한 법리가 문제되어 원심판결이 파기환송됨,,,원심판결】 의정부지법 2025. 7. 10. 선고 2024노2093,https://www.law.go.kr/DRF/lawService.do?OC=jshssysh&target=prec&ID=619423&type=HTML,
판례,619471,자재임대료등[건설산업기본법 제35조 제2항 제3호에 따른 직접지급의무의 범위가 문제 된 사건],2025다220034,2026.04.16,대법원,민사,"건설산업기본법에 따른 하도급대금 직접지급의무 범위가 문제 된 사건으로, 발주자가 원수급인에게 이미 기성공사대금을 지급하면서 그 공사대금에 포함되어 지급을 완료한 하수급인의 채권액은 직접지급의무 범위에서 공제되어야 함.",,,원심판결】 수원고법 2025. 10. 23. 선고 2025나10061,https://www.law.go.kr/DRF/lawService.do?OC=jshssysh&target=prec&ID=619471&type=HTML,
판례,620459,수임료반환소송,2025가소313128,2026.04.08,서울중앙지방법원,민사,"암호화폐 투자사기 고소 대리 위임계약 해지에 따라, 착수금 반환을 배제하는 약관조항은 무효이며 피고는 기수행 업무에 상당하는 부분을 제외한 수임료를 반환할 의무가 있다고 인정하여 원고의 청구를 일부 인용함",,,,https://www.law.go.kr/DRF/lawService.do?OC=jshssysh&target=prec&ID=620459&type=HTML,"인용, 기각"
판례,623083,성매매알선등행위의처벌에관한법률위반(성매매알선등),2022도2402,2026.04.02,대법원,형사,체포영장 발부는 적법했으나 자진출석 약속을 지켜 출석한 피고인을 체포한 집행은 위법성이 문제됨. 상고 기각됨.,,"징역 1년, 집행유예 3년",원심판결】 의정부지법 2022. 1. 27. 선고 2021노1796,https://www.law.go.kr/DRF/lawService.do?OC=jshssysh&target=prec&ID=623083&type=HTML,기각
판례,618695,"보험금[상해보험계약의 약관에서 ‘피보험자가 보험기간 중 교통재해로 인하여 사망하였을 때’ 교통재해 사망보험금을 지급하기로 정하였는데, 피보험자가 보험기간 중 교통사고를 당한 후 보험기간 종료 후에 비로소 사망한 사건]",2025다211789,2026.04.02,대법원,민사,"보험기간 중 교통사고를 당해 보험기간 종료 후 사망한 경우 교통재해 사망보험금 지급사유에 해당하는지 여부가 쟁점이며, 작성자 불이익의 원칙에 따라 보험기간 중 교통재해가 발생하였을 것만을 요구한다고 해석하여 원심판결을 파기하고 환송함.",,,원심판결】 서울중앙지법 2025. 4. 16. 선고 2024나65647,https://www.law.go.kr/DRF/lawService.do?OC=jshssysh&target=prec&ID=618695&type=HTML,인용
판례,618669,의결권행사허용가처분[상법 제369조 제3항에 따른 상호주 의결권 제한이 문제 된 사건],2025마6793,2026.04.02,대법원,민사,"상법 제369조 제3항에 따른 상호주 의결권 제한 규정이 외국회사인 자회사를 둔 경우에도 적용되는지가 문제 된 사건에서, 재항고를 기각함.",,,,https://www.law.go.kr/DRF/lawService.do?OC=jshssysh&target=prec&ID=618669&type=HTML,기각
판례,618507,손해배상(기)[시각장애인들이 웹사이트에 대한 대체 텍스트의 제공 및 손해배상을 구하는 사건],2023다255130,2026.03.12,대법원,민사,"시각장애인들이 웹사이트 내 대체 텍스트 미제공 등을 이유로 손해배상 및 적극적 조치를 구한 사건에서, 법원은 정보접근에서의 간접차별 및 정보통신에서의 정당한 편의제공 의무 위반을 인정하여 대체 텍스트 제공 등 적극적 조치를 명하고 위자료 청구는 기각함",,,원심판결】 서울고법 2023. 6. 8. 선고 2021나2013286,https://www.law.go.kr/DRF/lawService.do?OC=jshssysh&target=prec&ID=618507&type=HTML,"인용, 기각"
판례,618509,요양급여비용환수결정취소[구 국민건강보험법 제57조 제2항에서 정한 징수금의 의미 및 범위가 문제 된 사건],2024두52519,2026.03.12,대법원,일반행정,구 국민건강보험법 제57조 제2항에 따른 실질적 개설자의 부당이득징수금 범위 및 재량권 일탈·남용 여부가 문제 된 사건에서 상고 기각됨,"13억 8,378만 5,320원",10년 이하의 징역이나 1억 원 이하의 벌금,원심판결】 광주고법 2024. 7. 25. 선고 2023누12766,https://www.law.go.kr/DRF/lawService.do?OC=jshssysh&target=prec&ID=618509&type=HTML,기각
판례,618083,건설산업기본법위반·독점규제및공정거래에관한법률위반[건설산업기본법 제95조 제1호 위반죄의 죄수가 문제 된 사건],2025도8286,2026.02.26,대법원,형사,"건설공사 입찰에서 담합한 행위로 기소된 사건에서, 수 개의 입찰별 위반행위가 단일하고 계속된 범의에 따라 이루어지고 피해법익이 동일한 경우 포괄일죄가 성립한다고 판단하여 상고를 모두 기각함","5,000만 원",,원심판결】 서울고법 2025. 5. 15. 선고 2024노1659,https://www.law.go.kr/DRF/lawService.do?OC=jshssysh&target=prec&ID=618083&type=HTML,기각
판례,618165,위약금등청구[수분양자가 시행사 및 분양자의 지위를 승계한 신탁회사를 상대로 공급계약의 해제를 주장하며 계약금 반환 등을 구하는 사건],2023다280945,2026.02.26,대법원,민사,관리형 토지신탁의 수탁자가 부담하는 책임한정특약이 약관법상 설명의무의 대상이 되는 중요한 내용에 해당하므로 피고의 상고를 기각함,,,원심판결】 서울고법 2023. 8. 31. 선고 2022나2048531,https://www.law.go.kr/DRF/lawService.do?OC=jshssysh&target=prec&ID=618165&type=HTML,기각
판례,618133,공사대금[하도급대금 직접지급합의금액 변경과 발주자의 승인 거절 등을 계기로 기존 하도급대금 직접지급합의의 합의해지 여부가 다투어진 사건],2025다215212,2026.02.26,대법원,민사,하도급대금 직접지급합의의 묵시적 합의해지 성립 여부가 다투어진 사건에서 원심판결 중 원고 패소 부분을 파기하고 환송함,,,원심판결】 대구고법 2025. 6. 19. 선고 2024나11642,https://www.law.go.kr/DRF/lawService.do?OC=jshssysh&target=prec&ID=618133&type=HTML,파기환송
판례,616705,법인세부과처분취소[직원 등에 제공한 할인혜택을 접대비로 보아 한도를 초과한 금액을 손금불산입한 사건],2025두34772,2026.02.12,대법원,세무,법인이 직원매장에서 협력업체 직원 등에게 제공한 할인혜택을 접대비로 보아 한도를 초과한 금액을 손금불산입한 법인세 부과처분이 위법하다고 판단함,,,원심판결】 서울고법 2025. 7. 23. 선고 2025누6434,https://www.law.go.kr/DRF/lawService.do?OC=jshssysh&target=prec&ID=616705&type=HTML,기각
판례,618569,부당이득금·손해배상등,2024가합22393,2026.02.12,서울북부지방법원,민사,"가상자산 거래소의 시스템 오류로 과다 적립된 수수료를 외부 계정으로 이체한 피고가 부당이득 반환 의무를 부담하며, 거래소의 출금정지 및 계정이용제한조치는 적법하므로 피고의 반소청구는 기각됨.",,,,https://www.law.go.kr/DRF/lawService.do?OC=jshssysh&target=prec&ID=618569&type=HTML,"기각, 인용"
판례,616707,업무상배임·사전자기록등위작·위작사전자기록등행사[권한 있는 사람이 권한을 남용하여 전자기록에 관한 시스템에 정보를 입력하였는데 입력된 내용이 진실에 부합하는 경우 사전자기록등위작죄에서 말하는 위작의 범위에 해당하는지 여부],2024도9475,2026.02.12,대법원,형사,권한 있는 사람이 권한을 남용해 전자기록 시스템에 입력한 내용이 진실에 부합하는 경우 사전자기록등위작죄에서 말하는 허위의 정보에 해당하지 않음. 원심판결 중 유죄 부분을 모두 파기하고 사건을 환송함.,1천만 원 이하의 벌금,5년 이하의 징역 또는 1천만 원 이하의 벌금,원심판결】 서울남부지법 2024. 5. 28. 선고 2022노2081,https://www.law.go.kr/DRF/lawService.do?OC=jshssysh&target=prec&ID=616707&type=HTML,
판례,616531,시정명령등취소,2024두55259,2026.01.29,대법원,일반행정,부당지원행위 및 부당한 이익제공행위 등에 대하여 시정명령 및 과징금납부명령이 부과됨,,,원심판결】 서울고법 2024. 8. 21. 선고 2022누47652,https://www.law.go.kr/DRF/lawService.do?OC=jshssysh&target=prec&ID=616531&type=HTML,"시정명령, 과징금"
판례,618577,조정대상지역지정처분무효확인등,2025구합56119,2026.01.29,서울행정법원,일반행정,국토교통부장관이 9월 통계를 반영하지 않고 6~8월 통계를 기초로 조정대상지역을 지정한 처분이 재량권 일탈·남용에 해당하지 않는다고 판단하여 원고들의 청구를 모두 기각함,,,,https://www.law.go.kr/DRF/lawService.do?OC=jshssysh&target=prec&ID=618577&type=HTML,기각
판례,616515,부당이득금,2024다292464,2026.01.29,대법원,민사,"유사수신행위로 지급된 영업수당에 대하여 불법원인급여의 반환을 청구한 사안에서, 피고들은 불법원인급여의 법리를 이유로 반환을 거부할 수 없다고 판단함",,,원심판결】 부산고법 2024. 9. 11. 선고 2024나50295,https://www.law.go.kr/DRF/lawService.do?OC=jshssysh&target=prec&ID=616515&type=HTML,
판례,622943,공사대금,2024나78887,2026.01.16,수원지방법원,민사,"한국전력공사가 평택시를 상대로 제기한 공사대금 청구 소송에서, 법원은 원고의 보조참가신청을 각하하고 원고의 청구를 일부 인용함",,,,https://www.law.go.kr/DRF/lawService.do?OC=jshssysh&target=prec&ID=622943&type=HTML,"각하, 인용"
판례,615769,부가가치세및법인세부과처분취소,2023두45507,2026.01.15,대법원,세무,"환급창구운영사업자가 면세판매자 대리하여 부가가치세 환급해 주고 정산받은 용역이 부가가치세 면세 대상인 금전대부업과 유사한 용역에 해당하는지가 문제 된 사건에서, 금전대부업의 필수적 개념요소가 결여되어 금전대부업과 유사한 용역을 공급하였다고 보기 어렵다고 판단함",,,원심판결】 서울고법 2023. 5. 26. 선고 2022누70676,https://www.law.go.kr/DRF/lawService.do?OC=jshssysh&target=prec&ID=615769&type=HTML,인용
판례,615963,부당이득금반환청구의소,2024다294033,2026.01.15,대법원,민사,"가맹본부가 가맹점사업자로부터 수령한 차액가맹금에 대한 부당이득반환청구 소송에서, 상고를 모두 기각하고 소송수계신청 및 보조참가신청을 각하함",,,원심판결】 서울고법 2024. 9. 11. 선고 2022나2024467,https://www.law.go.kr/DRF/lawService.do?OC=jshssysh&target=prec&ID=615963&type=HTML,"기각, 각하"
판례,616019,증거인멸교사·증거인멸,2024도15728,2026.01.15,대법원,형사,"자신의 형사사건(양벌규정상 처벌 대상이 되는 법인의 업무에 관한 행위)과 관련된 증거를 인멸하거나 타인에게 이를 교사한 행위가 증거인멸죄 및 증거인멸교사죄에 해당하는지 여부가 쟁점이 된 사건으로, 원심판결 중 유죄 부분을 파기하고 환송함",,,원심판결】 서울중앙지법 2024. 9. 25. 선고 2023노1677,https://www.law.go.kr/DRF/lawService.do?OC=jshssysh&target=prec&ID=616019&type=HTML,"고발, 기각, 파기환송"
판례,616025,"특정범죄가중처벌등에관한법률위반(조세)(피고인2,3,4에대하여일부인정된죄명:조세범처벌법위반방조)·특정범죄가중처벌등에관한법률위반(허위세금계산서교부등)·특정경제범죄가중처벌등에관한법률위반(횡령)·업무상횡령·업무상배임·조세범처벌법위반",2025도13674,2026.01.08,대법원,형사,"종합소득세 포탈 관련 공소시효 완성 여부 및 허위세금계산서 교부 등 범죄 성립 여부가 쟁점이었음. 원심판결 중 일부 피고인에 대한 부분을 파기하고 대전고등법원에 환송하며, 피고인 회사의 상고를 기각함.",,3년 이상의 유기징역,원심판결】 대전고법 2025. 7. 23. 선고 2019노96,https://www.law.go.kr/DRF/lawService.do?OC=jshssysh&target=prec&ID=616025&type=HTML,"기각, 파기환송"
의결서,18857,6개 아연도금철선등 제조ㆍ판매사업자의 부당한 공동행위에 대한 건,2023서카1216,2025.9.30.,공정거래위원회,,6개 아연도금철선등 제조ㆍ판매사업자의 부당한 공동행위에 대한 기초사실 및 시장구조 등을 다룸,,,,https://www.law.go.kr/DRF/lawService.do?OC=jshssysh&target=ftc&ID=18857&type=HTML,
의결서,18849,넷플릭스서비시스코리아(유)의 전자상거래소비자보호법 위반행위에 대한 건,2024중점0501,2025.9.29.,공정거래위원회,,넷플릭스서비시스코리아(유)의 전자상거래법 위반행위(기만적 해지 방해 및 소비자 유인)에 대해 구체적 적용기준 미비 및 실태 파악의 한계 등을 이유로 공정거래위원회의 판단을 유보함,,,,https://www.law.go.kr/DRF/lawService.do?OC=jshssysh&target=ftc&ID=18849&type=HTML,
의결서,18897,㈜왓챠의 전자상거래소비자보호법 위반행위에 대한 건,2024중점0504,2025.9.29.,공정거래위원회,,"왓챠가 구독경제 서비스에서 일반해지 절차만 안내하여 계약 해지를 방해했다는 혐의에 대해, 위법성 판단이 불가능하거나 판단을 유보할 필요가 있어 심의절차를 종료함",,,,https://www.law.go.kr/DRF/lawService.do?OC=jshssysh&target=ftc&ID=18897&type=HTML,기각
의결서,18891,㈜엔에이치엔벅스의 전자상거래소비자보호법 위반행위에 대한 건,2024중점0503,2025.9.29.,공정거래위원회,,엔에이치엔벅스가 전자상거래법에 따른 청약철회 고의 누락 및 기만적 계약 해지 방해 행위를 함.,,,,https://www.law.go.kr/DRF/lawService.do?OC=jshssysh&target=ftc&ID=18891&type=HTML,
의결서,18895,콘텐츠웨이브(주)의 전자상거래소비자보호법 위반행위에 대한 건,2024중점0500,2025.9.29.,공정거래위원회,,콘텐츠웨이브가 유료 구독형 VOD 상품의 계약 해지 과정에서 중도해지 가능성과 방법 등을 은폐·누락하여 기만적인 방법으로 소비자의 계약 해지를 방해한 행위에 해당함,,,,https://www.law.go.kr/DRF/lawService.do?OC=jshssysh&target=ftc&ID=18895&type=HTML,
의결서,18641,계성건설㈜의 불공정하도급거래행위에 대한 건,2024광사0244,2025.9.29.,공정거래위원회,,"계성건설㈜이 수급사업자에게 건설공사 목적물을 수령하고도 하도급대금 및 지연이자를 미지급하고, 일부 대금은 지연 지급하면서 지연이자를 미지급한 행위에 대해 향후 재발방지명령 부과됨",,,,https://www.law.go.kr/DRF/lawService.do?OC=jshssysh&target=ftc&ID=18641&type=HTML,시정명령
의결서,18853,네이버㈜의 전자상거래소비자보호법 위반행위에 대한 건,2024중점0943,2025.9.29.,공정거래위원회,,네이버의 전자상거래법 위반 혐의에 대해 위법성 판단이 불가능하거나 판단을 유보할 필요가 있어 심의절차를 종료함,,,,https://www.law.go.kr/DRF/lawService.do?OC=jshssysh&target=ftc&ID=18853&type=HTML,
의결서,18851,㈜컬리의 전자상거래소비자보호법 위반행위에 대한 건,2024중점0945,2025.9.29.,공정거래위원회,,㈜컬리의 전자상거래법 위반 혐의에 대해 법 위반 여부 판단 불가능 및 판단 유보 사유로 심의절차를 종료함.,,,,https://www.law.go.kr/DRF/lawService.do?OC=jshssysh&target=ftc&ID=18851&type=HTML,
의결서,18855,스포티파이 에이비의 전자상거래소비자보호법 위반행위에 대한 건,2024중점0505,2025.9.29.,공정거래위원회,,스포티파이 에이비가 사이버몰 운영자의 표시의무 및 상품·거래조건에 관한 정보 제공의무를 위반함,,,,https://www.law.go.kr/DRF/lawService.do?OC=jshssysh&target=ftc&ID=18855&type=HTML,
의결서,18781,쿠팡㈜의 전자상거래소비자보호법 위반행위에 대한 건,2024중점0938,2025.9.29.,공정거래위원회,,"쿠팡의 전자상거래소비자보호법 위반행위에 대한 건으로, 구독경제 서비스(와우 멤버십)의 도입 및 운영 실태 등에 대한 기초사실을 다룸",,,,https://www.law.go.kr/DRF/lawService.do?OC=jshssysh&target=ftc&ID=18781&type=HTML,
의결서,18643,㈜기연종합건설 및 ㈜현강개발의 불공정하도급거래행위에 대한 건,2023서건1123,2025.9.29.,공정거래위원회,,"발주자, 원사업자, 수급사업자 간 하도급대금 직접지급 합의가 있었으나 발주자가 잔여 하도급대금을 지급하지 아니하여 하도급법 위반에 해당함",,,,https://www.law.go.kr/DRF/lawService.do?OC=jshssysh&target=ftc&ID=18643&type=HTML,
의결서,18725,㈜인팩 및 인팩이피엠㈜의 불공정하도급거래행위에 대한 건,2023전사0706,2025.9.26.,공정거래위원회,,㈜인팩 및 인팩이피엠㈜의 불공정하도급거래행위(금형 제조 위탁 및 대금 관련 등)에 대한 건임,,,,https://www.law.go.kr/DRF/lawService.do?OC=jshssysh&target=ftc&ID=18725&type=HTML,
의결서,18747,동원건설산업㈜의 불공정하도급거래행위에 대한 건,2023서건2044,2025.9.24.,공정거래위원회,,원사업자가 실제보다 축소된 허위의 위탁내용 및 대금을 기재한 서면을 발급하고 이면계약을 체결하여 서면 발급 의무를 위반함,,,,https://www.law.go.kr/DRF/lawService.do?OC=jshssysh&target=ftc&ID=18747&type=HTML,
의결서,18939,㈜퍼스트엔터테인먼트의 전자상거래소비자보호법 위반행위에 대한 건,2024광사1408,2025.9.24.,공정거래위원회,,,,,,https://www.law.go.kr/DRF/lawService.do?OC=jshssysh&target=ftc&ID=18939&type=HTML,
의결서,18609,14개 건설사 발주 빌트인 특판가구 입찰 관련 27개 사업자의 부당한 공동행위에 대한 건,"2024제카1104, 2025제카0134, 2025제카0169, 2025제카0170, 2025제카0171, 2025제카0172, 2025제카0173, 2025제카0174, 2025제카0175, 2025제카0176, 2025제카0177, 2025제카0178, 2025제카0180, 2025제카0181, 2025제카0182",2025.9.17.,공정거래위원회,,,,,,https://www.law.go.kr/DRF/lawService.do?OC=jshssysh&target=ftc&ID=18609&type=HTML,
의결서,18783,주식회사 어반패스트의 부당한 광고행위에 대한 건,2023안정0675,2025.9.17.,공정거래위원회,,,,,,https://www.law.go.kr/DRF/lawService.do?OC=jshssysh&target=ftc&ID=18783&type=HTML,
의결서,18751,㈜대웅제약의 자회사 행위제한규정 위반행위에 대한 건,2024집단1372,2025.9.17.,공정거래위원회,,,,,,https://www.law.go.kr/DRF/lawService.do?OC=jshssysh&target=ftc&ID=18751&type=HTML,
의결서,18611,수안종합건설(주)의 시정조치불이행에 대한 건,2025부사0187,2025.9.16.,공정거래위원회,,,,,,https://www.law.go.kr/DRF/lawService.do?OC=jshssysh&target=ftc&ID=18611&type=HTML,
의결서,18683,상호출자제한기업집단 SM 소속 대한해운(주)와 대한해운엘엔지(주)의 채무보증현황 신고규정 위반행위에 대한 건,2025집단0929,2025.9.11.,공정거래위원회,,,,,,https://www.law.go.kr/DRF/lawService.do?OC=jshssysh&target=ftc&ID=18683&type=HTML,
의결서,18697,상호출자제한기업집단 SM 소속 대한해운(주)와 대한해운엘엔지(주)의 채무보증현황 신고규정 위반행위에 대한 건,2025집단0929,2025.9.11.,공정거래위원회,,,,,,https://www.law.go.kr/DRF/lawService.do?OC=jshssysh&target=ftc&ID=18697&type=HTML,
의결서,18675,상호출자제한기업집단 SM 소속 대한해운(주)와 대한해운엘엔지(주)의 채무보증현황 신고규정 위반행위에 대한 건,2025집단0929,2025.9.11.,공정거래위원회,,,,,,https://www.law.go.kr/DRF/lawService.do?OC=jshssysh&target=ftc&ID=18675&type=HTML,
의결서,18709,상호출자제한기업집단 SM 소속 대한해운(주)와 대한해운엘엔지(주)의 채무보증현황 신고규정 위반행위에 대한 건,2025집단0929,2025.9.11.,공정거래위원회,,,,,,https://www.law.go.kr/DRF/lawService.do?OC=jshssysh&target=ftc&ID=18709&type=HTML,
의결서,18707,상호출자제한기업집단 SM 소속 대한해운(주)와 대한해운엘엔지(주)의 채무보증현황 신고규정 위반행위에 대한 건,2025집단0929,2025.9.11.,공정거래위원회,,,,,,https://www.law.go.kr/DRF/lawService.do?OC=jshssysh&target=ftc&ID=18707&type=HTML,
의결서,18689,상호출자제한기업집단 SM 소속 대한해운(주)와 대한해운엘엔지(주)의 채무보증현황 신고규정 위반행위에 대한 건,2025집단0929,2025.9.11.,공정거래위원회,,,,,,https://www.law.go.kr/DRF/lawService.do?OC=jshssysh&target=ftc&ID=18689&type=HTML,
의결서,18671,상호출자제한기업집단 SM 소속 대한해운(주)와 대한해운엘엔지(주)의 채무보증현황 신고규정 위반행위에 대한 건,2025집단0929,2025.9.11.,공정거래위원회,,,,,,https://www.law.go.kr/DRF/lawService.do?OC=jshssysh&target=ftc&ID=18671&type=HTML,
의결서,18705,상호출자제한기업집단 SM 소속 대한해운(주)와 대한해운엘엔지(주)의 채무보증현황 신고규정 위반행위에 대한 건,2025집단0929,2025.9.11.,공정거래위원회,,,,,,https://www.law.go.kr/DRF/lawService.do?OC=jshssysh&target=ftc&ID=18705&type=HTML,
의결서,18669,상호출자제한기업집단 SM 소속 대한해운(주)와 대한해운엘엔지(주)의 채무보증현황 신고규정 위반행위에 대한 건,2025집단0929,2025.9.11.,공정거래위원회,,,,,,https://www.law.go.kr/DRF/lawService.do?OC=jshssysh&target=ftc&ID=18669&type=HTML,
의결서,18721,상호출자제한기업집단 SM 소속 대한해운(주)와 대한해운엘엔지(주)의 채무보증현황 신고규정 위반행위에 대한 건,2025집단0929,2025.9.11.,공정거래위원회,,,,,,https://www.law.go.kr/DRF/lawService.do?OC=jshssysh&target=ftc&ID=18721&type=HTML,
의결서,18673,상호출자제한기업집단 SM 소속 대한해운(주)와 대한해운엘엔지(주)의 채무보증현황 신고규정 위반행위에 대한 건,2025집단0929,2025.9.11.,공정거래위원회,,,,,,https://www.law.go.kr/DRF/lawService.do?OC=jshssysh&target=ftc&ID=18673&type=HTML,
의결서,18693,상호출자제한기업집단 SM 소속 대한해운(주)와 대한해운엘엔지(주)의 채무보증현황 신고규정 위반행위에 대한 건,2025집단0929,2025.9.11.,공정거래위원회,,,,,,https://www.law.go.kr/DRF/lawService.do?OC=jshssysh&target=ftc&ID=18693&type=HTML,
의결서,18695,상호출자제한기업집단 SM 소속 대한해운(주)와 대한해운엘엔지(주)의 채무보증현황 신고규정 위반행위에 대한 건,2025집단0929,2025.9.11.,공정거래위원회,,,,,,https://www.law.go.kr/DRF/lawService.do?OC=jshssysh&target=ftc&ID=18695&type=HTML,
의결서,18681,상호출자제한기업집단 SM 소속 대한해운(주)와 대한해운엘엔지(주)의 채무보증현황 신고규정 위반행위에 대한 건,2025집단0929,2025.9.11.,공정거래위원회,,,,,,https://www.law.go.kr/DRF/lawService.do?OC=jshssysh&target=ftc&ID=18681&type=HTML,
의결서,18703,상호출자제한기업집단 SM 소속 대한해운(주)와 대한해운엘엔지(주)의 채무보증현황 신고규정 위반행위에 대한 건,2025집단0929,2025.9.11.,공정거래위원회,,,,,,https://www.law.go.kr/DRF/lawService.do?OC=jshssysh&target=ftc&ID=18703&type=HTML,
의결서,18687,상호출자제한기업집단 SM 소속 대한해운(주)와 대한해운엘엔지(주)의 채무보증현황 신고규정 위반행위에 대한 건,2025집단0929,2025.9.11.,공정거래위원회,,,,,,https://www.law.go.kr/DRF/lawService.do?OC=jshssysh&target=ftc&ID=18687&type=HTML,
의결서,18699,상호출자제한기업집단 SM 소속 대한해운(주)와 대한해운엘엔지(주)의 채무보증현황 신고규정 위반행위에 대한 건,2025집단0929,2025.9.11.,공정거래위원회,,,,,,https://www.law.go.kr/DRF/lawService.do?OC=jshssysh&target=ftc&ID=18699&type=HTML,
의결서,18715,상호출자제한기업집단 SM 소속 대한해운(주)와 대한해운엘엔지(주)의 채무보증현황 신고규정 위반행위에 대한 건,2025집단0929,2025.9.11.,공정거래위원회,,,,,,https://www.law.go.kr/DRF/lawService.do?OC=jshssysh&target=ftc&ID=18715&type=HTML,
의결서,18667,상호출자제한기업집단 SM 소속 대한해운(주)와 대한해운엘엔지(주)의 채무보증현황 신고규정 위반행위에 대한 건,2025집단0929,2025.9.11.,공정거래위원회,,,,,,https://www.law.go.kr/DRF/lawService.do?OC=jshssysh&target=ftc&ID=18667&type=HTML,
의결서,18679,상호출자제한기업집단 SM 소속 대한해운(주)와 대한해운엘엔지(주)의 채무보증현황 신고규정 위반행위에 대한 건,2025집단0929,2025.9.11.,공정거래위원회,,,,,,https://www.law.go.kr/DRF/lawService.do?OC=jshssysh&target=ftc&ID=18679&type=HTML,
의결서,18685,상호출자제한기업집단 SM 소속 대한해운(주)와 대한해운엘엔지(주)의 채무보증현황 신고규정 위반행위에 대한 건,2025집단0929,2025.9.11.,공정거래위원회,,,,,,https://www.law.go.kr/DRF/lawService.do?OC=jshssysh&target=ftc&ID=18685&type=HTML,
의결서,18711,상호출자제한기업집단 SM 소속 대한해운(주)와 대한해운엘엔지(주)의 채무보증현황 신고규정 위반행위에 대한 건,2025집단0929,2025.9.11.,공정거래위원회,,,,,,https://www.law.go.kr/DRF/lawService.do?OC=jshssysh&target=ftc&ID=18711&type=HTML,
의결서,18677,상호출자제한기업집단 SM 소속 대한해운(주)와 대한해운엘엔지(주)의 채무보증현황 신고규정 위반행위에 대한 건,2025집단0929,2025.9.11.,공정거래위원회,,,,,,https://www.law.go.kr/DRF/lawService.do?OC=jshssysh&target=ftc&ID=18677&type=HTML,
의결서,18713,상호출자제한기업집단 SM 소속 대한해운(주)와 대한해운엘엔지(주)의 채무보증현황 신고규정 위반행위에 대한 건,2025집단0929,2025.9.11.,공정거래위원회,,,,,,https://www.law.go.kr/DRF/lawService.do?OC=jshssysh&target=ftc&ID=18713&type=HTML,
의결서,18789,㈜광교로지스틱스코리아의 불공정하도급거래행위에 대한 건,2023서제2084,2025.9.1.,공정거래위원회,,,,,,https://www.law.go.kr/DRF/lawService.do?OC=jshssysh&target=ftc&ID=18789&type=HTML,
의결서,18733,(주)여기어때컴퍼니의 거래상지위 남용행위에 대한 건,2020제감1387,2025.8.7.,공정거래위원회,,,,,,https://www.law.go.kr/DRF/lawService.do?OC=jshssysh&target=ftc&ID=18733&type=HTML,
의결서,18599,㈜비케이알의 가맹사업법 위반행위에 대한 건,2023가조0957 및 2023가조1792,2025.8.7.,공정거래위원회,,,,,,https://www.law.go.kr/DRF/lawService.do?OC=jshssysh&target=ftc&ID=18599&type=HTML,
의결서,18841,㈜아이톡시의 전자상거래소비자보호법 위반행위에 대한 건,2024서소1116,2025.8.31.,공정거래위원회,,,,,,https://www.law.go.kr/DRF/lawService.do?OC=jshssysh&target=ftc&ID=18841&type=HTML,
의결서,18621,㈜올포레코리아의 방문판매법 위반행위에 대한 건,2024부사0946,2025.8.28.,공정거래위원회,,,,,,https://www.law.go.kr/DRF/lawService.do?OC=jshssysh&target=ftc&ID=18621&type=HTML,
의결서,18657,(주)단디코리아의 가맹사업법 위반행위에 대한 건,2024부사1189,2025.8.28.,공정거래위원회,,,,,,https://www.law.go.kr/DRF/lawService.do?OC=jshssysh&target=ftc&ID=18657&type=HTML,
의결서,18665,경동산업의 부당한 광고행위에 대한 건,2024구사1472,2025.8.28.,공정거래위원회,,,,,,https://www.law.go.kr/DRF/lawService.do?OC=jshssysh&target=ftc&ID=18665&type=HTML,
의결서,18623,코스모스엔터테인먼트(주)의 전자상거래소비자보호법 위반행위에 대한 건,2024서소1217,2025.8.28.,공정거래위원회,,,,,,https://www.law.go.kr/DRF/lawService.do?OC=jshssysh&target=ftc&ID=18623&type=HTML,
의결서,18627,㈜올포레코리아의 방문판매법 위반행위에 대한 건,2024부사0946,2025.8.28.,공정거래위원회,,,,,,https://www.law.go.kr/DRF/lawService.do?OC=jshssysh&target=ftc&ID=18627&type=HTML,
의결서,18741,9개 건설사 발주 빌트인 특판가구 구매입찰 관련 13개 사업자의 부당한 공동행위에 대한 건,"2024입담1861, 2024입담1863, 2024입담1864, 2024입담1866, 2024입담1867, 2024입담1912, 2024입담1913, 2024입담1914, 2024입담1915",2025.8.27.,공정거래위원회,,,,,,https://www.law.go.kr/DRF/lawService.do?OC=jshssysh&target=ftc&ID=18741&type=HTML,
의결서,18845,㈜다이렉트컴즈의 부당한 광고행위에 대한 건,2024서감1572,2025.8.27.,공정거래위원회,,,,,,https://www.law.go.kr/DRF/lawService.do?OC=jshssysh&target=ftc&ID=18845&type=HTML,
의결서,18595,알리바바닷컴 싱가포르 이-커머스 프라이빗 리미티드 등의 전자상거래소비자보호법 위반행위에 대한 건,2024전자0386,2025.8.27.,공정거래위원회,,,,,,https://www.law.go.kr/DRF/lawService.do?OC=jshssysh&target=ftc&ID=18595&type=HTML,
의결서,18961,㈜컴투스홀딩스의 전자상거래소비자보호법 위반행위에 대한 건,2024서소0987,2025.8.27.,공정거래위원회,,,,,,https://www.law.go.kr/DRF/lawService.do?OC=jshssysh&target=ftc&ID=18961&type=HTML,
의결서,18637,㈜반올림피자의 가맹사업법 위반행위에 대한 건,2023가조2033,2025.8.26.,공정거래위원회,,,,,,https://www.law.go.kr/DRF/lawService.do?OC=jshssysh&target=ftc&ID=18637&type=HTML,
의결서,18815,한화오션㈜의 상습법위반사업자 선정 관련 이의신청에 대한 건,2025하조1404,2025.8.25.,공정거래위원회,,,,,,https://www.law.go.kr/DRF/lawService.do?OC=jshssysh&target=ftc&ID=18815&type=HTML,
의결서,18753,한국토지주택공사 등 발주 건설사업관리용역 입찰 관련 24개 사업자의 부당한 공동행위에 대한 건 관련 ㈜종합건축사사무소동일건축의 과징금 납부기한 연장 및 분할납부 신청에 대한 건,2025입담1474,2025.8.21.,공정거래위원회,,,,,,https://www.law.go.kr/DRF/lawService.do?OC=jshssysh&target=ftc&ID=18753&type=HTML,
의결서,18755,한국토지주택공사 등 발주 건설사업관리용역 입찰 관련 24개 사업자의 부당한 공동행위에 대한 건 관련 ㈜행림종합건축사사무소의 과징금 납부기한 연장 및 분할납부 신청에 대한 건,2025입담1476,2025.8.21.,공정거래위원회,,,,,,https://www.law.go.kr/DRF/lawService.do?OC=jshssysh&target=ftc&ID=18755&type=HTML,
의결서,18761,한국토지주택공사 등 발주 건설사업관리용역 입찰 관련 24개 사업자의 부당한 공동행위에 대한 건 관련 ㈜디엠이엔지종합건축사사무소의 과징금 납부기한 연장 및 분할납부 신청에 대한 건,2025입담1475,2025.8.21.,공정거래위원회,,,,,,https://www.law.go.kr/DRF/lawService.do?OC=jshssysh&target=ftc&ID=18761&type=HTML,
의결서,18759,한국토지주택공사 등 발주 건설사업관리용역 입찰 관련 24개 사업자의 부당한 공동행위에 대한 건 관련 ㈜행림종합건축사사무소의 이의신청에 대한 건,2025경심1456,2025.8.21.,공정거래위원회,,,,,,https://www.law.go.kr/DRF/lawService.do?OC=jshssysh&target=ftc&ID=18759&type=HTML,
의결서,18629,기업집단 중흥건설 소속 계열회사들의 부당지원행위 등에 대한 건 관련 이의신청에 대한 건,2025소심1431,2025.8.21.,공정거래위원회,,,,,,https://www.law.go.kr/DRF/lawService.do?OC=jshssysh&target=ftc&ID=18629&type=HTML,
의결서,18757,한국토지주택공사 등 발주 건설사업관리용역 입찰 관련 24개 사업자의 부당한 공동행위에 대한 건 관련 ㈜아이티엠건축사사무소의 이의신청에 대한 건,2025경심1455,2025.8.21.,공정거래위원회,,,,,,https://www.law.go.kr/DRF/lawService.do?OC=jshssysh&target=ftc&ID=18757&type=HTML,
의결서,18625,기업집단 「중흥건설」 소속 계열회사들의 부당지원행위 등에 대한 건 관련 브레인시티프로젝트금융투자㈜의 과징금 납부기한 연기 및 분할납부 신청에 대한 건,2025지원1445,2025.8.20.,공정거래위원회,,,,,,https://www.law.go.kr/DRF/lawService.do?OC=jshssysh&target=ftc&ID=18625&type=HTML,
의결서,18593,기업집단 「CJ」 소속 계열회사들의 부당한 지원행위에 대한 건,2023지원1770,2025.8.20.,공정거래위원회,,,,,,https://www.law.go.kr/DRF/lawService.do?OC=jshssysh&target=ftc&ID=18593&type=HTML,
의결서,18573,신동원(공시대상기업집단 「농심」의 동일인)의 지정자료 허위제출행위에 대한 건,2023집단1394,2025.8.1.,공정거래위원회,,,,,,https://www.law.go.kr/DRF/lawService.do?OC=jshssysh&target=ftc&ID=18573&type=HTML,
의결서,18585,삼성중공업㈜의 불공정하도급거래행위에 대한 건 관련 과징금 일부 직권취소에 대한 건,2025하조0640,2025.7.9.,공정거래위원회,,,,,원심결은 제2018-18호,https://www.law.go.kr/DRF/lawService.do?OC=jshssysh&target=ftc&ID=18585&type=HTML,
의결서,18583,대우조선해양㈜의 불공정하도급거래행위에 대한 건 관련 과징금 일부 직권취소에 대한 건,2025하조0532,2025.7.9.,공정거래위원회,,,,,원심결은 제2018-18호,https://www.law.go.kr/DRF/lawService.do?OC=jshssysh&target=ftc&ID=18583&type=HTML,
의결서,18587,대한 건 관련 과징금 재산정 및 부과의 건,2025하조0657,2025.7.9.,공정거래위원회,,,,,,https://www.law.go.kr/DRF/lawService.do?OC=jshssysh&target=ftc&ID=18587&type=HTML,
의결서,18531,6개 스테인리스 스틸 제조판매사업자의 부당한 공동행위에 대한 건,2022카조2074,2025.7.8.,공정거래위원회,,,,,,https://www.law.go.kr/DRF/lawService.do?OC=jshssysh&target=ftc&ID=18531&type=HTML,
의결서,18589,오션스카이 인터넷 인포메이션 테크놀로지 프라이빗 리미티드 등의 부당한 표시ㆍ광고 행위에 대한 건,2024전자1187,2025.7.31.,공정거래위원회,,,,,,https://www.law.go.kr/DRF/lawService.do?OC=jshssysh&target=ftc&ID=18589&type=HTML,
의결서,18663,지원건설(주)의 불공정하도급거래행위에 대한 건,2023부사2733,2025.7.3.,공정거래위원회,,,,,,https://www.law.go.kr/DRF/lawService.do?OC=jshssysh&target=ftc&ID=18663&type=HTML,
의결서,18519,유강종합건설㈜의 불공정하도급거래행위에 대한 건,2024광사2560,2025.7.3.,공정거래위원회,,,,,,https://www.law.go.kr/DRF/lawService.do?OC=jshssysh&target=ftc&ID=18519&type=HTML,
의결서,18527,아시아나항공㈜의 시정조치 불이행에 대한 건,2025기결0833,2025.7.28.,공정거래위원회,,,,,,https://www.law.go.kr/DRF/lawService.do?OC=jshssysh&target=ftc&ID=18527&type=HTML,
의결서,18561,아시아나항공㈜의 시정조치 불이행에 대한 건,2025기결0833,2025.7.28.,공정거래위원회,,,,,,https://www.law.go.kr/DRF/lawService.do?OC=jshssysh&target=ftc&ID=18561&type=HTML,
의결서,18529,아시아나항공㈜의 시정조치 불이행에 대한 건,2025기결0833,2025.7.28.,공정거래위원회,,,,,,https://www.law.go.kr/DRF/lawService.do?OC=jshssysh&target=ftc&ID=18529&type=HTML,
의결서,18661,(주)계담종합건설의 불공정하도급거래행위에 대한 건,2024부사1038,2025.7.25.,공정거래위원회,,,,,,https://www.law.go.kr/DRF/lawService.do?OC=jshssysh&target=ftc&ID=18661&type=HTML,
의결서,18843,(주)지티비코리아의 방문판매법 위반행위에 대한 건,2024약특2122,2025.7.25.,공정거래위원회,,,,,,https://www.law.go.kr/DRF/lawService.do?OC=jshssysh&target=ftc&ID=18843&type=HTML,
의결서,18929,(주)대노복지단의 부당한 표시광고행위에 대한 건,2024약특1415,2025.7.25.,공정거래위원회,,,,,,https://www.law.go.kr/DRF/lawService.do?OC=jshssysh&target=ftc&ID=18929&type=HTML,
의결서,18809,㈜에이치티엠의 불공정하도급거래행위에 대한 건 관련 이의신청에 대한 건,2025기심1301,2025.7.18.,공정거래위원회,,,,,,https://www.law.go.kr/DRF/lawService.do?OC=jshssysh&target=ftc&ID=18809&type=HTML,
의결서,18635,㈜다름플러스의 가맹사업법 위반행위에 대한 건,"2023가조0826, 2023가조1685, 2023가조2081",2025.7.18.,공정거래위원회,,,,,,https://www.law.go.kr/DRF/lawService.do?OC=jshssysh&target=ftc&ID=18635&type=HTML,
의결서,18523,㈜도원이엔씨의 경고심의요청에 대한 건 관련 이의신청에 대한 건,2025기심1248,2025.7.17.,공정거래위원회,,,,,,https://www.law.go.kr/DRF/lawService.do?OC=jshssysh&target=ftc&ID=18523&type=HTML,
의결서,18613,㈜한국경제신문의 부당한 고객유인행위에 대한 건,2024서감0933,2025.7.15.,공정거래위원회,,,,,,https://www.law.go.kr/DRF/lawService.do?OC=jshssysh&target=ftc&ID=18613&type=HTML,
의결서,18797,㈜카카오의 대규모유통업법 위반행위에 대한 건 관련 동의의결에 대한 건,2025유대0406,2025.7.15.,공정거래위원회,,,,,,https://www.law.go.kr/DRF/lawService.do?OC=jshssysh&target=ftc&ID=18797&type=HTML,
의결서,18441,(주)와이지엔터테인먼트의 불공정하도급거래행위에 대한 건 관련 동의의결에 대한 건,2025신하0738,2025.6.9.,공정거래위원회,,,,,,https://www.law.go.kr/DRF/lawService.do?OC=jshssysh&target=ftc&ID=18441&type=HTML,
의결서,18447,(주)스타쉽엔터테인먼트의 불공정하도급거래행위에 대한 건 관련 동의의결에 대한 건,2025신하0739,2025.6.9.,공정거래위원회,,,,,,https://www.law.go.kr/DRF/lawService.do?OC=jshssysh&target=ftc&ID=18447&type=HTML,
의결서,18443,(주)제이와이피엔터테인먼트의 불공정하도급거래행위에 대한 건 관련 동의의결에 대한 건,2025신하0737,2025.6.9.,공정거래위원회,,,,,,https://www.law.go.kr/DRF/lawService.do?OC=jshssysh&target=ftc&ID=18443&type=HTML,
의결서,18445,(주)에스엠엔터테인먼트의 불공정하도급거래행위에 대한 건 관련 동의의결에 대한 건,2025신하0736,2025.6.9.,공정거래위원회,,(주)에스엠엔터테인먼트의 하도급대금 등 기재 서면 지연발급 행위에 대해 동의의결 절차가 개시되어 인용 여부 판단 중임,,,,https://www.law.go.kr/DRF/lawService.do?OC=jshssysh&target=ftc&ID=18445&type=HTML,인용
의결서,18993,엘리멘트리 이노베이션 프라이빗 리미티드의 부당한 표시ㆍ광고 행위에 대한 건,2024전자1593,2025.6.9.,공정거래위원회,,,,,,https://www.law.go.kr/DRF/lawService.do?OC=jshssysh&target=ftc&ID=18993&type=HTML,
의결서,18429,(주)하이브의 불공정하도급거래행위에 대한 건 관련 동의의결에 대한 건,2025신하0735,2025.6.9.,공정거래위원회,,,,,,https://www.law.go.kr/DRF/lawService.do?OC=jshssysh&target=ftc&ID=18429&type=HTML,
의결서,18887,㈜티움커뮤니케이션의 시정조치 불이행에 대한 건,2024서소1901,2025.6.4.,공정거래위원회,,,,,,https://www.law.go.kr/DRF/lawService.do?OC=jshssysh&target=ftc&ID=18887&type=HTML,
의결서,18893,ㅇㅇㅇ(티움커뮤니케이션 및 대박 대표) 및 ㅇㅇㅇ(햅핑 대표)의 전자상거래소비자보호법 위반행위에 대한 건,2024서소1901,2025.6.4.,공정거래위원회,,,,,,https://www.law.go.kr/DRF/lawService.do?OC=jshssysh&target=ftc&ID=18893&type=HTML,
의결서,18735,주식회사 씨제이이엔엠 등 3개사의 기업결합 제한규정 위반행위에 대한 건,2025기결0985,2025.6.4.,공정거래위원회,,,,,,https://www.law.go.kr/DRF/lawService.do?OC=jshssysh&target=ftc&ID=18735&type=HTML,
의결서,18485,제이더블유바이오사이언스㈜의 손자회사 행위제한규정 위반행위에 대한 건,2024집단1508,2025.6.27.,공정거래위원회,,,,,,https://www.law.go.kr/DRF/lawService.do?OC=jshssysh&target=ftc&ID=18485&type=HTML,
의결서,18489,제이더블유생명과학㈜의 자회사 행위제한규정 위반행위에 대한 건,2024집단1505,2025.6.27.,공정거래위원회,,,,,,https://www.law.go.kr/DRF/lawService.do?OC=jshssysh&target=ftc&ID=18489&type=HTML,
의결서,18491,제이더블유메디칼㈜의 자회사 행위제한규정 위반행위에 대한 건,2024집단1506,2025.6.27.,공정거래위원회,,,,,,https://www.law.go.kr/DRF/lawService.do?OC=jshssysh&target=ftc&ID=18491&type=HTML,
의결서,18487,제이더블유홀딩스㈜의 지주회사 행위제한규정 위반행위에 대한 건,2024집단0501,2025.6.27.,공정거래위원회,,,,,,https://www.law.go.kr/DRF/lawService.do?OC=jshssysh&target=ftc&ID=18487&type=HTML,
의결서,18481,경주건축사업협동조합의 사업자단체금지행위에 대한 건 관련 과징금 납부기한 연장 및 분할납부 신청에 대한 건,2025구사1157,2025.6.27.,공정거래위원회,,,,,,https://www.law.go.kr/DRF/lawService.do?OC=jshssysh&target=ftc&ID=18481&type=HTML,
의결서,18639,한국전력공사 발주 2024년도 대구경북 24개지역 배전공사 감리용역 입찰관련 9개 사업자의 부당한 공동행위에 대한 건,2024구사0096,2025.6.24.,공정거래위원회,,,,,,https://www.law.go.kr/DRF/lawService.do?OC=jshssysh&target=ftc&ID=18639&type=HTML,
의결서,18517,㈜위비스의 불공정하도급거래행위에 대한 건 관련 이의신청에 대한 건,2025기심0989,2025.6.24.,공정거래위원회,,,,,,https://www.law.go.kr/DRF/lawService.do?OC=jshssysh&target=ftc&ID=18517&type=HTML,
의결서,18837,㈜미성피지에이의 방문판매법 위반행위에 대한 건,2023구사2327,2025.6.23.,공정거래위원회,,,,,,https://www.law.go.kr/DRF/lawService.do?OC=jshssysh&target=ftc&ID=18837&type=HTML,
의결서,18475,공시대상기업집단 「글로벌세아」 소속 ㈜발맥스기술의 주식소유현황 신고규정 위반행위에 대한 건,2025집단0041,2025.6.2.,공정거래위원회,,공시대상기업집단 '글로벌세아' 소속 ㈜발맥스기술이 신설법인 발맥스기술비지피경주의 계열편입 신고를 법정기한 내에 하지 않고 지연하여 경고 조치를 받음,,,,https://www.law.go.kr/DRF/lawService.do?OC=jshssysh&target=ftc&ID=18475&type=HTML,경고
의결서,18477,㈜제이에프파트너스의 가맹사업법 위반행위에 대한 건,2023서가1268,2025.6.2.,공정거래위원회,,,,,,https://www.law.go.kr/DRF/lawService.do?OC=jshssysh&target=ftc&ID=18477&type=HTML,
의결서,18559,16개 건설사 발주 시스템 가구 입찰 관련 20개 사업자의 부당한 공동행위에 대한 건 관련 ㈜쟈마트의 이의신청에 대한 건,2025기심1013,2025.6.2.,공정거래위원회,,"건설사 발주 시스템 가구 입찰 관련 부당한 공동행위를 한 ㈜쟈마트의 과징금 감경 등 이의신청에 대해, 원심결의 과징금 산정이 적법하며 이의신청인의 주장이 이유 없어 기각함","1,593백만원",,원심결공정거래위원회 2025. 3. 10. 전원회의 의결 제2025-038호,https://www.law.go.kr/DRF/lawService.do?OC=jshssysh&target=ftc&ID=18559&type=HTML,"과징금, 기각"
의결서,18551,3개 이동통신사업자의 부당한 공동행위 및 (사)한국정보통신진흥협회의 사업자단체 금지행위에 대한 건,2023서감0734,2025.6.18.,공정거래위원회,,3개 이동통신사업자의 부당한 공동행위 및 (사)한국정보통신진흥협회의 사업자단체 금지행위에 대한 기초사실 및 시장구조를 다룸,,,,https://www.law.go.kr/DRF/lawService.do?OC=jshssysh&target=ftc&ID=18551&type=HTML,
의결서,18579,대구염색산업단지관리공단 발주 발전소 배전반 판넬 교체공사 입찰 관련 3개 사업자의 부당한 공동행위에 대한 건,2021카총2139,2025.6.17.,공정거래위원회,,,,,,https://www.law.go.kr/DRF/lawService.do?OC=jshssysh&target=ftc&ID=18579&type=HTML,
의결서,18479,기업집단「중흥건설」소속 계열회사들의 부당지원행위 등에 대한 건,2022지원2026,2025.6.16.,공정거래위원회,,,,,,https://www.law.go.kr/DRF/lawService.do?OC=jshssysh&target=ftc&ID=18479&type=HTML,
의결서,18807,㈜위비스의 불공정하도급거래행위에 대한 건 관련 이의신청에 대한 건,2025기심0956,2025.6.16.,공정거래위원회,,㈜위비스의 부당한 수령거부행위에 대한 이의신청이 이유 없으므로 기각됨,,,,https://www.law.go.kr/DRF/lawService.do?OC=jshssysh&target=ftc&ID=18807&type=HTML,"과징금, 기각"
의결서,18451,한얼도검제작소의 전자상거래소비자보호법 위반에 대한 건,2024서소0853,2025.6.16.,공정거래위원회,,,,,,https://www.law.go.kr/DRF/lawService.do?OC=jshssysh&target=ftc&ID=18451&type=HTML,
의결서,18771,18개 건설사 발주 물탱크 납품공사 입찰 관련 38개 사업자의 부당한 공동행위에 대한 건,"2022민수1584, 2025국카0666∼0668, 2025국카0670∼0671, 2025국카0674∼0684, 2025국카0687",2025.6.12.,공정거래위원회,,,,,,https://www.law.go.kr/DRF/lawService.do?OC=jshssysh&target=ftc&ID=18771&type=HTML,
의결서,18419,㈜지제이건설의 불공정하도급거래행위에 대한 건,2024하조0343,2025.6.12.,공정거래위원회,,,,,,https://www.law.go.kr/DRF/lawService.do?OC=jshssysh&target=ftc&ID=18419&type=HTML,
의결서,18459,㈜케이티디에스의 불공정하도급거래행위에 대한 건,2024신하1925,2025.6.12.,공정거래위원회,,,,,,https://www.law.go.kr/DRF/lawService.do?OC=jshssysh&target=ftc&ID=18459&type=HTML,
의결서,18839,㈜케이지디의 전자상거래소비자보호법 위반행위에 대한 건,2023서소2391,2025.6.12.,공정거래위원회,,,,,,https://www.law.go.kr/DRF/lawService.do?OC=jshssysh&target=ftc&ID=18839&type=HTML,
의결서,18465,㈜케이에스의 부당한 광고행위에 대한 건,2024구사0748,2025.6.12.,공정거래위원회,,,,,,https://www.law.go.kr/DRF/lawService.do?OC=jshssysh&target=ftc&ID=18465&type=HTML,
의결서,18471,㈜스튜디오프리즘의 손자회사 행위제한규정 위반행위에 대한 건,2024집단1788,2025.6.12.,공정거래위원회,,,,,,https://www.law.go.kr/DRF/lawService.do?OC=jshssysh&target=ftc&ID=18471&type=HTML,
의결서,18515,㈜서연이화의 불공정하도급거래행위에 대한 건,2023하조1310,2025.6.12.,공정거래위원회,,,,,,https://www.law.go.kr/DRF/lawService.do?OC=jshssysh&target=ftc&ID=18515&type=HTML,
의결서,18431,케이디(주)의 불공정하도급거래행위에 대한 건,2023서건1962,2025.5.9.,공정거래위원회,,,,,,https://www.law.go.kr/DRF/lawService.do?OC=jshssysh&target=ftc&ID=18431&type=HTML,
의결서,18373,㈜에이치티엠의 불공정하도급거래행위에 대한 건,2023서제1326,2025.5.7.,공정거래위원회,,,,,,https://www.law.go.kr/DRF/lawService.do?OC=jshssysh&target=ftc&ID=18373&type=HTML,
의결서,18393,㈜하고하우스의 불공정하도급거래행위에 대한 건,2023서제0874,2025.5.7.,공정거래위원회,,,,,,https://www.law.go.kr/DRF/lawService.do?OC=jshssysh&target=ftc&ID=18393&type=HTML,
의결서,18395,㈜아이더스에프앤비의 가맹사업법 위반행위에 대한 건,2023가조1879,2025.5.7.,공정거래위원회,,,,,,https://www.law.go.kr/DRF/lawService.do?OC=jshssysh&target=ftc&ID=18395&type=HTML,
의결서,18473,(주)리만코리아의 방문판매법 위반행위에 대한 건 관련 이의신청에 대한 건,2025소심0962,2025.5.30.,공정거래위원회,,,,,,https://www.law.go.kr/DRF/lawService.do?OC=jshssysh&target=ftc&ID=18473&type=HTML,
의결서,18495,㈜테크랩스의 전자상거래소비자보호법 위반행위에 대한 건,2022전자1080,2025.5.29.,공정거래위원회,,,,,,https://www.law.go.kr/DRF/lawService.do?OC=jshssysh&target=ftc&ID=18495&type=HTML,
의결서,18831,㈜신원라이프의 할부거래법 위반행위에 대한 건,2024약특1490,2025.5.28.,공정거래위원회,,,,,,https://www.law.go.kr/DRF/lawService.do?OC=jshssysh&target=ftc&ID=18831&type=HTML,
의결서,18407,에쓰와이이앤씨㈜의 입찰참가자격제한 요청에 대한 건,2024하조1494,2025.5.28.,공정거래위원회,,,,,,https://www.law.go.kr/DRF/lawService.do?OC=jshssysh&target=ftc&ID=18407&type=HTML,
의결서,18563,기업집단 「중흥건설」 소속 계열회사들의 부당지원행위 등에 대한 건,2022지원2026,2025.5.28.,공정거래위원회,,,,,,https://www.law.go.kr/DRF/lawService.do?OC=jshssysh&target=ftc&ID=18563&type=HTML,
의결서,18411,케이엠솔루션(주)의 가맹사업법 위반행위에 대한 건,2024가조1186,2025.5.27.,공정거래위원회,,,,,,https://www.law.go.kr/DRF/lawService.do?OC=jshssysh&target=ftc&ID=18411&type=HTML,
의결서,18483,㈜금복주의 부당한 고객유인행위에 대한 건,2024구사1164,2025.5.27.,공정거래위원회,,,,,,https://www.law.go.kr/DRF/lawService.do?OC=jshssysh&target=ftc&ID=18483&type=HTML,
의결서,18659,한양산업개발(주)의 불공정하도급거래행위에 대한 건,2024신하1500,2025.5.27.,공정거래위원회,,,,,,https://www.law.go.kr/DRF/lawService.do?OC=jshssysh&target=ftc&ID=18659&type=HTML,
의결서,18389,지에스건설㈜ 등 10개 건설사 발주 빌트인 특판가구 구매입찰 관련 ㈜우아미가구의 부당한 공동행위에 대한 건,"2024제카2448, 2024제카2450∼2024제카2458",2025.5.26.,공정거래위원회,,,,,원심결(의결 제2024-080호,https://www.law.go.kr/DRF/lawService.do?OC=jshssysh&target=ftc&ID=18389&type=HTML,
의결서,18963,라라코리아(주)의 방문판매법 위반행위에 대한 건,2024약특2483,2025.5.25.,공정거래위원회,,,,,,https://www.law.go.kr/DRF/lawService.do?OC=jshssysh&target=ftc&ID=18963&type=HTML,
의결서,18833,썬라이더다이렉트코리아(유)의 방문판매법 위반행위에 대한 건,2024약특2409,2025.5.25.,공정거래위원회,,,,,,https://www.law.go.kr/DRF/lawService.do?OC=jshssysh&target=ftc&ID=18833&type=HTML,
의결서,18949,라라코리아(주)의 방문판매법 위반행위에 대한 건,2024약특2483,2025.5.25.,공정거래위원회,,,,,,https://www.law.go.kr/DRF/lawService.do?OC=jshssysh&target=ftc&ID=18949&type=HTML,
의결서,18371,스텔란티스코리아(주)의 대리점법 위반행위에 대한 건,2020대리1078,2025.5.24.,공정거래위원회,,,,,,https://www.law.go.kr/DRF/lawService.do?OC=jshssysh&target=ftc&ID=18371&type=HTML,
의결서,18835,(주)꺌랑의 전자상거래소비자보호법 위반행위에 대한 건,"2023전자1319, 2023서소0678",2025.5.24.,공정거래위원회,,,,,,https://www.law.go.kr/DRF/lawService.do?OC=jshssysh&target=ftc&ID=18835&type=HTML,
의결서,18999,(주)컴투스의 전자상거래소비자보호법 위반행위에 대한 건,2024중점1051,2025.5.24.,공정거래위원회,,,,,,https://www.law.go.kr/DRF/lawService.do?OC=jshssysh&target=ftc&ID=18999&type=HTML,
의결서,18957,(주)크래프톤의 전자상거래소비자보호법 위반행위에 대한 건,2024중점1050,2025.5.24.,공정거래위원회,,,,,,https://www.law.go.kr/DRF/lawService.do?OC=jshssysh&target=ftc&ID=18957&type=HTML,
의결서,18507,다온건설(주)의 시정조치불이행에 대한 건,2024구사1252,2025.5.22.,공정거래위원회,,,,,,https://www.law.go.kr/DRF/lawService.do?OC=jshssysh&target=ftc&ID=18507&type=HTML,
의결서,18607,구미지역 6개 교복판매사업자의 부당한 공동행위에 대한 건,2023구사1810,2025.5.22.,공정거래위원회,,,,,,https://www.law.go.kr/DRF/lawService.do?OC=jshssysh&target=ftc&ID=18607&type=HTML,
의결서,18537,16개 건설사 발주 시스템 가구 입찰 관련 20개 사업자의 부당한 공동행위에 대한 건 관련 전○○의 과징금 납부기한 연기 및 분할납부 신청에 대한 건,2025서카0795,2025.5.21.,공정거래위원회,,,,,,https://www.law.go.kr/DRF/lawService.do?OC=jshssysh&target=ftc&ID=18537&type=HTML,
의결서,18539,16개 건설사 발주 시스템 가구 입찰 관련 20개 사업자의 부당한 공동행위에 대한 건 관련 ㈜에스엔디엔지의 과징금 납부기한 연기 및 분할납부 신청에 대한 건,2025서카0801,2025.5.20.,공정거래위원회,,,,,,https://www.law.go.kr/DRF/lawService.do?OC=jshssysh&target=ftc&ID=18539&type=HTML,
의결서,18543,16개 건설사 발주 시스템 가구 입찰 관련 20개 사업자의 부당한 공동행위에 대한 건 관련 ㈜스페이스맥스의 과징금 납부기한 연기 및 분할납부 신청에 대한 건,2025서카0746,2025.5.20.,공정거래위원회,,,,,,https://www.law.go.kr/DRF/lawService.do?OC=jshssysh&target=ftc&ID=18543&type=HTML,
의결서,18545,16개 건설사 발주 시스템 가구 입찰 관련 20개 사업자의 부당한 공동행위에 대한 건 관련 ㈜제이씨의 과징금 납부기한 연기 및 분할납부 신청에 대한 건,2025서카0794,2025.5.20.,공정거래위원회,,,,,,https://www.law.go.kr/DRF/lawService.do?OC=jshssysh&target=ftc&ID=18545&type=HTML,
의결서,18533,16개 건설사 발주 시스템 가구 입찰 관련 20개 사업자의 부당한 공동행위에 대한 건 관련 ㈜쟈마트의 과징금 납부기한 연기 및 분할납부 신청에 대한 건,2025서카0796,2025.5.20.,공정거래위원회,,,,,,https://www.law.go.kr/DRF/lawService.do?OC=jshssysh&target=ftc&ID=18533&type=HTML,
의결서,18521,㈜도원이엔씨의 경고심의요청에 대한 건,2024전사1842,2025.5.20.,공정거래위원회,,,,,,https://www.law.go.kr/DRF/lawService.do?OC=jshssysh&target=ftc&ID=18521&type=HTML,
의결서,18535,16개 건설사 발주 시스템 가구 입찰 관련 20개 사업자의 부당한 공동행위에 대한 건 관련 ㈜동성사의 과징금 납부기한 연기 및 분할납부 신청에 대한 건,2025서카0790,2025.5.20.,공정거래위원회,,,,,,https://www.law.go.kr/DRF/lawService.do?OC=jshssysh&target=ftc&ID=18535&type=HTML,
의결서,18541,16개 건설사 발주 시스템 가구 입찰 관련 20개 사업자의 부당한 공동행위에 대한 건 관련 ㈜창의인터내셔날의 과징금 납부기한 연기 및 분할납부 신청에 대한 건,2025서카0792,2025.5.20.,공정거래위원회,,,,,,https://www.law.go.kr/DRF/lawService.do?OC=jshssysh&target=ftc&ID=18541&type=HTML,
의결서,18547,16개 건설사 발주 시스템 가구 입찰 관련 20개 사업자의 부당한 공동행위에 대한 건 관련 ㈜콤비의 과징금 납부기한 연기 및 분할납부 신청에 대한 건,2025서카0732,2025.5.20.,공정거래위원회,,,,,,https://www.law.go.kr/DRF/lawService.do?OC=jshssysh&target=ftc&ID=18547&type=HTML,
의결서,18349,㈜아이티밴드의 불공정하도급거래행위에 대한 건,2023신하2031,2025.5.20.,공정거래위원회,,,,,,https://www.law.go.kr/DRF/lawService.do?OC=jshssysh&target=ftc&ID=18349&type=HTML,
의결서,18435,비알코리아㈜의 가맹사업법 위반행위에 대한 건 관련 비알코리아㈜의 과징금 납부기한 연장 및 분할납부 신청에 대한 건,2025전사0758,2025.5.2.,공정거래위원회,,,,,,https://www.law.go.kr/DRF/lawService.do?OC=jshssysh&target=ftc&ID=18435&type=HTML,
의결서,18615,시높시스 인포코레이티드 및 앤시스 인코포레이티드의 기업결합 제한규정 위반행위에 대한 건 관련 의결서 경정 결정에 대한 건,2025기심0955,2025.5.19.,공정거래위원회,,"반도체 설계 IP시장 지위 표현 명확화, 재무상황 오기 정정, 시정방안 문구 수정 등을 위해 공정거래위원회 의결서를 일부 경정함",,,,https://www.law.go.kr/DRF/lawService.do?OC=jshssysh&target=ftc&ID=18615&type=HTML,인용
의결서,18357,엘리멘트리 이노베이션 프라이빗 리미티드 등의 전자상거래소비자보호법 위반행위에 대한 건,2024전자0485,2025.5.19.,공정거래위원회,,"엘리멘트리 이노베이션 프라이빗 리미티드 등(테무)이 사이버몰 운영자 신원정보 미표시, 통신판매업 미신고, 통신판매 당사자가 아님을 알리지 않은 행위 등을 함.",,,,https://www.law.go.kr/DRF/lawService.do?OC=jshssysh&target=ftc&ID=18357&type=HTML,
의결서,18549,방○○(공시대상기업집단 하이브의 동일인)의 지정자료 허위제출행위에 대한 건,2024집단1318,2025.5.18.,공정거래위원회,,,,,,https://www.law.go.kr/DRF/lawService.do?OC=jshssysh&target=ftc&ID=18549&type=HTML,
의결서,18439,비알코리아(주)의 가맹사업법 위반행위에 대한 건,2022가조1145,2025.5.18.,공정거래위원회,,,,,,https://www.law.go.kr/DRF/lawService.do?OC=jshssysh&target=ftc&ID=18439&type=HTML,
의결서,18361,㈜반도건설 발주 빌트인 특판가구 구매입찰 관련 13개 사업자의 부당한 공동행위에 대한 건 관련 ㈜한특의 이의신청에 대한 건,2025소심0873,2025.5.15.,공정거래위원회,,,,,,https://www.law.go.kr/DRF/lawService.do?OC=jshssysh&target=ftc&ID=18361&type=HTML,
의결서,18365,감정평가사사무소협의회 및 한국감정평가사협회의 사업자단체 금지행위에 대한 건 관련 감정평가사사무소협의회의 이의신청에 대한 건,2025경심0907,2025.5.15.,공정거래위원회,,,,,,https://www.law.go.kr/DRF/lawService.do?OC=jshssysh&target=ftc&ID=18365&type=HTML,
의결서,18469,한국가스공사 발주 CCTV 보안시스템 구매 입찰 관련 3개 사업자의 부당한 공동행위에 대한 건 관련 집행정지 신청에 대한 건,2025경심0861,2025.5.15.,공정거래위원회,,,,,,https://www.law.go.kr/DRF/lawService.do?OC=jshssysh&target=ftc&ID=18469&type=HTML,
의결서,18467,한국가스공사 발주 CCTV 보안시스템 구매 입찰 관련 3개 사업자의 부당한 공동행위에 대한 건 관련 이의신청에 대한 건,2025경심0860,2025.5.15.,공정거래위원회,,,,,,https://www.law.go.kr/DRF/lawService.do?OC=jshssysh&target=ftc&ID=18467&type=HTML,
의결서,18383,신세계건설(주) 발주 시스템 가구 입찰 관련 2개 사업자의 부당한 공동 행위에 대한 건 관련 (주)스페이스맥스의 과징금 납부기한 연장 및 분할납부 신청에 대한 건,2025서카0821,2025.5.1.,공정거래위원회,,,,,,https://www.law.go.kr/DRF/lawService.do?OC=jshssysh&target=ftc&ID=18383&type=HTML,
의결서,18335,한국전력공사 산하 5개 발전사 발주 목재펠릿 구매 입찰 관련 4개 사업자의 부당한 공동행위에 대한 건,2022카총0893,2025.4.30.,공정거래위원회,,,,,,https://www.law.go.kr/DRF/lawService.do?OC=jshssysh&target=ftc&ID=18335&type=HTML,
의결서,18305,(주)불스원의 재판매가격유지행위 등에 대한 건,2023서경0410,2025.4.28.,공정거래위원회,,,,,,https://www.law.go.kr/DRF/lawService.do?OC=jshssysh&target=ftc&ID=18305&type=HTML,
의결서,18381,경주건축사업협동조합의 사업자단체금지행위에 대한 건,2023구사2412,2025.4.28.,공정거래위원회,,,,,,https://www.law.go.kr/DRF/lawService.do?OC=jshssysh&target=ftc&ID=18381&type=HTML,
의결서,19063,구글 엘엘씨 등의 시장지배적지위 남용행위 등에 대한 건 관련 동의의결에 대한 건,2025지감1664,2025.12.9.,공정거래위원회,,,,,,https://www.law.go.kr/DRF/lawService.do?OC=jshssysh&target=ftc&ID=19063&type=HTML,
의결서,18901,유기응집제 구매 입찰 관련 9개 사업자의 부당한 공동행위에 대한 건,"2022입담1615, 2024입담2088, 2024입담1905",2025.12.8.,공정거래위원회,,,,,,https://www.law.go.kr/DRF/lawService.do?OC=jshssysh&target=ftc&ID=18901&type=HTML,
의결서,18877,조달청 등 발주 소프트웨어 테스팅 시스템 구매 입찰 관련 4개 사업자의 부당한 공동행위에 대한 건,"2025입담0817, 2025입담1622, 2025입담1623",2025.12.3.,공정거래위원회,,,,,,https://www.law.go.kr/DRF/lawService.do?OC=jshssysh&target=ftc&ID=18877&type=HTML,
의결서,19103,㈜에이앤지테크놀로지의 불공정하도급거래행위에 대한 건,2025서제0690,2025.12.29.,공정거래위원회,,,,,,https://www.law.go.kr/DRF/lawService.do?OC=jshssysh&target=ftc&ID=19103&type=HTML,
의결서,19043,대원산업(주)의 입찰참가자격제한 요청에 대한 건,2025하조0816,2025.12.29.,공정거래위원회,,,,,,https://www.law.go.kr/DRF/lawService.do?OC=jshssysh&target=ftc&ID=19043&type=HTML,
의결서,19035,㈜서희건설의 경고심의요청에 대한 건,2025하조1508,2025.12.29.,공정거래위원회,,,,,,https://www.law.go.kr/DRF/lawService.do?OC=jshssysh&target=ftc&ID=19035&type=HTML,
의결서,18915,기업집단 「우미」 소속 계열회사들의 부당지원행위에 대한 건,2022내부2039,2025.12.26.,공정거래위원회,,,,,,https://www.law.go.kr/DRF/lawService.do?OC=jshssysh&target=ftc&ID=18915&type=HTML,
의결서,18883,조달청 등 발주 소프트웨어 테스팅 시스템 구매 입찰 관련 4개 사업자의 부당한 공동행위에 대한 건 관련 의결서 경정 결정에 대한 건,2025경심2326,2025.12.26.,공정거래위원회,,,,,,https://www.law.go.kr/DRF/lawService.do?OC=jshssysh&target=ftc&ID=18883&type=HTML,
의결서,19073,22개 건설사 발주 빌트인 특판가구 구매입찰 관련 35개 사업자의 부당한 공동행위에 대한 건,"2023제카2022, 2025제카0135, 2025제카0137∼0141, 2025제카0152∼0165, 2025제카0167∼0168",2025.12.24.,공정거래위원회,,,,,,https://www.law.go.kr/DRF/lawService.do?OC=jshssysh&target=ftc&ID=19073&type=HTML,
판례,615667,매매대금반환,2025다216444,2025.12.24,대법원,민사,,,,원심판결】 서울중앙지법 2025. 8. 27. 선고 2024나70595,https://www.law.go.kr/DRF/lawService.do?OC=jshssysh&target=prec&ID=615667&type=HTML,
의결서,18881,14개 건설사 발주 빌트인 특판가구 입찰 관련 22개 사업자의 부당한 공동행위에 대한 건,2024제카2160∼2173,2025.12.23.,공정거래위원회,,,,,,https://www.law.go.kr/DRF/lawService.do?OC=jshssysh&target=ftc&ID=18881&type=HTML,
의결서,18869,동도건설(주) 발주 빌트인 특판가구 입찰 관련 4개 사업자의 부당한 공동행위에 대한 건,2025제카0183,2025.12.23.,공정거래위원회,,,,,,https://www.law.go.kr/DRF/lawService.do?OC=jshssysh&target=ftc&ID=18869&type=HTML,
의결서,18867,(주)힘찬건설 발주 빌트인 특판가구 입찰 관련 5개 사업자의 부당한 공동행위에 대한 건,2025제카0185,2025.12.23.,공정거래위원회,,,,,,https://www.law.go.kr/DRF/lawService.do?OC=jshssysh&target=ftc&ID=18867&type=HTML,
의결서,18865,대우조선해양(주)의 불공정하도급거래행위에 대한 건 관련 과징금 재산정 및 부과의 건,2024부사2478,2025.12.22.,공정거래위원회,,,,,,https://www.law.go.kr/DRF/lawService.do?OC=jshssysh&target=ftc&ID=18865&type=HTML,
의결서,18879,㈜대한항공 및 아시아나항공㈜의 시정조치 불이행에 대한 건,"2025기결1310, 2025기결1311",2025.12.22.,공정거래위원회,,,,,원심결(2024. 12. 24. 전원회의 의결 제2024-364호,https://www.law.go.kr/DRF/lawService.do?OC=jshssysh&target=ftc&ID=18879&type=HTML,
의결서,18861,㈜수협사료의 경고심의요청에 대한 건,2025부사0350,2025.12.2.,공정거래위원회,,,,,,https://www.law.go.kr/DRF/lawService.do?OC=jshssysh&target=ftc&ID=18861&type=HTML,
판례,622303,"범죄단체가입, 범죄단체활동, 사기, 자본시장과금융투자업에관한법률위반",2025노1517,2025.12.18,서울남부지방법원,형사,,,,원심판결】 서울남부지방법원 2025. 8. 13. 선고 2025고단1612,https://www.law.go.kr/DRF/lawService.do?OC=jshssysh&target=prec&ID=622303&type=HTML,
판례,622837,기타(금전),2025나8154,2025.12.17,서울중앙지방법원,민사,,,,,https://www.law.go.kr/DRF/lawService.do?OC=jshssysh&target=prec&ID=622837&type=HTML,
의결서,18921,중아건설(주)의 시정조치불이행에 대한 건,2025부사1550,2025.12.16.,공정거래위원회,,,,,,https://www.law.go.kr/DRF/lawService.do?OC=jshssysh&target=ftc&ID=18921&type=HTML,
의결서,19045,㈜동원에프앤비의 대리점법 등 위반행위에 대한 건,2024유대1618,2025.12.13.,공정거래위원회,,,,,,https://www.law.go.kr/DRF/lawService.do?OC=jshssysh&target=ftc&ID=19045&type=HTML,
의결서,18863,㈜자비스앤빌런즈의 부당한 표시광고행위에 대한 건,2024서소1172,2025.12.12.,공정거래위원회,,,,,,https://www.law.go.kr/DRF/lawService.do?OC=jshssysh&target=ftc&ID=18863&type=HTML,
의결서,19037,한국메가스포츠상사(주)의 불공정 하도급거래행위에 대한 건,2025서제0440,2025.12.12.,공정거래위원회,,,,,,https://www.law.go.kr/DRF/lawService.do?OC=jshssysh&target=ftc&ID=19037&type=HTML,
의결서,18941,우람종합건설(주)의 불공정하도급거래행위에 대한 건,2025신하0729,2025.12.12.,공정거래위원회,,,,,,https://www.law.go.kr/DRF/lawService.do?OC=jshssysh&target=ftc&ID=18941&type=HTML,
의결서,18935,㈜마이리얼트립의 전자상거래소비자보호법 위반행위에 대한 건,2024서소1660,2025.12.11.,공정거래위원회,,,,,,https://www.law.go.kr/DRF/lawService.do?OC=jshssysh&target=ftc&ID=18935&type=HTML,
의결서,18933,㈜야나두의 전자상거래소비자보호법 위반행위에 대한 건,2024서소2475,2025.12.11.,공정거래위원회,,,,,,https://www.law.go.kr/DRF/lawService.do?OC=jshssysh&target=ftc&ID=18933&type=HTML,
의결서,19193,㈜와이케이의 가맹사업법 위반행위에 대한 건,2025구사0212,2025.12.11.,공정거래위원회,,,,,,https://www.law.go.kr/DRF/lawService.do?OC=jshssysh&target=ftc&ID=19193&type=HTML,
판례,616815,판촉행사비용의 분담금은 용역제공의 대가라고 보기 어려움,서울행정법원-2024-구합-78108,2025.12.10,,일반행정,,,,,https://www.law.go.kr/DRF/lawService.do?OC=jshssysh&target=prec&ID=616815&type=HTML,
의결서,18823,티앤제이인베스트먼트(주)의 지주회사 설립ㆍ전환신고 지연행위에 대한 건,2025집단1169,2025.11.7.,공정거래위원회,,,,,,https://www.law.go.kr/DRF/lawService.do?OC=jshssysh&target=ftc&ID=18823&type=HTML,
의결서,18805,㈜웹젠의 전자상거래소비자보호법 위반행위에 대한 건,2024중점0824,2025.11.6.,공정거래위원회,,,,,,https://www.law.go.kr/DRF/lawService.do?OC=jshssysh&target=ftc&ID=18805&type=HTML,
의결서,18775,㈜본보야지의 전자상거래소비자보호법 위반행위에 대한 건,2022전자1518,2025.11.4.,공정거래위원회,,,,,,https://www.law.go.kr/DRF/lawService.do?OC=jshssysh&target=ftc&ID=18775&type=HTML,
의결서,18765,9개 건설사 발주 빌트인 특판가구 구매입찰 관련 13개 사업자의 부당한 공동행위에 대한 건 관련 (주)우아미의 과징금 납부기한 연기 및 분할납부 신청에 대한 건,2025입담1862,2025.11.3.,공정거래위원회,,,,,,https://www.law.go.kr/DRF/lawService.do?OC=jshssysh&target=ftc&ID=18765&type=HTML,
의결서,18767,9개 건설사 발주 빌트인 특판가구 구매입찰 관련 13개 사업자의 부당한 공동행위에 대한 건 관련 (주)한특의 과징금 납부기한 연기 및 분할납부 신청에 대한 건,2025입담1863,2025.11.3.,공정거래위원회,,,,,,https://www.law.go.kr/DRF/lawService.do?OC=jshssysh&target=ftc&ID=18767&type=HTML,
의결서,18821,박정석(공시대상기업집단 고려에이치씨의 동일인)의 지정자료 허위제출행위에 대한 건,2025집단0370,2025.11.28.,공정거래위원회,,,,,,https://www.law.go.kr/DRF/lawService.do?OC=jshssysh&target=ftc&ID=18821&type=HTML,
의결서,19079,㈜제이피씨오토모티브의 불공정하도급거래행위에 대한 건 관련 이의신청에 대한 건,2025기심2122,2025.11.28.,공정거래위원회,,,,,원심결공정거래위원회 2025. 9. 11. 제2소회의 의결 제2025-176호,https://www.law.go.kr/DRF/lawService.do?OC=jshssysh&target=ftc&ID=19079&type=HTML,
판례,613145,보건범죄단속에관한특별조치법위반(부정의료업자),2025노1332,2025.11.27,서울남부지방법원,형사,,,,원심판결】 서울남부지법 2025. 7. 17. 선고 2025고단1976,https://www.law.go.kr/DRF/lawService.do?OC=jshssysh&target=prec&ID=613145&type=HTML,
의결서,18803,현대모비스(주) 등 2개사 발주 차량용 에어벤트 구매입찰 관련 (주)니프코 코리아 및 한국아이티더블유(유)의 부당한 공동행위에 대한 건,2022민수1866,2025.11.20.,공정거래위원회,,,,,,https://www.law.go.kr/DRF/lawService.do?OC=jshssysh&target=ftc&ID=18803&type=HTML,
판례,618293,상표법위반,2024도8174,2025.11.20,대법원,형사,,,,원심판결】 서울중앙지법 2024. 5. 10. 선고 2023노607,https://www.law.go.kr/DRF/lawService.do?OC=jshssysh&target=prec&ID=618293&type=HTML,
판례,618297,시정명령및과징금납부명령취소청구,2025두33607,2025.11.20,대법원,일반행정,,,,원심판결】 서울고법 2025. 3. 27. 선고 2023누60041,https://www.law.go.kr/DRF/lawService.do?OC=jshssysh&target=prec&ID=618297&type=HTML,
판례,613253,채무부존재확인·손해배상청구의소,2025다209941,2025.11.20,대법원,민사,,,,원심판결】 수원고법 2024. 12. 12. 선고 2020나22908,https://www.law.go.kr/DRF/lawService.do?OC=jshssysh&target=prec&ID=613253&type=HTML,
의결서,19123,㈜디엔오토모티브의 불공정하도급거래행위에 대한 건,2023기조2376,2025.11.19.,공정거래위원회,,,,,,https://www.law.go.kr/DRF/lawService.do?OC=jshssysh&target=ftc&ID=19123&type=HTML,
의결서,19195,㈜성도건설의 불공정하도급거래행위에 대한 건,2024광사1789,2025.11.19.,공정거래위원회,,,,,,https://www.law.go.kr/DRF/lawService.do?OC=jshssysh&target=ftc&ID=19195&type=HTML,
판례,613153,채무부존재확인,2025나10683,2025.11.18,대구고등법원,민사,,,,,https://www.law.go.kr/DRF/lawService.do?OC=jshssysh&target=prec&ID=613153&type=HTML,
의결서,19165,㈜하남에프앤비의 가맹사업법 위반행위에 대한 건 관련 이의신청에 대한 건,2025기심1929,2025.11.14.,공정거래위원회,,,,,원심결은 이의신청인의 주장대로 과징금 고시(공정거래위원회 고시 제2021-42호,https://www.law.go.kr/DRF/lawService.do?OC=jshssysh&target=ftc&ID=19165&type=HTML,
판례,622313,법인세부과처분등취소,2025누5130,2025.11.14,서울고등법원,세무,,,,,https://www.law.go.kr/DRF/lawService.do?OC=jshssysh&target=prec&ID=622313&type=HTML,
의결서,19033,㈜사임당화장품의 경고심의요청에 대한 건,2025전사0863,2025.11.13.,공정거래위원회,,,,,,https://www.law.go.kr/DRF/lawService.do?OC=jshssysh&target=ftc&ID=19033&type=HTML,
의결서,18817,㈜유나종합건설의 시정조치불이행에 대한 건,2025부사1090,2025.11.13.,공정거래위원회,,,,,,https://www.law.go.kr/DRF/lawService.do?OC=jshssysh&target=ftc&ID=18817&type=HTML,
의결서,19101,서진산업㈜의 불공정하도급거래행위에 대한 건 관련 동의의결절차 개시신청에 대한 건,2025하조1633,2025.11.13.,공정거래위원회,,,,,,https://www.law.go.kr/DRF/lawService.do?OC=jshssysh&target=ftc&ID=19101&type=HTML,
의결서,18779,계성건설(주)의 시정조치불이행에 대한 건,2025광사1634,2025.11.13.,공정거래위원회,,,,,,https://www.law.go.kr/DRF/lawService.do?OC=jshssysh&target=ftc&ID=18779&type=HTML,
판례,613065,시정명령및과징금납부명령취소,2025두33253,2025.11.13,대법원,일반행정,,,,원심판결】 서울고법 2025. 1. 23. 선고 2024누34032,https://www.law.go.kr/DRF/lawService.do?OC=jshssysh&target=prec&ID=613065&type=HTML,
의결서,18791,㈜공간몬스터의 가맹사업법 위반행위에 대한 건,2024부사0098,2025.11.12.,공정거래위원회,,,,,,https://www.law.go.kr/DRF/lawService.do?OC=jshssysh&target=ftc&ID=18791&type=HTML,
의결서,19039,금호타이어(주)의 대리점법 등 위반행위에 대한 건,2023유대1720,2025.11.12.,공정거래위원회,,,,,,https://www.law.go.kr/DRF/lawService.do?OC=jshssysh&target=ftc&ID=19039&type=HTML,
의결서,18925,쌍팔련도푸드컨설팅의 가맹사업법 위반행위에 대한 건,"2025광사0193, 0194, 0195",2025.11.12.,공정거래위원회,,,,,,https://www.law.go.kr/DRF/lawService.do?OC=jshssysh&target=ftc&ID=18925&type=HTML,
의결서,18931,용인대박사백호태권도의 부당한 광고행위에 대한 건,2025서소0971,2025.11.12.,공정거래위원회,,,,,,https://www.law.go.kr/DRF/lawService.do?OC=jshssysh&target=ftc&ID=18931&type=HTML,
의결서,18937,(주)유니앤코어의 방문판매법 위반행위에 대한 건,2025약특0812,2025.11.12.,공정거래위원회,,,,,,https://www.law.go.kr/DRF/lawService.do?OC=jshssysh&target=ftc&ID=18937&type=HTML,
의결서,18829,싱웨이코리아(주)의 지주회사 설립ㆍ전환신고 지연행위에 대한 건,2025집단1171,2025.11.11.,공정거래위원회,,,,,,https://www.law.go.kr/DRF/lawService.do?OC=jshssysh&target=ftc&ID=18829&type=HTML,
의결서,18827,(주)디에스티아이의 지주회사 등의 주식소유현황 등 허위보고 행위에 대한 건,2025집단1086,2025.11.11.,공정거래위원회,,,,,,https://www.law.go.kr/DRF/lawService.do?OC=jshssysh&target=ftc&ID=18827&type=HTML,
의결서,19003,16개 건설사 발주 시스템 가구 입찰 관련 17개 사업자의 부당한 공동행위에 대한 건,"2024서카2035, 2025서카0910, 2025서카0911, 2025서카0912, 2025서카0913, 2025서카0914, 2025서카0915, 2025서카0916, 2025서카0917, 2025서카0918, 2025서카0919, 2025서카0920, 2025서카0921, 2025서카0922, 2025서카0923",2025.11.10.,공정거래위원회,,,,,,https://www.law.go.kr/DRF/lawService.do?OC=jshssysh&target=ftc&ID=19003&type=HTML,
판례,618295,시정명령및과징금납부명령취소,2023두38219,2025.11.06,대법원,일반행정,,,,원심판결】 서울고법 2023. 2. 9. 선고 2021누35218,https://www.law.go.kr/DRF/lawService.do?OC=jshssysh&target=prec&ID=618295&type=HTML,
의결서,18769,동아건설산업(주)의 불공정 하도급거래행위에 대한 건,2024서제1484,2025.10.30.,공정거래위원회,,,,,,https://www.law.go.kr/DRF/lawService.do?OC=jshssysh&target=ftc&ID=18769&type=HTML,
의결서,18785,(사)대한안마사협회의 사업자단체금지행위에 대한 건,2025서총1087,2025.10.30.,공정거래위원회,,,,,,https://www.law.go.kr/DRF/lawService.do?OC=jshssysh&target=ftc&ID=18785&type=HTML,
의결서,18787,(주)푸르밀의 재판매가격유지행위에 대한 건,2024서경1330,2025.10.30.,공정거래위원회,,,,,,https://www.law.go.kr/DRF/lawService.do?OC=jshssysh&target=ftc&ID=18787&type=HTML,
판례,612979,명예훼손·옥외광고물등의관리와옥외광고산업진흥에관한법률위반,2022도10369,2025.10.30,대법원,형사,,,,원심판결】 서울중앙지법 2022. 8. 12. 선고 2021노2317,https://www.law.go.kr/DRF/lawService.do?OC=jshssysh&target=prec&ID=612979&type=HTML,
의결서,18825,㈜에프앤디넷의 부당한 고객유인행위에 대한 건,2023제감1424,2025.10.28.,공정거래위원회,,,,,,https://www.law.go.kr/DRF/lawService.do?OC=jshssysh&target=ftc&ID=18825&type=HTML,
의결서,19187,일진건설산업㈜의 불공정하도급거래행위에 대한 건,2025전사0050,2025.10.27.,공정거래위원회,,,,,,https://www.law.go.kr/DRF/lawService.do?OC=jshssysh&target=ftc&ID=19187&type=HTML,
의결서,18777,파인건설㈜의 불공정하도급거래행위에 대한 건,2025전사0776,2025.10.27.,공정거래위원회,,,,,,https://www.law.go.kr/DRF/lawService.do?OC=jshssysh&target=ftc&ID=18777&type=HTML,
의결서,18801,현대모비스(주) 등 2개사 발주 차량용 에어벤트 구매입찰 관련 ㈜니프코코리아 및 한국아이티더블유(유)의 부당한 공동행위에 대한 건,2022민수1866,2025.10.24.,공정거래위원회,,,,,,https://www.law.go.kr/DRF/lawService.do?OC=jshssysh&target=ftc&ID=18801&type=HTML,
판례,619563,자재임대료등,2025나10061,2025.10.23,수원고등법원,민사,,,,,https://www.law.go.kr/DRF/lawService.do?OC=jshssysh&target=prec&ID=619563&type=HTML,
판례,619493,업무대행자 지위 확인 등,2023나20705,2025.10.23,수원고등법원,민사,,,,,https://www.law.go.kr/DRF/lawService.do?OC=jshssysh&target=prec&ID=619493&type=HTML,
의결서,18795,애경산업㈜의 시정조치불이행에 대한 건,2025제감0887,2025.10.20.,공정거래위원회,,,,,,https://www.law.go.kr/DRF/lawService.do?OC=jshssysh&target=ftc&ID=18795&type=HTML,
의결서,18819,(주)카펙발레오의 불공정하도급거래행위에 대한 건,2023기조2640,2025.10.20.,공정거래위원회,,,,,,https://www.law.go.kr/DRF/lawService.do?OC=jshssysh&target=ftc&ID=18819&type=HTML,
의결서,18793,에스케이케미칼㈜ 및 에스케이디스커버리㈜의 시정조치불이행에 대한 건,2025제감0888,2025.10.20.,공정거래위원회,,,,,,https://www.law.go.kr/DRF/lawService.do?OC=jshssysh&target=ftc&ID=18793&type=HTML,
의결서,18799,에스케이케미칼㈜ 및 에스케이디스커버리㈜의 시정조치불이행에 대한 건,2025제감0888,2025.10.20.,공정거래위원회,,,,,,https://www.law.go.kr/DRF/lawService.do?OC=jshssysh&target=ftc&ID=18799&type=HTML,
의결서,18813,신청에 대한 건,2025기심1576,2025.10.2.,공정거래위원회,,,,,,https://www.law.go.kr/DRF/lawService.do?OC=jshssysh&target=ftc&ID=18813&type=HTML,
의결서,18811,지원건설㈜의 불공정하도급거래행위에 대한 건 관련 이의신청에 대한 건,2025기심1575,2025.10.2.,공정거래위원회,,,,,,https://www.law.go.kr/DRF/lawService.do?OC=jshssysh&target=ftc&ID=18811&type=HTML,
의결서,18743,㈜프랭크에프앤비의 가맹사업법 위반행위에 대한 건,2023가조1152,2025.10.19.,공정거래위원회,,,,,,https://www.law.go.kr/DRF/lawService.do?OC=jshssysh&target=ftc&ID=18743&type=HTML,
의결서,18727,젯아이씨㈜의 입찰참가자격제한 요청에 대한 건,2025하조0415,2025.10.19.,공정거래위원회,,,,,,https://www.law.go.kr/DRF/lawService.do?OC=jshssysh&target=ftc&ID=18727&type=HTML,
의결서,18631,㈜한울의 불공정하도급거래행위에 대한 건,2025부사0093,2025.10.16.,공정거래위원회,,,,,,https://www.law.go.kr/DRF/lawService.do?OC=jshssysh&target=ftc&ID=18631&type=HTML,
의결서,18729,5개 건설사 발주 빌트인 특판가구 입찰 관련 7개 사업자의 부당한 공동행위에 대한 건,"2023입담2303, 2024입담1862, 2024입담1865, 2024입담1868, 2024입담1869",2025.10.16.,공정거래위원회,,,,,,https://www.law.go.kr/DRF/lawService.do?OC=jshssysh&target=ftc&ID=18729&type=HTML,
의결서,18749,㈜이오시스템의 거래거절을 하도록 한 행위에 대한 건,2024서경2205,2025.10.16.,공정거래위원회,,,,,,https://www.law.go.kr/DRF/lawService.do?OC=jshssysh&target=ftc&ID=18749&type=HTML,
판례,612863,시정명령및과징금납부명령취소,2023두32709,2025.10.16,대법원,일반행정,,,,원심판결】 서울고법 2022. 12. 14. 선고 2021누36129,https://www.law.go.kr/DRF/lawService.do?OC=jshssysh&target=prec&ID=612863&type=HTML,
판례,612847,보험금,2022다225897,2025.10.16,대법원,민사,,,,원심판결】 서울동부지법 2022. 2. 9. 선고 2020나32079,https://www.law.go.kr/DRF/lawService.do?OC=jshssysh&target=prec&ID=612847&type=HTML,
판례,618143,보험금·보험금,2022다308747,2025.10.16,대법원,민사,,,,원심판결】 서울고법 2022. 11. 23. 선고 2021나2031635,https://www.law.go.kr/DRF/lawService.do?OC=jshssysh&target=prec&ID=618143&type=HTML,
판례,612841,과징금부과처분취소청구의소,2025두33477,2025.10.16,대법원,일반행정,,,,원심판결】 서울고법 2025. 3. 20. 선고 2022누39118,https://www.law.go.kr/DRF/lawService.do?OC=jshssysh&target=prec&ID=612841&type=HTML,
판례,612969,손해배상(기),2024나2062616,2025.09.19,서울고등법원,민사,,,,,https://www.law.go.kr/DRF/lawService.do?OC=jshssysh&target=prec&ID=612969&type=HTML,
판례,614605,손해배상(기),2024나2062616,2025.09.19,서울고등법원,민사,,,,,https://www.law.go.kr/DRF/lawService.do?OC=jshssysh&target=prec&ID=614605&type=HTML,
판례,609489,손해배상(기)[중도상환수수료가 이자제한법 제4조 제1항에 따른 간주이자에 해당하여 이자제한법상 최고이자율 제한에 관한 규정이 적용되는지 문제된 사건],2023다221885,2025.09.18,대법원,민사,,,,원심판결】 서울고법 2023. 2. 9. 선고 2022나2030981,https://www.law.go.kr/DRF/lawService.do?OC=jshssysh&target=prec&ID=609489&type=HTML,
판례,618571,손해배상(기),2023나2047788,2025.09.04,서울고등법원,민사,,,,,https://www.law.go.kr/DRF/lawService.do?OC=jshssysh&target=prec&ID=618571&type=HTML,
판례,615833,매매대금반환,2024나70595,2025.08.27,서울중앙지방법원,민사,,,,,https://www.law.go.kr/DRF/lawService.do?OC=jshssysh&target=prec&ID=615833&type=HTML,
판례,616719,부당이득금,2024나2048856,2025.08.21,서울고등법원,민사,,,,,https://www.law.go.kr/DRF/lawService.do?OC=jshssysh&target=prec&ID=616719&type=HTML,
판례,615683,손해배상(기),2024다312559,2025.08.14,대법원,민사,,,,원심판결】 서울중앙지법 2024. 11. 12. 선고 2024나1186,https://www.law.go.kr/DRF/lawService.do?OC=jshssysh&target=prec&ID=615683&type=HTML,
판례,615639,보험금,2024다301832,2025.08.14,대법원,민사,,,,원심판결】 서울중앙지법 2024. 10. 2. 선고 2024나14854,https://www.law.go.kr/DRF/lawService.do?OC=jshssysh&target=prec&ID=615639&type=HTML,
판례,615653,공사대금·사용료·손해배상(기),2025다210535,2025.08.14,대법원,민사,,,,원심판결】 광주지법 2025. 1. 24. 선고 2023나90902,https://www.law.go.kr/DRF/lawService.do?OC=jshssysh&target=prec&ID=615653&type=HTML,
판례,608527,채무부존재확인[보험회사의 민원해지 환수규정의 효력이 문제된 사건],2023다309679,2025.08.14,대법원,민사,,,,원심판결】 서울남부지법 2023. 11. 17. 선고 2022나62893,https://www.law.go.kr/DRF/lawService.do?OC=jshssysh&target=prec&ID=608527&type=HTML,
판례,615681,손해배상(기),2024다296213,2025.08.14,대법원,민사,,,,원심판결】 서울고법 2024. 9. 11. 선고 2023나2020349,https://www.law.go.kr/DRF/lawService.do?OC=jshssysh&target=prec&ID=615681&type=HTML,
판례,608435,대주주적격성유지요건충족명령및주식처분명령취소[저축은행의 대주주가 부당한 공동행위를 하여 벌금형이 확정된 후 대주주적격성 유지요건을 충족하지 못하였다는 처분사유로 충족명령과 주식처분명령을 받은 사건],2025두33025,2025.08.14,대법원,일반행정,,,,원심판결】 서울고법 2025. 2. 6. 선고 2024누37291,https://www.law.go.kr/DRF/lawService.do?OC=jshssysh&target=prec&ID=608435&type=HTML,
판례,616695,특정범죄가중처벌등에관한법률위반(조세)(피고인2·피고인3·피고인4에대하여일부인정된죄명조세범처벌법위반방조)·특정범죄가중처벌등에관한법률위반(허위세금계산서교부등)·특정경제범죄가중처벌등에관한법률위반(횡령)·업무상횡령·업무상배임·조세범처벌법위반,2019노96,2025.07.23,대전고등법원,형사,,,,원심판결】 대전지방법원 2019. 2. 22. 선고 2017고합343,https://www.law.go.kr/DRF/lawService.do?OC=jshssysh&target=prec&ID=616695&type=HTML,
판례,614309,공탁금출급청구권확인,2022다231717,2025.07.17,대법원,민사,,,,원심판결】 수원지법 2022. 4. 21. 선고 2021나82397,https://www.law.go.kr/DRF/lawService.do?OC=jshssysh&target=prec&ID=614309&type=HTML,
판례,619533,결혼중개업의관리에관한법률위반,2024노2093,2025.07.10,의정부지방법원,형사,,,,원심판결】 의정부지방법원 고양지원 2024. 7. 4. 선고 2023고정492,https://www.law.go.kr/DRF/lawService.do?OC=jshssysh&target=prec&ID=619533&type=HTML,
판례,614653,신주발행무효의소,2024가합52067,2025.06.27,서울중앙지방법원,민사,,,,,https://www.law.go.kr/DRF/lawService.do?OC=jshssysh&target=prec&ID=614653&type=HTML,
판례,607779,신주발행무효의소,2024가합52067,2025.06.27,서울중앙지방법원,민사,,,,,https://www.law.go.kr/DRF/lawService.do?OC=jshssysh&target=prec&ID=607779&type=HTML,
판례,607245,시정명령및과징금부과처분등취소[‘특수관계인에 대한 부당한 이익제공 등 금지’ 중 하나의 유형인 ‘사업기회 제공’ 해당 여부가 문제된 사건],2024두34382,2025.06.26,대법원,일반행정,,,,원심판결】 서울고법 2024. 1. 24. 선고 2022누40538,https://www.law.go.kr/DRF/lawService.do?OC=jshssysh&target=prec&ID=607245&type=HTML,
판례,607265,항만운송사업법위반[항만운송사업법상 선박연료공급업의 의미와 선박연료공급업자의 제3자에 대한 선박연료공급업무 위탁 허용 여부가 문제된 사건],2024도874,2025.06.26,대법원,형사,,,,원심판결】 춘천지법 강릉지원 2023. 12. 19. 선고 2022노525,https://www.law.go.kr/DRF/lawService.do?OC=jshssysh&target=prec&ID=607265&type=HTML,
판례,607191,부정처사후수뢰·개인정보보호법위반·공무상비밀누설·뇌물공여[검찰수사관과 기업에서 이른바 대관업무를 담당하는 사람이 업무상 알게 된 개인정보를 제공하거나 그 사정을 알면서도 영리 또는 부정한 목적으로 제공받았는지 문제된 사안],2025도3153,2025.06.26,대법원,형사,,,,원심판결】 서울고법 2025. 2. 7. 선고 2024노2332,https://www.law.go.kr/DRF/lawService.do?OC=jshssysh&target=prec&ID=607191&type=HTML,
판례,613233,손해배상(기),2022다207141,2025.06.26,대법원,민사,,,,원심판결】 서울고법 2021. 12. 10. 선고 2021나2019000,https://www.law.go.kr/DRF/lawService.do?OC=jshssysh&target=prec&ID=613233&type=HTML,
판례,613263,회사에관한소송,2024다316391,2025.06.26,대법원,민사,,,,원심판결】 서울고법 2024. 10. 25. 선고 2023나2053141,https://www.law.go.kr/DRF/lawService.do?OC=jshssysh&target=prec&ID=613263&type=HTML,
판례,619497,의결권행사허용가처분,2025라2309,2025.06.24,서울고등법원,민사,,,,,https://www.law.go.kr/DRF/lawService.do?OC=jshssysh&target=prec&ID=619497&type=HTML,
판례,614481,공사대금,2024나11642,2025.06.19,대구고등법원,민사,,,,,https://www.law.go.kr/DRF/lawService.do?OC=jshssysh&target=prec&ID=614481&type=HTML,
판례,606939,공사대금,2024나11642,2025.06.19,대구고등법원,민사,,,,,https://www.law.go.kr/DRF/lawService.do?OC=jshssysh&target=prec&ID=606939&type=HTML,
판례,606821,주주대표소송·주주대표소송[법령 위반 행위로 인한 이득에 대하여 손익상계를 할 수 있는지 문제된 사건],2021다256696,2025.06.12,대법원,민사,,,,원심판결】 대전고법 2021. 6. 24. 선고 2020나11597,https://www.law.go.kr/DRF/lawService.do?OC=jshssysh&target=prec&ID=606821&type=HTML,
판례,606767,"부가가치세부과처분취소[원고가 부가가치세 면제 대상인 예술창작품이 포함되어 있는 용역의 공급을 부가가치세 면세 대상로 오인하였는데, 이에 대한 가산세를 면할 정당한 사유가 있는지 문제된 사안]",2024두66181,2025.06.12,대법원,세무,,,,원심판결】 서울고법 2024. 11. 22. 선고 2024누43128,https://www.law.go.kr/DRF/lawService.do?OC=jshssysh&target=prec&ID=606767&type=HTML,
판례,606801,시정명령등취소청구의소[시장지배적 사업자의 배타조건부 거래행위의 성립 여부가 문제된 사건],2020두54074,2025.06.05,대법원,일반행정,,,,원심판결】 서울고법 2020. 10. 15. 선고 2019누41159,https://www.law.go.kr/DRF/lawService.do?OC=jshssysh&target=prec&ID=606801&type=HTML,
판례,614399,거래지원종료결정효력정지가처분,2025카합20718,2025.05.30,서울중앙지방법원,민사,,,,,https://www.law.go.kr/DRF/lawService.do?OC=jshssysh&target=prec&ID=614399&type=HTML,
판례,606937,거래지원종료결정효력정지가처분,2025카합20718,2025.05.30,서울중앙지방법원,민사,,,,,https://www.law.go.kr/DRF/lawService.do?OC=jshssysh&target=prec&ID=606937&type=HTML,
판례,616041,담배소비세 등 부과처분 취소,2023구합53878,2025.05.22,인천지방법원,일반행정,,,,,https://www.law.go.kr/DRF/lawService.do?OC=jshssysh&target=prec&ID=616041&type=HTML,
판례,612903,계약금반환청구의소,2024나54706,2025.05.22,부산지방법원,민사,,,,,https://www.law.go.kr/DRF/lawService.do?OC=jshssysh&target=prec&ID=612903&type=HTML,
판례,617267,담배소비세 등 부과처분 취소,2024구합51763,2025.05.22,인천지방법원,일반행정,,,,,https://www.law.go.kr/DRF/lawService.do?OC=jshssysh&target=prec&ID=617267&type=HTML,
판례,615991,취득세등 경정거부처분 취소,2024누63122,2025.05.16,서울행정법원,일반행정,,,,,https://www.law.go.kr/DRF/lawService.do?OC=jshssysh&target=prec&ID=615991&type=HTML,
판례,616595,납입금반환청구의소,2024나2017784,2025.05.16,서울고등법원,민사,,,,,https://www.law.go.kr/DRF/lawService.do?OC=jshssysh&target=prec&ID=616595&type=HTML,
판례,606191,손해배상(기)[한국소비자원의 행정상 공표의 위법성이 문제된 사건],2020다296604,2025.05.15,대법원,민사,,,,원심판결】 서울고법 2020. 11. 26. 선고 2020나2019454,https://www.law.go.kr/DRF/lawService.do?OC=jshssysh&target=prec&ID=606191&type=HTML,
판례,606973,해고무효확인,2023가합96954,2025.05.01,서울중앙지방법원,민사,,,,,https://www.law.go.kr/DRF/lawService.do?OC=jshssysh&target=prec&ID=606973&type=HTML,
판례,614721,해고무효확인,2023가합96954,2025.05.01,서울중앙지방법원,민사,,,,,https://www.law.go.kr/DRF/lawService.do?OC=jshssysh&target=prec&ID=614721&type=HTML,
의결서,18847,제이비인터내셔널 및 올댓의 전자상거래 및 통신판매 임시중지명령에 대한 건,2025전자1982,,공정거래위원회,,,,,,https://www.law.go.kr/DRF/lawService.do?OC=jshssysh&target=ftc&ID=18847&type=HTML,
