법령명,법령약칭,법령구분,조문,유형,개정일,위반요건,형벌_징역,형벌_벌금,과태료,과징금,산정기준별표,산정기준상세,최종수집일
할부거래에 관한 법률,할부거래법,법률,제50조(벌칙),벌칙(형사처벌),20270909,"제50조(벌칙) ① 다음 각 호의 어느 하나에 해당하는 자는 1년 이하의 징역 또는 3천만원 이하의 벌금에 처한다. <개정 2015.7.24, 2026.9.8> 1. 제27조제11항을 위반하여 소비자피해보상보험계약등을 체결 또는 유지함에 있어 거짓으로 선수금 등의 자료를 제출한 자 2. 제34조제1호부터 제3호까지, 제8호ㆍ제9호ㆍ제12호 및 제14호부터 제16호까지에 해당하는 금지행위를 한 자 ② 제1항의 징역형과 벌금형은 병과할 수 있다.",1년 이하의 징역,3천만원 이하의 벌금,,,,,2026-09-26 06:25
할부거래에 관한 법률,할부거래법,법률,제47조의3(벌칙),벌칙(형사처벌),20270909,제47조의3(벌칙) 제27조의4제5항을 위반하여 같은 조 제4항에 따라 제공받은 소비자에 관한 자료 또는 정보를 목적 외의 용도로 사용한 자는 5년 이하의 징역 또는 5천만원 이하의 벌금에 처한다.,5년 이하의 징역,5천만원 이하의 벌금,,,,,2026-09-26 06:25
할부거래에 관한 법률,할부거래법,법률,제42조(과징금),과징금,20270909,제42조(과징금) ① 공정거래위원회는 제40조제1항에 따라 영업정지를 명하여야 할 경우로서 영업정지가 소비자에게 심한 불편을 주거나 공익을 해할 우려가 있으면 영업정지를 갈음하여 해당 선불식 할부거래업자에 대하여 대통령령으로 정하는 위반행위 관련 매출액을 초과하지 아니하는 범위에서 과징금을 부과할 수 있다. 이 경우 관련 매출액이 없거나 이를 산정할 수 없는 경우 등에는 5천만원을 초과하지 아니하는 범위에서 과징금을 부과할 수 있다. ② 공정거래위원회는 제1항에 따른 과징금을 부과할 때 다음 각 호의 사항을 고려하여야 한다. 1. 위반행위로 인한 소비자 피해정도 2. 소비자피해에 대한 선불식 할부거래업자의 보상노력 정도 3. 위반행위로 인하여 취득한 이익의 규모 4. 위반행위의 내용ㆍ기간 및 횟수 등 ③ 공정거래위원회는 이 법을 위반한 선불식 할부거래업자인 회사의 합병이 있는 경우에는 그 회사가 행한 위반행위를 합병 후 존속하거나 합병으로 새로 설립된 회사가 한 행위로 보아 과징금을 부과ㆍ징수할 수 있다. ④ 삭제 <2023.3.21> ⑤ 제1항에 따른 과징금의 부과기준은 대통령령으로 정한다.,,,,,,,2026-09-26 06:25
할부거래에 관한 법률,할부거래법,법률,제54조(과태료에 관한 규정 적용의 특례),과태료,20270909,제54조(과태료에 관한 규정 적용의 특례) 제53조의 과태료에 관한 규정을 적용할 때 제42조에 따라 과징금을 부과한 행위에 대해서는 과태료를 부과할 수 없다.,,,,,,,2026-09-26 06:25
할부거래에 관한 법률,할부거래법,법률,제53조(과태료),과태료,20270909,"제53조(과태료) ① 다음 각 호의 어느 하나에 해당하는 자에게는 5천만원 이하의 과태료를 부과한다. <개정 2015.7.24, 2023.3.21> 1. 제18조제3항 또는 제5항에 따른 신고를 거짓으로 한 자 1의2. 제18조의2제1항을 위반하여 감사인이 작성하지 아니한 회계감사 보고서를 제출한 자 2. 제22조제1항 또는 제22조의2제7항에 따른 신고를 거짓으로 한 자 3. 제47조제2항에 따라 준용되는 「독점규제 및 공정거래에 관한 법률」 제81조제2항에 따른 조사를 거부ㆍ방해하거나 기피한 자 ② 다음 각 호의 어느 하나에 해당하는 자에게는 3천만원 이하의 과태료를 부과한다. <개정 2015.7.24, 2023.3.21, 2026.9.8> 1. 제18조제3항 또는 제5항에 따른 신고를 하지 아니한 자 2. 제18조제7항을 위반하여 자료를 제출하지 아니하거나 거짓 자료를 제출한 자 3. 제18조의2제1항에 따른 회계감사 보고서를 제출하지 아니한 자 3의2. 제18조의2제2항을 위반하여 감사인이 작성하지 아니한 회계감사 보고서를 공시한 자 4. 제22조제1항 또는 제22조의2제7항에 따른 신고를 하지 아니한 자 5. 거짓이나 그 밖의 부정한 방법으로 제22조의2제2항에 따른 설명을 하거나 동의를 받은 자 6. 모집인이 제23조제1항 또는 제2항을 위반한 경우 해당 선불식 할부거래업자. 다만, 선불식 할부거래업자가 그 위반행위를 막기 위하여 해당 업무에 관하여 상당한 주의와 감독을 게을리하지 아니한 경우에는 그러하지 아니하다. 7. 거짓이나 그 밖의 부정한 방법으로 제23조제1항, 제2항 또는 제4항에 따른 설명을 하거나 확인을 받은 자 8. 거짓이나 그 밖의 부정한 방법으로 제23조제3항ㆍ제4항에 따른 계약서를 발급한 자 9. 제27조제13항에 따른 서류를 제출하지 아니한 자 10. 제33조제1항에 따라 보존하거나 소비자의 열람에 제공하는 거래기록등을 거짓으로 작성한 자 10의2. 제34조의2제3항을 위반하여 재적임원 전원의 찬성을 받지 아니하거나 이사회의 의결을 거치지 아니한 자 10의3. 제34조의2제5항 또는 같은 조 제6항을 위반하여 보고를 하지 아니한 자 또는 주요 내용을 누락하거나 거짓으로 보고를 한 자 10의4. 제35조의2제2항을 위반하여 자료를 제출하지 아니하거나 거짓으로 자료를 제출한 자 11. 제47조제2항에 따라 준용되는 「독점규제 및 공정거래에 관한 법률」 제81조제1항제1호를 위반하여 정당한 사유 없이 출석하지 아니한 자 12. 제47조제2항에 따라 준용되는 「독점규제 및 공정거래에 관한 법률」 제81조제1항제3호 또는 같은 조 제6항에 따른 보고 또는 제출을 하지 아니하거나 거짓으로 보고 또는 제출을 한 자 ③ 제31조제4항에 따른 징계ㆍ해임 요구 또는 시정명령을 따르지 아니한 자에게는 2천만원 이하의 과태료를 부과한다. <신설 2026.9.8> ④ 다음 각 호의 어느 하나에 해당하는 자에게는 1천만원 이하의 과태료를 부과한다. <개정 2015.7.24, 2020.12.29, 2023.3.21, 2026.9.8> 1. 제18조의2제2항에 따라 회계감사 보고서를 공시하지 아니한 자 2. 제22조제2항 및 제22조의2제1항에 따른 공고를 하지 아니하거나 거짓으로 공고한 자 3. 제22조의2제2항 또는 제3항을 위반한 자 4. 제22조의2제6항을 위반하여 자료를 보존하지 아니한 자 5. 제23조제1항 또는 제2항을 위반하여 설명 또는 확인을 받지 아니한 자 6. 제23조제3항 또는 제4항에 따른 계약서를 발급하지 아니한 자 7. 제23조제5항 및 제32조제2항을 위반하여 대통령령으로 정하는 사항을 소비자에게 알리지 아니한 자 8. 제24조제5항을 위반하여 계약금, 할부금 또는 지연배상금을 환급하지 아니한 자 9. 제25조를 위반하여 대금 또는 지연배상금을 환급하지 아니하거나 과다한 위약금을 청구한 자 9의2. 제27조의2제1항을 위반하여 총리령으로 정하는 내용을 소비자에게 통지하지 아니하거나 거짓으로 통지한 자 10. 제32조제1항을 위반하여 휴업기간 또는 영업정지기간 중에 청약의 철회 등에 관한 업무를 계속하지 아니한 자 11. 제33조제1항을 위반하여 거래기록등을 보존하지 아니하거나 소비자가 열람할 수 있도록 하지 아니한 자 12. 삭제<2023.3.21> 13. 삭제<2023.3.21> 14. 삭제<2023.3.21> ⑤ 다음 각 호의 어느 하나에 해당하는 자(간접할부계약의 경우 신용제공자를 포함한다)에게는 500만원 이하의 과태료를 부과한다. <개정 2026.9.8> 1. 제5조를 위반하여 표시를 하지 아니하거나 거짓 표시를 한 자 2. 제6조제2항에 따른 계약서를 발급하지 아니하거나 거짓으로 적은 계약서를 발급한 자 3. 제6조제3항에 따른 서면을 발급하지 아니한 자 4. 제7조에 따른 할부수수료의 실제연간요율의 최고한도를 위반하여 할부수수료를 받은 자 5. 제10조를 위반하여 계약금, 할부금 또는 지연배상금을 환급하지 아니하거나 환급에 필요한 조치를 취하지 아니한 자 6. 제10조제8항 또는 제16조제7항을 위반하여 소비자에게 불이익을 주는 행위를 한 자 7. 제12조제1항에 따른 지연손해금 산정 시 적용하는 이율의 최고한도를 위반하여 지연손해금을 받은 자 8. 제17조를 위반하여 휴업기간 또는 영업정지기간 중에 청약의 철회에 관한 업무를 계속하지 아니한 자 ⑥ 제47조제1항에 따라 준용되는 「독점규제 및 공정거래에 관한 법률」 제66조에 따른 질서유지명령에 따르지 아니한 자에게는 100만원 이하의 과태료를 부과한다. <개정 2020.12.29, 2026.9.8> ⑦ 제1항부터 제4항까지 및 제6항에 따른 과태료는 공정거래위원회, 시ㆍ도지사 또는 시장ㆍ군수ㆍ구청장이 부과ㆍ징수한다. <개정 2026.9.8> ⑧ 제5항에 따른 과태료는 특별자치도지사ㆍ특별자치시장 또는 시장ㆍ군수ㆍ구청장이 부과ㆍ징수한다. <개정 2023.3.21, 2026.9.8> ⑨ 제1항부터 제6항까지에 따른 과태료의 부과기준은 대통령령으로 정한다. <개정 2026.9.8>",,,5천만원 이하의 과태료 / 3천만원 이하의 과태료 / 2천만원 이하의 과태료 / 1천만원 이하의 과태료 / 500만원 이하의 과태료 / 100만원 이하의 과태료,,,,2026-09-26 06:25
할부거래에 관한 법률,할부거래법,법률,제52조(양벌규정),양벌규정,20270909,"제52조(양벌규정) 법인의 대표자나 법인 또는 개인의 대리인, 사용인, 그 밖의 종업원이 그 법인 또는 개인의 업무에 관하여 제48조, 제50조 또는 제51조의 위반행위를 하면 그 행위자를 벌하는 외에 그 법인 또는 개인에게도 해당 조문의 벌금형을 과(科)한다. 다만, 법인 또는 개인이 그 위반행위를 방지하기 위하여 해당 업무에 관하여 상당한 주의와 감독을 게을리하지 아니한 경우에는 그러하지 아니하다.",,,,,,,2026-09-26 06:25
할부거래에 관한 법률,할부거래법,법률,제51조(벌칙),벌칙(형사처벌),20270909,제51조(벌칙) 다음 각 호의 어느 하나에 해당하는 자는 1천만원 이하의 벌금에 처한다. <개정 2015.7.24> 1. 제34조제5호의 금지행위를 한 자 2. 제34조제11호의 금지행위를 한 자,,1천만원 이하의 벌금,,,,,2026-09-26 06:25
할부거래에 관한 법률,할부거래법,법률,제47조의2(벌칙 적용에서 공무원 의제),벌칙(형사처벌),20270909,제47조의2(벌칙 적용에서 공무원 의제) 다음 각 호의 어느 하나에 해당하는 사람은 「형법」 제129조부터 제132조까지를 적용할 때에는 공무원으로 본다. 1. 제27조의4제6항에 따라 선불식 할부거래 정보시스템의 운영 업무를 담당하는 기관 또는 단체의 임직원 2. 제35조제6항에 따라 같은 조 제1항의 조사 업무를 담당하는 한국소비자원의 임직원 3. 제39조의2제3항에 따라 제35조제1항의 조사 업무를 담당하는 금융감독원의 임직원 4. 제46조제1항 또는 제2항에 따라 사무를 위탁받은 한국소비자원 및 사업자단체의 임직원,,,,,,,2026-09-26 06:25
할부거래에 관한 법률,할부거래법,법률,제49조(벌칙),벌칙(형사처벌),20270909,"제49조(벌칙) 제47조제5항에 따라 준용되는 「독점규제 및 공정거래에 관한 법률」 제119조를 위반한 자는 2년 이하의 징역 또는 200만원 이하의 벌금에 처한다. <개정 2020.12.29, 2023.3.21>",2년 이하의 징역,200만원 이하의 벌금,,,,,2026-09-26 06:25
할부거래에 관한 법률,할부거래법,법률,제48조의2(벌칙),벌칙(형사처벌),20270909,제48조의2(벌칙) 제27조의4제5항을 위반하여 같은 조 제4항에 따라 제공받은 소비자에 관한 자료 또는 정보를 목적 외의 용도로 조회한 자는 3년 이하의 징역 또는 3천만원 이하의 벌금에 처한다.,3년 이하의 징역,3천만원 이하의 벌금,,,,,2026-09-26 06:25
할부거래에 관한 법률,할부거래법,법률,제48조(벌칙),벌칙(형사처벌),20270909,"제48조(벌칙) ① 다음 각 호의 어느 하나에 해당하는 자는 3년 이하의 징역 또는 1억원 이하의 벌금에 처한다. 이 경우 다음 각 호의 어느 하나에 해당하는 자가 해당 법 위반행위와 관련하여 판매 또는 거래한 대금 총액의 3배에 상당하는 금액이 1억원을 초과하는 때에는 3년 이하의 징역 또는 판매하거나 거래한 대금 총액의 3배에 상당하는 금액 이하의 벌금에 처한다. <개정 2015.7.24, 2026.9.8> 1. 제18조제1항을 위반하여 등록을 하지 아니하고(제40조제2항에 따라 등록이 취소된 경우를 포함한다) 선불식 할부거래업을 하는 자 2. 거짓이나 그 밖의 부정한 방법으로 제18조제1항에 따른 등록을 하고 선불식 할부거래업을 하는 자(제34조제7호의 금지행위를 한 자를 포함한다) 3. 제34조제17호 또는 제18호의 금지행위를 한 자 3의2. 제34조의2제1항을 위반하여 신용공여를 하거나 받은 자 4. 제39조제1항에 따른 시정조치 명령에 응하지 아니한 자 5. 제40조제1항에 따른 영업정지 명령을 위반하여 영업을 한 자 ② 제1항의 징역형과 벌금형은 병과(倂科)할 수 있다.",3년 이하의 징역,1억원 이하의 벌금,,,,,2026-09-26 06:25
소비자기본법,소비자기본법,법률,제85조(양벌규정),양벌규정,20260911,"제85조(양벌규정) 법인의 대표자나 법인 또는 개인의 대리인, 사용인, 그 밖의 종업원이 그 법인 또는 개인의 업무에 관하여 제84조의 위반행위를 하면 그 행위자를 벌하는 외에 그 법인 또는 개인에게도 해당 조문의 벌금형을 과(科)한다. 다만, 법인 또는 개인이 그 위반행위를 방지하기 위하여 해당 업무에 관하여 상당한 주의와 감독을 게을리하지 아니한 경우에는 그러하지 아니하다.",,,,,,,2026-09-26 06:25
소비자기본법 시행령,소비자기본법 시행령,대통령령,제33조(벌칙 적용 시의 공무원 의제),벌칙(형사처벌),20260911,"제33조(벌칙 적용 시의 공무원 의제) 법 제43조에서 ""대통령령이 정하는 직원""이란 법 제35조제1항제2호ㆍ제5호 및 법 제52조제1항ㆍ제2항의 업무에 종사하는 직원을 말한다.",,,,,,,2026-09-26 06:25
소비자기본법 시행령,소비자기본법 시행령,대통령령,제69조(과태료의 부과기준),과태료,20260911,제69조(과태료의 부과기준) 법 제86조제1항에 따른 과태료의 부과기준은 별표 2와 같다.,,,,,소비자단체 등록증,"[소비자단체 등록증]
■ 소비자기본법 시행령 [별지 제2호서식] <신설 2015.8.11.> ┏━━━━━━━━━━━━━━━━━━━━━━━━━━━━━━━━━━━━┓ ┃ ┃ ┃ 등 록 번 호 제 호 ┃ ┃ ┃ ┃ ┃ ┃소비자단체 등록증 ┃ ┃ ┃ ┃ ┃ ┃ 1. 명칭: ┃ ┃ ┃ ┃ 2. 주된 사무소의 소재지: ┃ ┃ ┃ ┃ 3. 대표자 성명: ┃ ┃ ┃ ┃ 4. 주된 사업내용: ┃ ┃ ┃ ┃ ┃ ┃ 「소비자기본법」제29조 및 같은 법 시행령 제23조에 따라 위와 같이 등록┃ ┃하였음을 증명합니다. ┃ ┃ ┃ ┃ 년 월 일 ┃ ┃ ┃ ┃ ┏━━┓ ┃ ┃ 공정거래위원회 또는 ┃직인┃ ┃ ┃ 특별시장ㆍ광역시장 ┃ ┃ ┃ ┃ 도지사ㆍ특별자치도지사┃ ┃ ┃ ┃ ┗━━┛ ┃ ┃ ┃ ┗━━━━━━━━━━━━━━━━━━━━━━━━━━━━━━━━━━━━┛ 210mm×297mm[백상지 150g/㎡]",2026-09-26 06:25
소비자기본법,소비자기본법,법률,제86조(과태료),과태료,20260911,"제86조(과태료) ①다음 각 호의 어느 하나에 해당하는 자는 3천만원 이하의 과태료에 처한다. <개정 2017.10.31, 2018.12.31> 1. 제20조의 규정을 위반한 자 2. 제37조의 규정을 위반하여 동일 또는 유사명칭을 사용한 자 3. 제47조제1항의 규정을 위반하여 보고의무를 이행하지 아니하거나 거짓으로 이행한 자 4. 제77조제1항 또는 제3항의 규정에 따른 검사ㆍ시료수거ㆍ출입을 거부ㆍ방해ㆍ기피한 자, 업무에 관한 보고를 하지 아니하거나 거짓으로 보고한 자 또는 관계 물품ㆍ서류 등을 제출하지 아니하거나 거짓으로 제출한 자 ②제1항의 규정에 따른 과태료는 대통령령으로 정하는 바에 따라 중앙행정기관의 장 또는 시ㆍ도지사가 부과ㆍ징수한다. <개정 2010.3.22> ③ 삭제 <2010.3.22> ④ 삭제 <2010.3.22> ⑤ 삭제 <2010.3.22> ⑥ 삭제 <2010.3.22>",,,3천만원 이하의 과태료,,,,2026-09-26 06:25
소비자기본법,소비자기본법,법률,제43조(벌칙 적용에서 공무원 의제),벌칙(형사처벌),20260911,제43조(벌칙 적용에서 공무원 의제) 다음 각 호의 어느 하나에 해당하는 사람은 「형법」 제129조부터 제132조까지의 규정에 따른 벌칙을 적용할 때에는 공무원으로 본다. 1. 한국소비자원의 임원 2. 제35조제1항제2호ㆍ제5호의 업무에 종사하는 직원 3. 제52조제1항ㆍ제2항의 업무에 종사하는 직원 4. 제60조에 따른 소비자분쟁조정위원회의 위원,,,,,,,2026-09-26 06:25
소비자기본법,소비자기본법,법률,제84조(벌칙),벌칙(형사처벌),20260911,"제84조(벌칙) ①다음 각 호의 어느 하나에 해당하는 자는 3년 이하의 징역 또는 5천만원 이하의 벌금에 처한다. <개정 2018.12.31> 1. 제50조 또는 제80조의 규정에 따른 명령을 위반한 자 2. 제77조제5항(제83조제3항의 규정에 따라 준용되는 경우를 포함한다)의 규정을 위반하여 검사 등으로 알게 된 내용을 이 법의 시행을 위한 목적이 아닌 용도로 사용한 자 3. 제78조제5항의 규정을 위반하여 제공된 자료 및 정보를 사용목적이 아닌 용도 또는 사용절차가 아닌 방법으로 사용한 자 ②제52조제5항 본문을 위반하여 위해정보에 관한 사항을 누설한 자는 1년 이하의 징역 또는 3천만원 이하의 벌금에 처한다. <개정 2018.3.13, 2026.3.10> ③제1항의 경우에 징역형과 벌금형은 이를 병과(倂科)할 수 있다.",3년 이하의 징역 / 1년 이하의 징역,5천만원 이하의 벌금 / 3천만원 이하의 벌금,,,,,2026-09-26 06:25
상법,상법,법률,제86조의9(과태료),과태료,20260910,"제86조의9(과태료) 합자조합의 업무집행조합원, 제86조의8에 따라 준용되는 제183조의2 또는 제253조에 따른 직무대행자 또는 청산인이 이 장(章)에서 정한 등기를 게을리한 경우에는 500만원 이하의 과태료를 부과한다.",,,500만원 이하의 과태료,,,,2026-09-26 06:25
상법,상법,법률,제634조의3(양벌규정),양벌규정,20260910,"제634조의3(양벌규정) 회사의 대표자나 대리인, 사용인, 그 밖의 종업원이 그 회사의 업무에 관하여 제624조의2의 위반행위를 하면 그 행위자를 벌하는 외에 그 회사에도 해당 조문의 벌금형을 과(科)한다. 다만, 회사가 제542조의13에 따른 의무를 성실히 이행한 경우 등 회사가 그 위반행위를 방지하기 위하여 해당 업무에 관하여 상당한 주의와 감독을 게을리하지 아니한 경우에는 그러하지 아니하다. <개정 2011.4.14>",,,,,,,2026-09-26 06:25
상법,상법,법률,제635조(과태료에 처할 행위),과태료,20260910,"제635조(과태료에 처할 행위) ① 회사의 발기인, 설립위원, 업무집행사원, 업무집행자, 이사, 집행임원, 감사, 감사위원회 위원, 외국회사의 대표자, 검사인, 제298조제3항ㆍ제299조의2ㆍ제310조제3항 또는 제313조제2항의 공증인, 제299조의2ㆍ제310조제3항 또는 제422조제1항의 감정인, 지배인, 청산인, 명의개서대리인, 사채모집을 위탁받은 회사와 그 사무승계자 또는 제386조제2항ㆍ제407조제1항ㆍ제415조ㆍ제542조제2항 또는 제567조의 직무대행자가 다음 각 호의 어느 하나에 해당하는 행위를 한 경우에는 500만원 이하의 과태료를 부과한다. 다만, 그 행위에 대하여 형(刑)을 과(科)할 때에는 그러하지 아니하다. <개정 2011.4.14> 1. 이 편(編)에서 정한 등기를 게을리한 경우 2. 이 편에서 정한 공고 또는 통지를 게을리하거나 부정(不正)한 공고 또는 통지를 한 경우 3. 이 편에서 정한 검사 또는 조사를 방해한 경우 4. 이 편의 규정을 위반하여 정당한 사유 없이 서류의 열람 또는 등사, 등본 또는 초본의 발급을 거부한 경우 5. 관청, 총회, 사채권자집회 또는 발기인에게 부실한 보고를 하거나 사실을 은폐한 경우 6. 주권, 채권 또는 신주인수권증권에 적을 사항을 적지 아니하거나 부실하게 적은 경우 7. 정당한 사유 없이 주권의 명의개서를 하지 아니한 경우 8. 법률 또는 정관에서 정한 이사 또는 감사의 인원수를 궐(闕)한 경우에 그 선임절차를 게을리한 경우 9. 정관ㆍ주주명부 또는 그 복본(複本), 사원명부ㆍ사채원부 또는 그 복본, 의사록, 감사록, 재산목록, 대차대조표, 영업보고서, 사무보고서, 손익계산서, 그 밖에 회사의 재무상태와 경영성과를 표시하는 것으로서 제287조의33 및 제447조제1항제3호에 따라 대통령령으로 정하는 서류, 결산보고서, 회계장부, 제447조ㆍ제534조ㆍ제579조제1항 또는 제613조제1항의 부속명세서 또는 감사보고서에 적을 사항을 적지 아니하거나 부실하게 적은 경우 10. 법원이 선임한 청산인에 대한 사무의 인계(引繼)를 게을리하거나 거부한 경우 11. 청산의 종결을 늦출 목적으로 제247조제3항, 제535조제1항 또는 제613조제1항의 기간을 부당하게 장기간으로 정한 경우 12. 제254조제4항, 제542조제1항 또는 제613조제1항을 위반하여 파산선고 청구를 게을리한 경우 13. 제589조제2항을 위반하여 출자의 인수인을 공모한 경우 14. 제232조, 제247조제3항, 제439조제2항, 제527조의5, 제530조제2항, 제530조의9제4항, 제530조의11제2항, 제597조, 제603조 또는 제608조를 위반하여 회사의 합병ㆍ분할ㆍ분할합병 또는 조직변경, 회사재산의 처분 또는 자본금의 감소를 한 경우 15. 제260조, 제542조제1항 또는 제613조제1항을 위반하여 회사재산을 분배한 경우 16. 제302조제2항, 제347조, 제420조, 제420조의2, 제474조제2항 또는 제514조을 위반하여 주식청약서, 신주인수권증서 또는 사채청약서를 작성하지 아니하거나 이에 적을 사항을 적지 아니하거나 또는 부실하게 적은 경우 17. 제342조 또는 제560조제1항을 위반하여 주식 또는 지분의 실효 절차, 주식 또는 지분의 질권 처분을 게을리한 경우 18. 제343조제1항 또는 제560조제1항을 위반하여 주식 또는 출자를 소각한 경우 19. 제355조제1항ㆍ제2항 또는 제618조를 위반하여 주권을 발행한 경우 20. 제358조의2제2항을 위반하여 주주명부에 기재를 하지 아니한 경우 21. 제363조의2제1항, 제542조제2항 또는 제542조의6제2항을 위반하여 주주가 제안한 사항을 주주총회의 목적사항으로 하지 아니한 경우 22. 제365조제1항ㆍ제2항, 제578조, 제467조제3항, 제582조제3항에 따른 법원의 명령을 위반하여 주주총회를 소집하지 아니하거나, 정관으로 정한 곳 외의 장소에서 주주총회를 소집하거나, 제363조, 제364조, 제571조제2항ㆍ제3항을 위반하여 주주총회를 소집한 경우 23. 제374조제2항, 제530조제2항 또는 제530조의11제2항을 위반하여 주식매수청구권의 내용과 행사방법을 통지 또는 공고하지 아니하거나 부실한 통지 또는 공고를 한 경우 24. 제287조의34제1항, 제396조제1항, 제448조제1항, 제510조제2항, 제522조의2제1항, 제527조의6제1항, 제530조의7, 제534조제3항, 제542조제2항, 제566조제1항, 제579조의3, 제603조 또는 제613조를 위반하여 장부 또는 서류를 갖추어 두지 아니한 경우 25. 제412조의5제3항을 위반하여 정당한 이유 없이 감사 또는 감사위원회의 조사를 거부한 경우 26. 제458조부터 제460조까지 또는 제583조를 위반하여 준비금을 적립하지 아니하거나 이를 사용한 경우 27. 제464조의2제1항의 기간에 배당금을 지급하지 아니한 경우 28. 제478조제1항 또는 제618조를 위반하여 채권을 발행한 경우 29. 제536조 또는 제613조제1항을 위반하여 채무 변제를 한 경우 30. 제542조의5를 위반하여 이사 또는 감사를 선임한 경우 31. 제555조를 위반하여 지분에 대한 지시식 또는 무기명식의 증권을 발행한 경우 32. 제619조제1항에 따른 법원의 명령을 위반한 경우 ② 발기인, 이사 또는 집행임원이 주권의 인수로 인한 권리를 양도한 경우에도 제1항과 같다. <개정 2011.4.14> ③ 제1항 각 호 외의 부분에 규정된 자가 다음 각 호의 어느 하나에 해당하는 행위를 한 경우에는 5천만원 이하의 과태료를 부과한다. <신설 2009.1.30, 2025.7.22> 1. 제542조의8제1항을 위반하여 독립이사 선임의무를 이행하지 아니한 경우 2. 제542조의8제4항을 위반하여 독립이사 후보추천위원회를 설치하지 아니하거나 독립이사가 총위원의 2분의 1 이상이 되도록 독립이사 후보추천위원회를 구성하지 아니한 경우 3. 제542조의8제5항에 따라 독립이사를 선임하지 아니한 경우 4. 제542조의9제3항을 위반하여 이사회 승인 없이 거래한 경우 5. 제542조의11제1항을 위반하여 감사위원회를 설치하지 아니한 경우 6. 제542조의11제2항을 위반하여 제415조의2제2항 및 제542조의11제2항 각 호의 감사위원회의 구성요건에 적합한 감사위원회를 설치하지 아니한 경우 7. 제542조의11제4항제1호 및 제2호를 위반하여 감사위원회가 제415조의2제2항 및 제542조의11제2항 각 호의 감사위원회의 구성요건에 적합하도록 하지 아니한 경우 8. 제542조의12제2항을 위반하여 감사위원회위원의 선임절차를 준수하지 아니한 경우 ④ 제1항 각 호 외의 부분에 규정된 자가 다음 각 호의 어느 하나에 해당하는 행위를 한 경우에는 1천만원 이하의 과태료를 부과한다. <신설 2009.1.30, 2025.9.9> 1. 제542조의4에 따른 주주총회 소집의 통지ㆍ공고를 게을리하거나 부정한 통지 또는 공고를 한 경우 2. 제542조의12제5항을 위반하여 의안을 별도로 상정하여 의결하지 아니한 경우",,,500만원 이하의 과태료 / 5천만원 이하의 과태료 / 1천만원 이하의 과태료,,,,2026-09-26 06:25
상법,상법,법률,제637조(법인에 대한 벌칙의 적용),벌칙(형사처벌),20260910,"제637조(법인에 대한 벌칙의 적용) 제622조, 제623조, 제625조, 제627조, 제628조 또는 제630조제1항에 규정된 자가 법인인 경우에는 이 장의 벌칙은 그 행위를 한 이사, 집행임원, 감사, 그 밖에 업무를 집행한 사원 또는 지배인에게 적용한다.",,,,,,,2026-09-26 06:25
상법,상법,법률,제637조의2(과태료의 부과ㆍ징수),과태료,20260910,"제637조의2(과태료의 부과ㆍ징수) ① 제635조(제1항제1호는 제외한다) 또는 제636조에 따른 과태료는 대통령령으로 정하는 바에 따라 법무부장관이 부과ㆍ징수한다. ② 제1항에 따른 과태료 처분에 불복하는 자는 그 처분을 고지받은 날부터 60일 이내에 법무부장관에게 이의를 제기할 수 있다. ③ 제1항에 따른 과태료 처분을 받은 자가 제2항에 따라 이의를 제기한 때에는 법무부장관은 지체 없이 관할 법원에 그 사실을 통보하여야 하며, 그 통보를 받은 관할 법원은 「비송사건절차법」에 따른 과태료 재판을 한다. ④ 제2항에서 규정하는 기간 내에 이의를 제기하지 아니하고 과태료를 납부하지 아니한 때에는 국세 체납처분의 예에 따라 징수한다.",,,,,,,2026-09-26 06:25
하도급거래 공정화에 관한 법률 시행령,하도급법 시행령,대통령령,제18조(과태료의 부과기준),과태료,20260811,"제18조(과태료의 부과기준) 법 제30조의2제1항부터 제7항까지의 규정에 따른 과태료의 부과기준은 다음 각 호의 기준에 따른다. <개정 2018.4.30, 2018.10.16, 2023.1.3, 2023.9.26> 1. 법 제30조의2제1항제1호의 과태료: 별표 4 2. 법 제30조의2제1항제2호ㆍ제3호 및 같은 조 제2항부터 제7항까지의 규정에 따른 과태료: 별표 5",,,,,과태료의 부과기준(제18조제1호 관련) / 과태료의 부과기준(제18조제2호 관련),"[과태료의 부과기준(제18조제1호 관련)]
■ 하도급거래 공정화에 관한 법률 시행령 [별표 4] <신설 2023. 1. 3.> 과태료의 부과기준(제18조제1호 관련) 1. 일반기준 가. 부과권자는 다음의 어느 하나에 해당하는 경우에는 제2호의 개별기준에 따 른 과태료의 4분의 3 범위에서 그 금액을 줄여 부과할 수 있다. 다만, 과태 료를 체납하고 있는 위반행위자에 대해서는 그렇지 않다. 1) 위반행위가 사소한 부주의나 오류로 인한 것으로 인정되는 경우 2) 위반의 내용ㆍ정도가 경미하다고 인정되는 경우 3) 그 밖에 위반행위의 정도, 위반행위의 동기와 그 결과 등을 고려하여 줄 일 필요가 있다고 인정되는 경우 나. 부과권자는 다음의 어느 하나에 해당하는 경우에는 제2호의 개별기준에 따 른 과태료의 2분의 1 범위에서 그 금액을 늘려 부과할 수 있다. 다만, 늘려 부과하는 경우에도 법 제30조의2제1항에 따른 과태료의 상한을 넘을 수 없 다. 1) 위반행위가 고의나 중대한 과실에 의한 것으로 인정되는 경우 2) 위반의 내용ㆍ정도가 중대하다고 인정되는 경우 3) 그 밖에 위반행위의 정도, 위반행위의 동기와 그 결과 등을 고려하여 늘 릴 필요가 있다고 인정되는 경우 2. 개별기준 ┌────────────────────────────────┬──────┐ │위반 유형 │과태료 │ ├────────┬──────────┬────────────┤(단위: 만원)│ │공시 여부 │공시기한 준수 여부 │주요내용의 누락이나 거 │ │ │ │ │짓 공시 여부 │ │ ├────────┼──────────┼────────────┼──────┤ │가. 공시하지 않 │ │ │500 │ │은 경우 │ │ │ │ ├────────┼──────────┼────────────┼──────┤ │나. 공시한 경우 │1) 공시기한까지 공 │가) 주요내용을 누락하여 │100 │ │ │시한 경우 │공시하거나 거짓으로 │ │ │ │ │공시한 사항을 공시기 │ │ │ │ │한이 지난 후 과태료 │ │ │ │ │처분 사전통지서 발송 │ │ │ │ │일 전날까지 보완한 경 │ │ │ │ │우 │ │ │ │ ├────────────┼──────┤ │ │ │나) 주요내용을 누락하여 │200 │ │ │ │공시하거나 거짓으로 │ │ │ │ │공시한 경우로서 가)에 │ │ │ │ │해당하지 않는 경우 │ │ │ ├──────────┼────────────┼──────┤ │ │2) 공시기한을 넘긴 │가) 주요내용을 누락하여 │100 │ │ │경우 │공시하거나 거짓으로 │ │ │ │ │공시한 경우가 아닌 경 │ │ │ │ │우(주요내용을 누락하 │ │ │ │ │여 공시하거나 거짓으 │ │ │ │ │로 공시한 사항을 과태 │ │ │ │ │료 처분 사전통지서 발 │ │ │ │ │송일 전날까지 보완한 │ │ │ │ │경우를 포함한다) │ │ │ │ ├────────────┼──────┤ │ │ │나) 주요내용을 누락하여 │250 │ │ │ │공시하거나 거짓으로 │ │ │ │ │공시한 경우 │ │ └────────┴──────────┴────────────┴──────┘

[과태료의 부과기준(제18조제2호 관련)]
■ 하도급거래 공정화에 관한 법률 시행령 [별표 5] <개정 2023. 9. 26.> 과태료의 부과기준(제18조제2호 관련) 1. 일반기준 가. 위반행위의 횟수에 따른 과태료의 가중된 부과기준은 최근 3년간 같은 위 반행위로 과태료 부과처분을 받은 경우에 적용한다. 이 경우 기간의 계산은 위반행위에 대하여 과태료 부과처분을 받은 날과 그 처분 후 다시 같은 위반 행위를 하여 적발된 날을 기준으로 한다. 나. 가목에 따라 가중된 부과처분을 하는 경우 가중처분의 적용 차수는 그 위반 행위 전 부과처분 차수(가목에 따른 기간 내에 과태료 부과처분이 둘 이상 있었던 경우에는 높은 차수를 말한다)의 다음 차수로 한다. 다. 부과권자는 다음의 어느 하나에 해당하는 경우에는 제2호의 개별기준에 따 른 과태료의 2분의 1 범위에서 그 금액을 줄여 부과할 수 있다. 다만, 과태료 를 체납하고 있는 위반행위자에 대해서는 그렇지 않다. 1) 위반행위자가 「질서위반행위규제법 시행령」 제2조의2제1항 각 호의 어느 하나 에 해당하는 경우 2) 위반행위자가 「중소기업기본법」 제2조에 따른 중소기업자인 경우 3) 위반행위가 사소한 부주의나 오류로 인한 것으로 인정되는 경우 4) 위반행위자가 법 위반상태를 시정하거나 해소한 경우 5) 위반행위자가 해당 위반행위를 처음 한 경우로서 최근 3년 이내에 법 제3 조의6에 따른 하도급대금 연동 우수기업등으로 선정된 사실이 있는 경우 (해당 사업자등의 임직원이 선정된 경우를 포함한다) 6) 그 밖에 위반행위의 정도, 위반행위의 동기와 그 결과 등을 고려하여 줄일 필요 가 있다고 인정되는 경우 2. 개별기준 (단위: 만원) ┌───────────────────┬────────┬────────────┐ │위반행위 │근거 법조문 │과태료 금액 │ │ │ ├───┬───┬────┤ │ │ │1차 위│2차 위│3차 이 │ │ │ │반 │반 │상 위반 │ ├───────────────────┼────────┼───┴───┴────┤ │가. 법 제3조제2항제3호를 위반하여 하 │법 제30조의2제 │1,000 │ │도급대금 연동에 관한 사항을 적지 │5항제1호 │ │ │않은 경우 │ │ │ ├───────────────────┼────────┼───┬───┬────┤ │나. 법 제3조제5항을 위반하여 거래상 │법 제30조의2제 │3,000 │4,000 │5,000 │ │지위를 남용하거나 거짓 또는 그 밖의 │4항 │ │ │ │ │부정한 방법으로 같은 조의 적용을 │ │ │ │ │ │피하려는 행위를 한 경우 │ │ │ │ │ ├───────────────────┼────────┼───┼───┼────┤ │다. 법 제3조의5를 위반하여 같은 조 각 │법 제30조의2제 │100 │200 │300 │ │호의 사항을 알리지 않거나 거짓으로 │5항제2호 │ │ │ │ │알린 경우 │ │ │ │ │ ├───────────────────┼────────┼───┼───┼────┤ │라. 법 제22조의2제2항에 따른 자료를 │법 제30조의2제 │100 │250 │500 │ │제출하지 않거나 거짓으로 자료를 제 │6항 │ │ │ │ │출한 경우 │ │ │ │ │ ├───────────────────┼────────┼───┼───┼────┤ │마. 법 제22조의2제4항을 위반하여 수급 │법 제30조의2제 │ │ │ │ │사업자로 하여금 자료를 제출하지 않 │3항 │ │ │ │ │게 하거나 거짓 자료를 제출하도록 │ │ │ │ │ │요구한 경우 │ │ │ │ │ │ │ │ │ │ │ │ 1) 원사업자 │ │1,000 │2,500 │5,000 │ │ │ │ │ │ │ │ 2) 원사업자의 임원, 종업원과 그 │ │100 │250 │500 │ │밖의 이해관계인 │ │ │ │ │ ├───────────────────┼────────┼───┼───┼────┤ │바. 법 제27조제1항에 따라 준용되는 │법 제30조의2제 │50 │75 │100 │ │「독점규제 및 공정거래에 관한 법 │7항 │ │ │ │ │률」 제66조에 따른 질서유지의 명령 │ │ │ │ │ │을 따르지 않은 경우 │ │ │ │ │ ├───────────────────┼────────┼───┼───┼────┤ │사. 법 제27조제2항에 따라 준용되는 │법 제30조의2제1 │ │ │ │ │「독점규제 및 공정거래에 관한 법 │항제2호 │ │ │ │ │률」 제81조제1항제1호에 따른 출석 │ │ │ │ │ │처분을 위반하여 정당한 사유 없이 │ │ │ │ │ │출석하지 않은 경우 │ │ │ │ │ │ │ │ │ │ │ │ 1) 사업자 또는 사업자단체 │ │2,000 │5,000 │10,000 │ │ │ │ │ │ │ │ 2) 사업자 또는 사업자단체의 임 │ │200 │500 │1,000 │ │원, 종업원과 그 밖의 이해관계 │ │ │ │ │ │인 │ │ │ │ │ ├───────────────────┼────────┼───┼───┼────┤ │아. 법 제27조제2항에 따라 준용되는 │법 제30조의2제1 │ │ │ │ │「독점규제 및 공정거래에 관한 법 │항제3호 │ │ │ │ │률」 제81조제1항제3호 또는 같은 조 │ │ │ │ │ │제6항에 따른 보고 또는 필요한 자료 │ │ │ │ │ │나 물건을 제출하지 않거나 거짓으로 │ │ │ │ │ │보고 또는 자료나 물건을 제출한 경우 │ │ │ │ │ │ │ │ │ │ │ │ 1) 사업자 또는 사업자단체 │ │2,000 │5,000 │10,000 │ │ │ │ │ │ │ │ 2) 사업자 또는 사업자단체의 임 │ │200 │500 │1,000 │ │원, 종업원과 그 밖의 이해관계 │ │ │ │ │ │인 │ │ │ │ │ ├───────────────────┼────────┼───┼───┼────┤ │자. 법 제27조제2항에 따라 준용되는 │법 제30조의2제 │ │ │ │ │「독점규제 및 공정거래에 관한 법 │2항 │ │ │ │ │률」 제81조제2항 및 제3항에 따른 │ │ │ │ │ │조사를 거부ㆍ방해ㆍ기피한 경우 │ │ │ │ │ │ │ │ │ │ │ │ 1) 사업자 또는 사업자단체 │ │10,000│15,000│20,000 │ │ │ │ │ │ │ │ 2) 사업자 또는 사업자단체의 임 │ │2,500 │3,500 │5,000 │ │원, 종업원과 그 밖의 이해관계 │ │ │ │ │ │인 │ │ │ │ │ └───────────────────┴────────┴───┴───┴────┘",2026-09-26 06:25
하도급거래 공정화에 관한 법률 시행령,하도급법 시행령,대통령령,제13조의2(과징금 납부기한의 연기 및 분할납부의 기준),과징금,20260811,"제13조의2(과징금 납부기한의 연기 및 분할납부의 기준) ① 법 제25조의3제2항 각 호 외의 부분 전단 중 ""대통령령으로 정하는 금액""이란 10억원(과징금을 부과받은 자가 법 제2조제2항제1호에 따른 중소기업자인 경우 5억원)을 말한다. ② 법 제25조의3제2항에 따른 납부기한의 연기는 그 납부기한의 다음 날부터 2년을 초과할 수 없다. ③ 법 제25조의3제2항에 따른 분할납부의 경우 각 분할된 납부기한 간의 간격은 6개월을 초과할 수 없으며, 분할 횟수는 6회를 초과할 수 없다. ④ 법 제25조의3제3항 각 호 외의 부분에서 ""대통령령으로 정하는 사항""이란 다음 각 호의 구분에 따른 사항을 말한다. 1. 당기순손실: 납부기한 연기 또는 분할납부 신청 당시 과징금을 부과받은 자에게 직전 3개 사업연도 동안 연속하여 당기순손실이 발생했는지 여부 2. 부채비율: 납부기한 연기 또는 분할납부 신청 당시 과징금을 부과받은 자가 자본총액(재무상태표에 표시된 자산총액에서 부채액을 뺀 금액을 말한다)의 2배를 초과하는 부채를 보유하고 있는지 여부 3. 그 밖에 재무상태를 확인하기 위하여 필요한 사항: 납부기한 연기 또는 분할납부 신청 당시 과징금 대비 현금보유액 비율 등 공정거래위원회가 정하여 고시하는 사항",,,,,,,2026-09-26 06:25
하도급거래 공정화에 관한 법률,하도급법,법률,제25조의3(과징금),과징금,20260811,"제25조의3(과징금) ① 공정거래위원회는 다음 각 호의 어느 하나에 해당하는 발주자ㆍ원사업자 또는 수급사업자에 대하여 수급사업자에게 제조등의 위탁을 한 하도급대금이나 발주자ㆍ원사업자로부터 제조등의 위탁을 받은 하도급대금의 2배를 초과하지 아니하는 범위에서 과징금을 부과할 수 있다. <개정 2010.1.25, 2011.3.29, 2013.5.28, 2013.8.13, 2019.4.30, 2022.1.11, 2023.7.18, 2025.4.1> 1. 제3조제1항, 제2항(제3호는 제외한다), 제6항, 제7항을 위반한 원사업자 2. 제3조제12항을 위반하여 서류를 보존하지 아니한 원사업자 또는 하도급거래에 관한 서류를 거짓으로 작성ㆍ발급한 원사업자나 수급사업자 3. 제3조의4, 제4조부터 제12조까지, 제12조의2, 제12조의3, 제13조 및 제13조의2를 위반한 원사업자 4. 제14조제1항 및 제3항을 위반한 발주자 5. 제14조제5항을 위반한 원사업자 6. 제15조, 제16조, 제16조의2제10항 및 제17조부터 제20조까지의 규정을 위반한 원사업자 ② 공정거래위원회는 대통령령으로 정하는 금액을 초과하는 과징금을 부과받은 자가 다음 각 호의 어느 하나에 해당하는 사유로 과징금의 전액을 일시에 납부하기 어렵다고 인정되면 그 납부기한을 연기하거나 분할하여 납부하게 할 수 있다. 이 경우 필요하다고 인정되면 담보를 제공하게 할 수 있다. <신설 2022.1.11> 1. 재해 또는 도난 등으로 재산에 현저한 손실을 입은 경우 2. 사업여건의 악화로 사업이 중대한 위기에 처한 경우 3. 과징금의 일시납부에 따라 자금사정에 현저한 어려움이 예상되는 경우 4. 그 밖에 제1호부터 제3호까지의 규정에 준하는 사유가 있는 경우 ③ 공정거래위원회는 제2항에 따라 과징금 납부기한을 연기하거나 분할납부하게 하려는 경우에는 다음 각 호의 사항에 관하여 대통령령으로 정하는 사항을 고려하여야 한다. <신설 2022.1.11> 1. 당기순손실 2. 부채비율 3. 그 밖에 재무상태를 확인하기 위하여 필요한 사항 ④ 제1항의 과징금에 관하여는 「독점규제 및 공정거래에 관한 법률」 제102조, 제103조(제1항은 제외한다) 및 제104조부터 제107조까지의 규정을 준용한다. <개정 2020.12.29, 2022.1.11>",,,,하도급대금의 2배를 초과하지 아니하는 범위에서 과징금,,,2026-09-26 06:25
하도급거래 공정화에 관한 법률,하도급법,법률,제29조(벌칙),벌칙(형사처벌),20260811,제29조(벌칙) ① 다음 각 호의 어느 하나에 해당하는 자는 2년 이하의 징역 또는 2천만원 이하의 벌금에 처한다. 1. 국내외에서 정당한 사유 없이 제35조의3제1항에 따른 명령을 위반한 자 2. 제27조제3항에 따라 준용되는 「독점규제 및 공정거래에 관한 법률」 제119조를 위반한 자 ② 제1항제1호의 죄는 제35조의3제1항에 따른 명령을 신청한 자의 고소가 없으면 공소를 제기할 수 없다.,2년 이하의 징역,2천만원 이하의 벌금,,,,,2026-09-26 06:25
하도급거래 공정화에 관한 법률,하도급법,법률,제30조(벌칙),벌칙(형사처벌),20260811,"제30조(벌칙) ① 다음 각 호의 어느 하나에 해당하는 원사업자는 수급사업자에게 제조등의 위탁을 한 하도급대금의 2배에 상당하는 금액 이하의 벌금에 처한다. <개정 2010.1.25, 2011.3.29, 2013.5.28, 2013.8.13, 2014.5.28, 2016.12.20, 2022.1.11, 2023.7.18> 1. 제3조제1항, 제2항(제3호는 제외한다), 제6항, 제7항 및 제12항, 제3조의4, 제4조부터 제12조까지, 제12조의2, 제12조의3 및 제13조를 위반한 자 2. 제13조의2제1항부터 제3항까지의 규정을 위반하여 공사대금 지급을 보증하지 아니한 자 3. 제15조, 제16조제1항ㆍ제3항ㆍ제4항 및 제17조를 위반한 자 4. 제16조의2제10항을 위반하여 정당한 사유 없이 협의를 거부한 자 ② 다음 각 호 중 제1호에 해당하는 자는 3억원 이하, 제2호 및 제3호에 해당하는 자는 1억 5천만원 이하의 벌금에 처한다. <개정 2013.5.28> 1. 제19조를 위반하여 불이익을 주는 행위를 한 자 2. 제18조 및 제20조를 위반한 자 3. 제25조에 따른 명령에 따르지 아니한 자 ③ 제27조제2항에 따라 준용되는 「독점규제 및 공정거래에 관한 법률」 제81조제1항제2호에 따른 감정을 거짓으로 한 자는 3천만원 이하의 벌금에 처한다. <개정 2020.12.29>",,1억 5천만원 이하의 벌금 / 3천만원 이하의 벌금,,,,,2026-09-26 06:25
하도급거래 공정화에 관한 법률,하도급법,법률,제30조의2(과태료),과태료,20260811,"제30조의2(과태료) ① 다음 각 호의 어느 하나에 해당하는 자에게는 사업자 또는 사업자단체의 경우 1억원 이하, 사업자 또는 사업자단체의 임원, 종업원과 그 밖의 이해관계인의 경우 1천만원 이하의 과태료를 부과한다. <개정 2010.1.25, 2020.12.29, 2022.1.11> 1. 제13조의3에 따른 공시를 하지 아니하거나 주요 내용을 누락 또는 거짓으로 공시한 자 2. 제27조제2항에 따라 준용되는 「독점규제 및 공정거래에 관한 법률」 제81조제1항제1호에 따른 출석처분을 위반하여 정당한 사유 없이 출석하지 아니한 자 3. 제27조제2항에 따라 준용되는 「독점규제 및 공정거래에 관한 법률」 제81조제1항제3호 또는 같은 조 제6항에 따른 보고 또는 필요한 자료나 물건의 제출을 하지 아니하거나 거짓으로 보고 또는 자료나 물건을 제출한 자 ② 제27조제2항에 따라 준용되는 「독점규제 및 공정거래에 관한 법률」 제81조제2항 및 제3항에 따른 조사를 거부ㆍ방해ㆍ기피한 자에게는 사업자 또는 사업자단체의 경우 2억원 이하, 사업자 또는 사업자단체의 임원, 종업원과 그 밖의 이해관계인의 경우 5천만원 이하의 과태료를 부과한다. <신설 2010.1.25, 2020.12.29> ③ 제22조의2제4항을 위반하여 수급사업자로 하여금 자료를 제출하지 아니하게 하거나 거짓 자료를 제출하도록 요구한 원사업자에게는 5천만원 이하, 그 원사업자의 임원, 종업원과 그 밖의 이해관계인에게는 500만원 이하의 과태료를 부과한다. <신설 2018.4.17> ④ 제3조제5항을 위반하여 거래상 지위를 남용하거나 거짓 또는 그 밖의 부정한 방법으로 같은 조의 적용을 피하려는 행위를 한 원사업자에게는 5천만원 이하의 과태료를 부과한다. <신설 2023.7.18> ⑤ 다음 각 호의 어느 하나에 해당하는 자에게는 1천만원 이하의 과태료를 부과한다. <신설 2022.1.11, 2023.7.18> 1. 제3조제2항제3호를 위반하여 하도급대금 연동에 관한 사항을 적지 아니한 사업자 2. 제3조의5를 위반하여 같은 조 각 호의 사항을 알리지 아니하거나 거짓으로 알린 사업자 ⑥ 제22조의2제2항에 따른 자료를 제출하지 아니하거나 거짓으로 자료를 제출한 원사업자에게는 500만원 이하의 과태료를 부과한다. <신설 2010.1.25, 2018.4.17, 2022.1.11, 2023.7.18> ⑦ 제27조제1항에 따라 준용되는 「독점규제 및 공정거래에 관한 법률」 제66조에 따른 질서유지의 명령을 따르지 아니한 자에게는 100만원 이하의 과태료를 부과한다. <개정 2010.1.25, 2018.4.17, 2020.12.29, 2022.1.11, 2023.7.18> ⑧ 제1항부터 제7항까지의 규정에 따른 과태료는 대통령령으로 정하는 기준에 따라 공정거래위원회가 부과ㆍ징수한다. <개정 2010.1.25, 2017.10.31, 2018.4.17, 2022.1.11, 2023.7.18>",,,1천만원 이하의 과태료 / 5천만원 이하의 과태료 / 500만원 이하의 과태료 / 100만원 이하의 과태료,,,,2026-09-26 06:25
하도급거래 공정화에 관한 법률,하도급법,법률,제31조(양벌규정),양벌규정,20260811,"제31조(양벌규정) 법인의 대표자나 법인 또는 개인의 대리인, 사용인, 그 밖의 종업원이 그 법인 또는 개인의 업무에 관하여 제30조의 위반행위를 하면 그 행위자를 벌하는 외에 그 법인 또는 개인에게도 해당 조문의 벌금형을 과(科)한다. 다만, 법인 또는 개인이 그 위반행위를 방지하기 위하여 해당 업무에 관하여 상당한 주의와 감독을 게을리하지 아니한 경우에는 그러하지 아니하다.",,,,,,,2026-09-26 06:25
하도급거래 공정화에 관한 법률,하도급법,법률,제36조(벌칙 적용에서 공무원 의제),벌칙(형사처벌),20260811,제36조(벌칙 적용에서 공무원 의제) 제24조의10에 따른 이행관리 업무를 담당하거나 담당하였던 사람 및 제25조의4제3항에 따른 심의위원회 위원 중 공무원이 아닌 위원은 「형법」 제127조 및 제129조부터 제132조까지의 규정을 적용할 때에는 공무원으로 본다. <개정 2022.1.11>,,,,,,,2026-09-26 06:25
하도급거래 공정화에 관한 법률 시행령,하도급법 시행령,대통령령,제13조(과징금 부과기준),과징금,20260811,제13조(과징금 부과기준) ① 법 제25조의3에 따른 과징금의 금액은 별표 2의 기준을 적용하여 산정한다. ② 삭제 <2016.1.22> ③ 이 영에서 규정한 사항 외에 과징금의 부과에 필요한 사항은 공정거래위원회가 정한다.,,,,,과징금의 부과기준(제13조제1항 관련),"[과징금의 부과기준(제13조제1항 관련)]
■ 하도급거래 공정화에 관한 법률 시행령 [별표 2] <개정 2026. 8. 4.> 과징금의 부과기준(제13조제1항 관련) 1. 과징금 부과 여부의 결정 가. 과징금은 위반행위의 내용 및 정도를 우선적으로 고려하고, 시장상황 등을 종합 적으로 고려하여 그 부과 여부를 결정하되, 다음의 어느 하나에 해당하는 경우에 는 원칙적으로 과징금을 부과한다. 1) 위반행위로 인하여 공정한 하도급거래질서가 크게 저해된 경우 2) 큰 피해를 입은 수급사업자가 다수인 경우 3) 1) 및 2)에 준하는 경우로서 공정거래위원회가 정하여 고시하는 경우 나. 법 위반행위를 한 원사업자 또는 발주자(이하 이 목에서 ""원사업자등""이라 한다) 가 다음의 어느 하나에 해당하는 것(이하 ""미지급금""이라 한다)을 법 제22조제2항 에 따른 공정거래위원회의 조사가 개시된 날 또는 공정거래위원회로부터 미지급 금의 지급에 관한 요청을 받은 날부터 30일 이내에 수급사업자에게 지급한 경우에 는 그 원사업자등에 대하여 과징금을 부과하지 아니할 수 있다. 1) 법 제6조에 따른 선급금에 관한 것으로서 다음의 어느 하나에 해당하는 것 가) 법 제6조제1항을 위반하여 수급사업자에게 지급하지 아니한(그 지급의무의 내용에 따른 이행을 하지 아니한 경우를 포함한다. 이하 이 목에서 같다) 선급 금 나) 법 제6조제2항을 위반하여 수급사업자에게 지급하지 아니한 이자 다) 법 제6조제3항에서 준용하는 법 제13조제6항 또는 제7항을 위반하여 수급사 업자에게 지급하지 아니한 어음할인료 또는 수수료 2) 법 제13조 또는 제17조에 따른 하도급대금에 관한 것으로서 다음의 어느 하나에 해당하는 것 가) 법 제13조제1항, 제3항부터 제5항까지의 규정 또는 제17조제1항을 위반하여 수급사업자에게 지급하지 아니한 하도급대금 나) 법 제13조제6항을 위반하여 수급사업자에게 지급하지 아니한 할인료 다) 법 제13조제7항을 위반하여 수급사업자에게 지급하지 아니한 수수료 라) 법 제13조제8항을 위반하여 수급사업자에게 지급하지 아니한 이자 3) 법 제14조를 위반하여 수급사업자에게 직접 지급하지 아니한 하도급대금 4) 법 제15조에 따른 관세등의 환급금에 관한 것으로서 다음의 어느 하나에 해당하 는 것 가) 법 제15조제1항 또는 제2항을 위반하여 수급사업자에게 지급하지 아니한 관 세 등 환급상당액 나) 법 제15조제3항을 위반하여 수급사업자에게 지급하지 아니한 이자 2. 과징금의 산정기준 과징금은 위반행위의 내용 및 정도, 위반행위의 횟수 등과 이에 영향을 미치는 사항 을 고려하여 산정하되, 가목에 따른 기본 산정금액에 나목에 따른 위반행위의 횟수 및 위반행위에 따라 피해를 입은 수급사업자의 수에 따른 조정과 다목에 따른 법 위 반행위를 한 원사업자, 발주자 또는 수급사업자(이하 이 호에서 ""위반사업자""라 한 다)의 고의·과실 등에 따른 조정을 거쳐 라목에 따른 부과과징금을 산정한다. 가. 기본 산정금액 1) 법 제25조의3제1항 각 호에 따른 위반행위의 내용 및 정도에 따라 위반행위의 중대성 정도를 ""중대성이 약한 위반행위"", ""중대한 위반행위"", ""매우 중대한 위반 행위""로 구분하고, 위반행위의 중대성의 정도별로 2)의 기준에 따라 산정한다. 2) 하도급대금의 2배에 위반사업자의 위반금액의 비율(해당 법 위반사건의 하도급 대금 대비 미지급금, 그 밖에 이에 준하는 금액으로서 공정거래위원회가 정하여 고시하는 금액의 비율을 말한다)을 곱한 금액에 위반행위의 중대성의 정도별로 정하는 부과기준율을 곱하여 산정한다. 다만, 위반금액의 비율을 산정하기 곤란 한 경우에는 20억원 이내에서 중대성의 정도를 고려하여 산정한다. 나. 위반행위의 횟수 및 위반행위에 따라 피해를 입은 수급사업자의 수에 따른 조정 (이하 ""1차 조정""이라 한다) 위반행위의 횟수, 위반행위에 따라 피해를 입은 수급사업자의 수를 고려하여 기본 산정기준의 100분의 100의 범위에서 공정거래위원회가 정하여 고시하는 기준에 따 라 가중하거나 감경한다. 다. 위반사업자의 고의·과실 등에 따른 조정(이하 ""2차 조정""이라 한다) 위반행위의 내용 및 정도, 위반행위의 횟수 등에 영향을 미치는 위반사업자의 고 의·과실, 위반행위의 성격과 사정 등의 사유를 고려하여 가중의 경우 1차 조정된 기본 산정기준의 100분의 50의 범위에서 공정거래위원회가 정하여 고시하는 기준 에 따라 가중하고, 감경의 경우 1차 조정된 기본 산정기준의 100분의 70의 범위에 서 공정거래위원회가 정하여 고시하는 기준에 따라 감경한다. 다만, 가중하는 경우 에도 라목에 따라 부과되는 과징금의 총액은 하도급대금의 2배를 초과할 수 없다. 라. 부과과징금 1) 위반사업자의 현실적 부담능력이나 그 위반행위가 시장에 미치는 효과, 그 밖에 시장 또는 경제적 여건 및 위반행위로 인하여 취득한 이익의 규모 등을 충분히 반영하지 못하여 과중하다고 인정되는 경우에는 1차·2차 조정 절차를 거쳐 산출 된 금액의 100분의 50의 범위에서 감경하여 부과과징금으로 정할 수 있다. 다만, 위반사업자의 과징금 납부능력의 현저한 부족, 위반사업자가 속한 시장·산업 여 건의 현저한 변동 또는 지속적 악화, 경제위기, 그 밖에 이에 준하는 사유로 불가 피하게 100분의 50을 초과하여 감경하는 것이 타당하다고 인정되는 경우에는 100분의 50을 초과하여 감경할 수 있다. 2) 위반사업자가 채무 지급불능 또는 지급정지 상태에 있거나 부채의 총액이 자산 의 총액을 초과하는 등의 사유로 인하여 위반사업자가 객관적으로 과징금을 납 부할 능력이 없다고 인정되는 경우에는 과징금을 면제할 수 있다. 3) 1) 또는 2)에 따라 과징금을 감액하거나 면제하는 경우에는 공정거래위원회의 의결서에 그 이유를 명시하여야 한다. 3. 과징금 부과에 관한 세부기준 기본 산정금액의 산정 시 적용되는 부과기준율 및 위반금액의 비율을 산정하는 방법, 그 밖에 과징금의 부과에 필요한 세부적인 기준과 방법 등에 대해서는 공정거래위원 회가 정하여 고시한다.",2026-09-26 06:25
가맹사업거래의 공정화에 관한 법률 시행령,가맹사업법 시행령,대통령령,제34조(과징금의 산정방법 등),과징금,20260804,"제34조(과징금의 산정방법 등) ① 법 제35조제1항 본문에서 ""대통령령으로 정하는 매출액""이란 해당 가맹본부가 위반기간(위반행위의 개시일부터 종료일까지의 기간을 말한다. 이하 이 조에서 같다) 동안 관련 가맹점사업자 또는 가맹희망자에게 판매한 상품이나 용역의 매출액 또는 이에 준하는 금액(이하 ""관련매출액""이라 한다)을 말한다. <개정 2014.2.11> ② 법 제35조제1항 본문에서 ""대통령령으로 정하는 사업자""란 상품 또는 용역의 대가의 합계액을 재무제표 등에서 영업수익으로 적는 사업자를 말한다. <신설 2014.2.11> ③ 법 제35조제1항 단서에서 ""대통령령으로 정하는 경우""란 다음 각 호의 어느 하나에 해당하는 경우를 말한다. <신설 2014.2.11> 1. 영업중단 등으로 인하여 영업실적이 없는 경우 2. 위반기간 등을 확정할 수 없어 관련매출액의 산정이 곤란한 경우 3. 재해 등으로 인하여 매출액 산정자료가 소멸 또는 훼손되는 등 객관적인 매출액의 산정이 곤란한 경우 ④ 법 제35조제1항에 따른 과징금의 부과기준은 별표 4의2와 같다. <신설 2014.2.11> ⑤ 그 밖에 과징금의 부과절차에 필요한 세부사항은 공정거래위원회가 정하여 고시한다. <개정 2014.2.11>",,,,,정보공개서 등록취소 요청서,"[정보공개서 등록취소 요청서]
■ 가맹사업거래의 공정화에 관한 법률 시행령 [별지 제4호의2서식] <신설 2026. 8. 4.> 가맹사업거래홈페이지(franchise.ftc.go.kr) 에서도 요청할 수 있습니다. 정보공개서 등록취소 요청서 ※ 뒤쪽의 유의사항 및 작성방법을 읽고 작성하시기 바라며, 색상이 어두운 칸은 요청인이 작성하지 않습니다. (앞쪽) ──────────────┬────────────────────────────────────────────────── 접수번호 │접수일시 ──────────────┴────────────────────────────────────────────────── ──────┬────────┬───────────────────────────────────────────────── 요청인 │법인명(상호) │법인등록번호 ├────────┼───────────────────────────────────────────────── │영업표지 │사업자등록번호 ├────────┼───────────────────────────────────────────────── │소재지 │법인(사업자) 전화번호 ├────────┼───────────────────────────────────────────────── │대표 전자우편 │대표 휴대전화 ├────────┼───────────────────────────────────────────────── │대표자 성명 │대표 팩스번호 ├────────┼───────────────────────────────────────────────── │대표자 생년월일 │ ├──────┬─┴──────────────────────────┬────────────────────── │정보공개서 │성명 │직위/직급 │업무 담당자 ├────────────────────────────┼────────────────────── │ │전화번호 │전자우편 │ ├────────────────────────────┴────────────────────── │ │사무실 주소 │ │ ──────┴──────┴─────────────────────────────────────────────────── 「가맹사업거래의 공정화에 관한 법률」 제6조의4제1항제5호 및 같은 법 시행령 제5조의6제5항에 따라 위와 같이 정보공개서 등록취소를 요청합니다. 년 월 일 요청인 (서명 또는 인) 처리기관의 장 귀하 (공정거래위원회/서울특별시장/인천광역시장/경기도지사/부산광역시장 중 선택 기재) ━━━━━━━━━━━━━━━━━━━━━━━━━━━━━━━━━━━━━━━━━━━━━━━━━━━━━━━━━━━━━━━━━ ─────┬──────────────────────────────────────┬──────────────────── 첨부서류│ 정보공개서 등록증 원본(등록증 원본을 분실한 경우에는 분실 사유를 적은 서류)│수수료 ─────┼──────────────────────────────────────┤없음 담당자 │ 사업자등록증명 │ 확인사항│ │ ─────┴──────────────────────────────────────┴──────────────────── ━━━━━━━━━━━━━━━━━━━━━━━━━━━━━━━━━━━━━━━━━━━━━━━━━━━━━━━━━━━━━━━━━ 행정정보 공동이용 동의서 ───────────────────────────────────────────────────────────────── 본인은 이 건 업무처리와 관련하여 처리기관의 담당자가 「전자정부법」 제36조제1항에 따른 행정정보의 공동이용을 통해 사업자등록증명을 확인하는 것에 동의합니다. ※ 확인에 동의할 경우 행정정보의 공동이용을 위해 대표자의 주민등록번호를 적습니다. ※ 확인에 동의하지 않는 경우 요청인이 해당 서류를 직접 제출해야 합니다. ───────────────────────────────────────────────────────────────── 대표자 주민등록번호 - ───────────────────────────────────────────────────────────────── 요청인 (서명 또는 인) ━━━━━━━━━━━━━━━━━━━━━━━━━━━━━━━━━━━━━━━━━━━━━━━━━━━━━━━━━━━━━━━━━ (뒤쪽) ━━━━━━━━━━━━━━━━━━━━━━━━━━━━━━━━━━━━━━━━ ━━━━━━━━━━━━━━━━━━━━━━━━━━━━━━━━━━━━━━━━ 유의사항 ──────────────────────────────────────── 1. 요청인은 정보공개서 등록이 취소된 이후 「가맹사업거래의 공정화에 관한 법률」 제7조제3항에 따라 위 영업표지로 새로운 가맹점을 모집(가맹계약 체결 또는 가맹금 수령)할 수 없으며, 이를 위반할 경우 같은 법 제33조제1항에 따른 시정 조치 또는 같은 법 제35조제1항에 따른 과징금 부과 등의 제재조치를 받을 수 있습니다. 2. 다시 신규 가맹계약을 체결하려 할 경우, 그 이전에 「가맹사업거래의 공정화에 관한 법률」 제6조의2제1항에 따라 다시 정보공개서를 신규등록해야 합니다. ──────────────────────────────────────── ━━━━━━━━━━━━━━━━━━━━━━━━━━━━━━━━━━━━━━━━ 작성방법 ──────────────────────────────────────── 1. 법인명(상호): 법인인 경우 법인 등기사항증명서상 상호를, 개인인 경우 사업자등록증명상 이름을 적습니다. 주식회사, 유한회사 등 회사종류는 약칭으로 적습니다. [예: (주)조정원] 2. 영업표지: 한글로 띄어쓰기 없이 적는 것을 원칙으로 합니다. 외국어로 표기하는 경우에는 한글로 적은 후 괄호 안에 함께 적습니다. [예: 페어트레이드(Fair Trade)] 3. 소재지: 법인 등기사항증명서 또는 사업자등록증명상 본점 또는 사업장의 소재지를 적습니다. 4. 대표 휴대전화: 정보공개서 등록취소 관련 안내를 휴대전화를 통한 알림으로 받고 싶은 경우에만 적습니다. 대표자 개인의 휴대전화번호는 적지 않습니다. 5. 대표 전자우편: 개인 전자우편주소는 적지 않습니다. 6. 대표자 성명 및 생년월일: 법인인 경우 대표자의 성명 및 생년월일을, 개인인 경우 본인의 성명 및 생년월일을 적습니다. 7. 정보공개서 업무 담당자: 회사 전화번호, 회사 전자우편주소를 적습니다. ──────────────────────────────────────── ━━━━━━━━━━━━━━━━━━━━━━━━━━━━━━━━━━━━━━━━ 처리절차 ──────────────────────────────────────── ┌──────┐ ┌────┐ ┌────┐ ┌─────┐ ┌───────┐ │요청서 작성 │?│접수 │?│검토 │?│기안·결재│?│등록취소 결정 │ └──────┘ └────┘ └────┘ └─────┘ └───────┘ 요청인 처리기관 처리기관 처리기관 처리기관 ────────────────────────────────────────",2026-09-26 06:25
가맹사업거래의 공정화에 관한 법률 시행령,가맹사업법 시행령,대통령령,제37조(과태료의 부과기준),과태료,20260804,제37조(과태료의 부과기준) 법 제43조제1항 및 제3항부터 제7항까지의 규정에 따른 과태료의 부과기준은 별표 5와 같다. <개정 2018.7.10>,,,,,가맹금예치신청서,"[가맹금예치신청서]
■ 가맹사업거래의 공정화에 관한 법률 시행령 [별지 제5호서식] <개정 2021. 11. 19.> 가맹금예치신청서 ※ 아래 유의사항을 읽고 작성하시기 바랍니다. ───────────┬───┬─────────────────────────────────────────────────── 접수번호 │접수일│처리기간 즉시 ───────────┴───┴─────────────────────────────────────────────────── ──────┬──────────────────────────────────────────────────────────── 신청인 │상호(가맹점명) ├──────────────────────────────────────────────────────────── │성명(대표자) ├─────────┬────────────────────────────────────────────────── │주소(사무소) │전화번호 ──────┴─────────┴────────────────────────────────────────────────── ──────┬──────────────────────────────────────────────────────────── 가맹본부 │상호(영업표지) ├──────────────────────────────────────────────────────────── │성명(대표자) ├─────────┬────────────────────────────────────────────────── │주소(사무소) │전화번호 ──────┴─────────┴────────────────────────────────────────────────── ──────┬──────────────────────────────────────────────────────────── 예치가맹금│ ￦ (금 원 정) ──────┴──────────────────────────────────────────────────────────── ──────┬──────────────────────────────────────────────────────────── 신청인의 │ 계좌 │ ──────┴──────────────────────────────────────────────────────────── ──────┬──────────────────────────────────────────────────────────── 가맹본부의│ 계좌 │ ──────┴──────────────────────────────────────────────────────────── 「가맹사업거래의 공정화에 관한 법률」 제6조의5제1항 본문 및 같은 법 시행령 제5조의9제2항에 따라 위와 같이 예치가맹금을 예치해 줄 것을 신청합니다. 년 월 일 신청인 (서명 또는 인) 예치기관의 장 귀하 (지점장) ━━━━━━━━━━━━━━━━━━━━━━━━━━━━━━━━━━━━━━━━━━━━━━━━━━━━━━━━━━━━━━━━━━━ ━━━━━━━━━━━━━━━━━━━━━━━━━━━━━━━━━━━━━━━━━━━━━━━━━━━━━━━━━━━━━━━━━━━ 예치기관이 주의해야 할 사항 ─────────────────────────────────────────────────────────────────── 1. 예치기관의 장은 예치가맹금을 예치한 경우에는 지체 없이 예치신청인에게 예치증서를 내주어야 합니다. 2. 예치기관의 장은 예치가맹금의 예치일부터 7일 이내에 예치가맹금 예치증서를 첨부하여 예치가맹금을 예치한 사실을 가맹본부에 통지해 야 합니다. 3. 예치기관의 장은 예치가맹금의 예치 및 그 관리로 인해 발생하는 비용을 관리수수료로서 예치가맹금의 수령인이 수령할 금액에서 공제할 수 있습니다. ─────────────────────────────────────────────────────────────────── 210mm×297mm[백상지 80g/㎡]",2026-09-26 06:25
전자상거래 등에서의 소비자보호에 관한 법률,전자상거래법,법률,제44조(양벌규정),양벌규정,20260721,"제44조(양벌규정) 법인의 대표자나 법인 또는 개인의 대리인, 사용인, 그 밖의 종업원이 그 법인 또는 개인의 업무에 관하여 제40조부터 제43조까지의 어느 하나에 해당하는 위반행위를 하면 그 행위자를 벌하는 외에 그 법인 또는 개인에게도 해당 조문의 벌금형을 과(科)한다. 다만, 법인 또는 개인이 그 위반행위를 방지하기 위하여 해당 업무에 관하여 상당한 주의와 감독을 게을리하지 아니한 경우에는 그러하지 아니하다.",,,,,,,2026-09-26 06:25
전자상거래 등에서의 소비자보호에 관한 법률,전자상거래법,법률,제34조(과징금),과징금,20260721,제34조(과징금) ① 공정거래위원회는 제32조제4항에 따른 영업정지가 소비자 등에게 심한 불편을 줄 우려가 있다고 인정하는 경우에는 그 영업의 전부 또는 일부의 정지를 갈음하여 해당 사업자에게 대통령령으로 정하는 위반행위 관련 매출액을 초과하지 아니하는 범위에서 과징금을 부과할 수 있다. 이 경우 관련 매출액이 없거나 그 매출액을 산정할 수 없는 경우 등에는 5천만원을 초과하지 아니하는 범위에서 과징금을 부과할 수 있다. ② 공정거래위원회는 제1항에 따라 그 영업의 전부 또는 일부의 정지를 갈음하여 과징금을 부과할 수 있는 판단 기준을 정하여 고시할 수 있다. ③ 공정거래위원회는 제1항에 따른 과징금을 부과할 때 다음 각 호의 사항을 고려하여야 한다. 1. 위반행위로 인한 소비자피해의 정도 2. 소비자피해에 대한 사업자의 보상노력 정도 3. 위반행위로 취득한 이익의 규모 4. 위반행위의 내용ㆍ기간 및 횟수 등 ④ 공정거래위원회는 이 법을 위반한 사업자인 회사가 합병한 경우에는 그 회사가 한 위반행위를 합병 후 존속하거나 합병으로 설립된 회사가 한 행위로 보아 과징금을 부과ㆍ징수할 수 있다. ⑤ 삭제 <2018.6.12>,,,,,,,2026-09-26 06:25
전자상거래 등에서의 소비자보호에 관한 법률,전자상거래법,법률,제40조(벌칙),벌칙(형사처벌),20260721,"제40조(벌칙) 다음 각 호의 어느 하나에 해당하는 자는 3년 이하의 징역 또는 1억원 이하의 벌금에 처한다. <개정 2016.3.29> 1. 제26조제1항에 따른 조사 시 폭언ㆍ폭행, 고의적인 현장진입 저지ㆍ지연 등을 통하여 조사를 거부ㆍ방해 또는 기피한 자 2. 제32조제1항에 따른 시정조치명령에 따르지 아니한 자 3. 제32조제4항에 따른 영업의 정지 명령을 위반하여 영업을 계속한 자",3년 이하의 징역,1억원 이하의 벌금,,,,,2026-09-26 06:25
전자상거래 등에서의 소비자보호에 관한 법률,전자상거래법,법률,제42조(벌칙),벌칙(형사처벌),20260721,제42조(벌칙) 다음 각 호의 어느 하나에 해당하는 자는 3천만원 이하의 벌금에 처한다. 1. 제12조제1항에 따른 신고를 하지 아니하거나 거짓으로 신고한 자 2. 제24조제8항 및 제9항을 위반하여 소비자피해보상보험계약등을 체결하는 사실 또는 결제대금예치를 이용하도록 하는 사실을 나타내는 표지를 사용하거나 이와 유사한 표지를 제작하거나 사용한 자,,3천만원 이하의 벌금,,,,,2026-09-26 06:25
전자상거래 등에서의 소비자보호에 관한 법률,전자상거래법,법률,제43조(벌칙),벌칙(형사처벌),20260721,제43조(벌칙) 다음 각 호의 어느 하나에 해당하는 자는 1천만원 이하의 벌금에 처한다. 1. 제13조제1항에 따른 사업자의 신원정보에 관하여 거짓 정보를 제공한 자 2. 제13조제2항에 따른 거래조건에 관하여 거짓 정보를 제공한 자,,1천만원 이하의 벌금,,,,,2026-09-26 06:25
전자상거래 등에서의 소비자보호에 관한 법률,전자상거래법,법률,제45조(과태료),과태료,20260721,"제45조(과태료) ① 제32조의4제1항에 따른 임시중지명령을 위반한 자에게는 1억원 이하의 과태료를 부과한다. <신설 2016.3.29, 2026.1.20> ② 사업자 또는 사업자단체가 제1호 또는 제2호의 어느 하나에 해당하는 경우에는 3천만원 이하, 제3호에 해당하는 경우에는 5천만원 이하의 과태료를 부과하고, 사업자 또는 사업자단체의 임원 또는 종업원, 그 밖의 이해관계인이 제1호 또는 제2호의 어느 하나에 해당하는 경우에는 500만원 이하, 제3호에 해당하는 경우에는 1천만원 이하의 과태료를 부과한다. <신설 2018.6.12, 2020.12.29> 1. 제39조제2항에 따라 준용되는 「독점규제 및 공정거래에 관한 법률」 제81조제1항제1호에 따른 출석처분을 받은 당사자 중 정당한 사유 없이 출석하지 아니한 자 2. 제39조제2항에 따라 준용되는 「독점규제 및 공정거래에 관한 법률」 제81조제1항제3호 또는 같은 조 제6항에 따른 보고를 하지 아니하거나 필요한 자료나 물건을 제출하지 아니하거나 거짓으로 보고하거나 거짓 자료나 물건을 제출한 자 3. 제39조제2항에 따라 준용되는 「독점규제 및 공정거래에 관한 법률」 제81조제2항 및 제3항에 따른 조사를 거부ㆍ방해 또는 기피한 자 ③ 다음 각 호의 어느 하나에 해당하는 자에게는 2천만원 이하의 과태료를 부과한다. <개정 2016.3.29, 2018.6.12, 2026.1.20> 1. 제9조의2제1항을 위반하여 소비자피해방지를 위한 사항을 이행하지 아니한 자 1의2. 제18조제2항을 위반하여 재화등의 대금을 환급하지 아니한 자 1의3. 제20조의5제1항을 위반하여 국내대리인을 지정하지 아니한 자 1의4. 제20조의5제2항을 위반하여 국내대리인을 지정한 자 1의5. 제20조의5제3항을 위반하여 같은 항 각 호의 사항을 제출하지 아니하거나 공개하지 아니한 자 1의6. 제20조의5제6항을 위반하여 자료를 제출하지 아니하거나 거짓 자료를 제출한 자 2. 제21조제1항제1호부터 제5호까지의 금지행위 중 어느 하나에 해당하는 행위를 한 자 3. 제8조제4항에 따른 결제수단의 발행자로서 제24조제1항 각 호 외의 부분 단서를 위반하여 소비자피해보상보험계약등을 체결하지 아니한 자 4. 제15조제1항에 따른 선지급식 통신판매업자로서 제24조제2항을 위반한 자 5. 제8조제4항에 따른 결제수단의 발행자로서 제24조제7항을 위반하여 거짓 자료를 제출하고 소비자피해보상보험계약등을 체결한 자 6. 제15조제1항에 따른 선지급식 통신판매업자로서 제24조제7항을 위반하여 거짓 자료를 제출하고 소비자피해보상보험계약등을 체결한 자 7. 제32조의4제2항을 위반하여 공정거래위원회의 요청을 따르지 아니한 자 8. 삭제<2018.6.12> 9. 삭제<2018.6.12> 10. 삭제<2018.6.12> ④ 다음 각 호의 어느 하나에 해당하는 자에게는 1천만원 이하의 과태료를 부과한다. <개정 2016.3.29, 2018.6.12, 2024.2.13, 2026.1.20> 1. 제6조를 위반하여 거래기록을 보존하지 아니하거나 소비자에게 거래기록을 열람ㆍ보존할 수 있는 방법을 제공하지 아니한 자 2. 제10조제1항 또는 제13조제1항에 따른 사업자의 신원정보를 표시하지 아니한 자 3. 제12조제2항 및 제3항에 따른 신고를 하지 아니한 자 4. 제13조제2항을 위반하여 표시ㆍ광고하거나 고지를 하지 아니하거나 계약내용에 관한 서면을 계약자에게 교부하지 아니한 자 5. 제13조제3항을 위반하여 재화등의 거래에 관한 계약을 취소할 수 있다는 내용을 거래 상대방인 미성년자에게 고지하지 아니한 자 5의2. 제13조제6항을 위반하여 소비자의 동의를 받지 아니하거나 소비자에게 고지하지 아니한 자 5의3. 제20조제1항을 위반하여 통신판매의 당사자가 아니라는 사실을 소비자에게 미리 고지하지 아니한 자 5의4. 제20조제2항을 위반하여 통신판매중개의뢰자의 신원정보를 확인하지 아니하거나 소비자에게 제공하지 아니한 자 5의5. 제20조제3항을 위반하여 소비자 불만이나 분쟁의 해결을 위하여 필요한 조치를 취하지 아니한 자 6. 제20조의3제1호가목을 위반하여 제13조제2항제5호에 관한 정보의 제공을 하지 아니한 자 6의2. 제20조의4제1항을 위반하여 개인 간 거래에서 개인 판매자의 신원정보를 확인하지 아니한 자 6의3. 제20조의4제2항을 위반하여 개인 판매자의 신원정보와 거래내역을 제공하지 아니한 자 6의4. 제20조의4제3항을 위반하여 같은 항 각 호의 사항을 이행하지 아니한 자 7. 제21조의2제1항 각 호의 금지행위 중 어느 하나에 해당하는 행위를 한 자 8. 제21조의4제1항을 위반하여 사용후기의 수집 및 처리에 관한 정보를 공개하지 아니한 자 ⑤ 제39조제1항에 따라 준용되는 「독점규제 및 공정거래에 관한 법률」 제66조를 위반하여 질서유지의 명령을 따르지 아니한 자에게는 100만원 이하의 과태료를 부과한다. <신설 2018.6.12, 2020.12.29> ⑥ 제1항부터 제4항까지에 따른 과태료는 공정거래위원회, 시ㆍ도지사 또는 시장ㆍ군수ㆍ구청장이 부과ㆍ징수한다. <개정 2016.3.29, 2018.6.12> ⑦ 제5항에 따른 과태료는 공정거래위원회가 부과ㆍ징수한다. <신설 2018.6.12> ⑧ 제1항부터 제5항까지에 따른 과태료의 부과기준은 대통령령으로 정한다. <신설 2018.6.12>",,,1억원 이하의 과태료 / 5천만원 이하의 과태료 / 1천만원 이하의 과태료 / 2천만원 이하의 과태료 / 100만원 이하의 과태료,,,,2026-09-26 06:25
전자상거래 등에서의 소비자보호에 관한 법률,전자상거래법,법률,제46조(과태료에 관한 규정 적용의 특례),과태료,20260721,제46조(과태료에 관한 규정 적용의 특례) 제45조의 과태료에 관한 규정을 적용할 때 제34조에 따라 과징금을 부과한 행위에 대해서는 과태료를 부과할 수 없다.,,,,,,,2026-09-26 06:25
전자상거래 등에서의 소비자보호에 관한 법률 시행령,전자상거래법 시행령,대통령령,제37조(과징금 징수절차),과징금,20260721,제37조(과징금 징수절차) ① 공정거래위원회는 과징금을 부과할 때에는 그 위반행위의 종류와 과징금의 금액 등을 분명하게 적은 서면으로 알려야 한다. ② 제1항에 따라 통지를 받은 자는 통지를 받은 날부터 60일 이내에 공정거래위원회가 정하는 수납기관에 과징금을 내야 한다. <개정 2023.12.12>,,,,,,,2026-09-26 06:25
전자상거래 등에서의 소비자보호에 관한 법률 시행령,전자상거래법 시행령,대통령령,제42조(과태료 부과기준),과태료,20260721,"제42조(과태료 부과기준) 법 제45조제1항부터 제5항까지의 규정에 따른 과태료의 부과기준은 별표 3과 같다. <개정 2016.9.29, 2018.12.4>",,,,,과태료의 부과기준(제42조관련),"[과태료의 부과기준(제42조관련)]
■ 전자상거래 등에서의 소비자보호에 관한 법률 시행령 [별표 3] <개정 2026. 7. 20.> 과태료의 부과기준(제42조 관련) 1. 일반기준 가. 위반행위의 횟수에 따른 과태료의 가중된 부과기준은 최근 3년간 같은 위반 행위로 과태료 부과처분을 받은 경우에 적용한다. 이 경우 기간의 계산은 위반 행위에 대하여 과태료 부과처분을 받은 날과 그 처분 후 다시 같은 위반행위 를 하여 적발된 날을 기준으로 한다. 나. 가목에 따라 가중된 부과처분을 하는 경우 가중처분의 적용 차수는 그 위반 행위 전 부과처분 차수(가목에 따른 기간 내에 과태료 부과 처분이 둘 이상 있었던 경우에는 높은 차수를 말한다)의 다음 차수로 한다. 다. 부과권자는 위반행위의 정도, 위반행위의 동기와 그 결과 등 다음의 사항을 고려하여 제2호에 따른 과태료 금액의 2분의 1의 범위에서 그 금액을 감경할 수 있다. 다만, 과태료를 체납하고 있는 위반행위자에 대해서는 그러하지 아니 하다. 1) 위반행위자가 「질서위반행위규제법 시행령」 제2조의2제1항 각 호의 어느 하나에 해당하는 경우 2) 위반행위가 사소한 부주의나 오류로 인한 것으로 인정되는 경우 3) 위반행위자가 법 위반상태를 시정하거나 해소한 경우 라. 부과권자는 고의 또는 중과실이 없는 위반행위자가 법 제12조제1항 단서에 따라 신고의무가 면제되는 통신판매업자에 해당하고, 과태료를 체납하고 있지 않은 경우에는 다음의 사항을 고려하여 제2호의 개별기준에 따른 과태료의 100분의 70 범위에서 그 금액을 줄여 부과할 수 있다. 다만, 다목에 따른 감 경과 중복하여 적용하지 않는다. 1) 위반행위자의 현실적인 부담능력 2) 경제위기 등으로 위반행위자가 속한 시장ㆍ산업 여건이 현저하게 변동되거 나 지속적으로 악화된 상태인지 여부 2. 개별기준 (단위: 만원) ┌────────────────────┬──────┬─────────────┐ │위반행위 │근거 법조문 │과태료 금액 │ │ │ ├───┬───┬─────┤ │ │ │1차 │2차 │3차 이상 │ │ │ │위반 │위반 │위반 │ ├────────────────────┼──────┼───┼───┼─────┤ │가. 법 제6조를 위반하여 거래기록을 보존하│법 제45조제 │200 │400 │1,000 │ │지 않거나 소비자에게 거래기록을 열람ㆍ │4항제1호 │ │ │ │ │보존할 수 있는 방법을 제공하지 않은 경 │ │ │ │ │ │우 │ │ │ │ │ ├────────────────────┼──────┼───┼───┼─────┤ │나. 법 제9조의2제1항을 위반하여 소비자피│법 제45조제 │400 │1,000 │2,000 │ │해방지를 위한 사항을 이행하지 않은 경 │3항제1호 │ │ │ │ │우 │ │ │ │ │ ├────────────────────┼──────┼───┼───┼─────┤ │다. 법 제10조제1항 또는 제13조제1항에 │법 제45조제 │200 │400 │1,000 │ │따른 사업자의 신원정보를 표시하지 않은 │4항제2호 │ │ │ │ │경우 │ │ │ │ │ ├────────────────────┼──────┼───┼───┼─────┤ │라. 법 제12조제2항 및 제3항에 따른 신고 │법 제45조제 │200 │400 │1,000 │ │를 하지 않은 경우 │4항제3호 │ │ │ │ ├────────────────────┼──────┼───┼───┼─────┤ │ │ │ │ │ │ │ │ │ │ │ │ │마. 법 제13조제2항을 위반하여 표시ㆍ광고│법 제45조제 │200 │400 │1,000 │ │하거나 고지를 하지 않거나 계약내용에 │4항제4호 │ │ │ │ │관한 서면을 계약자에게 교부하지 않은 │ │ │ │ │ │경우 │ │ │ │ │ │ │ │ │ │ │ │ │ │ │ │ │ ├────────────────────┼──────┼───┼───┼─────┤ │바. 법 제13조제3항을 위반하여 재화등의 │법 제45조제 │200 │400 │1,000 │ │거래에 관한 계약을 취소할 수 있다는 내 │4항제5호 │ │ │ │ │용을 거래 상대방인 미성년자에게 고지하 │ │ │ │ │ │지 않은 경우 │ │ │ │ │ ├────────────────────┼──────┼───┼───┼─────┤ │사. 법 제13조제6항을 위반하여 소비자의 │법 제45조제 │200 │400 │1,000 │ │동의를 받지 않거나 소비자에게 고지하지 │4항제5호의2 │ │ │ │ │않은 경우 │ │ │ │ │ ├────────────────────┼──────┼───┼───┼─────┤ │사의2. 법 제18조제2항을 위반하여 재화등 │법 제45조제 │400 │1,000 │2,000 │ │의 대금을 환급하지 않은 경우 │3항제1호의2 │ │ │ │ ├────────────────────┼──────┼───┼───┼─────┤ │사의3. 법 제20조제1항을 위반하여 통신판 │법 제45조제 │200 │400 │1,000 │ │매의 당사자가 아니라는 사실을 소비자에 │4항제5호의3 │ │ │ │ │게 미리 고지하지 않은 경우 │ │ │ │ │ ├────────────────────┼──────┼───┼───┼─────┤ │사의4. 법 제20조제2항을 위반하여 통신판 │법 제45조제 │200 │400 │1,000 │ │매중개의뢰자의 신원정보를 확인하지 않 │4항제5호의4 │ │ │ │ │거나 소비자에게 제공하지 않은 경우 │ │ │ │ │ ├────────────────────┼──────┼───┼───┼─────┤ │사의5. 법 제20조제3항을 위반하여 소비자 │법 제45조제 │200 │400 │1,000 │ │불만이나 분쟁의 해결을 위하여 필요한 │4항제5호의5 │ │ │ │ │조치를 취하지 않은 경우 │ │ │ │ │ ├────────────────────┼──────┼───┼───┼─────┤ │아. 법 제20조의3제1호가목을 위반하여 법 │법 제45조제 │200 │400 │1,000 │ │제13조제2항제5호에 관한 정보의 제공을 │4항제6호 │ │ │ │ │하지 않은 경우 │ │ │ │ │ ├────────────────────┼──────┼───┼───┼─────┤ │아의2. 법 제20조의4제1항을 위반하여 개인 │법 제45조제 │200 │400 │1,000 │ │간 거래에서 개인 판매자의 신원정보를 │4항제6호의2 │ │ │ │ │확인하지 않은 경우 │ │ │ │ │ ├────────────────────┼──────┼───┼───┼─────┤ │아의3. 법 제20조의4제2항을 위반하여 개인 │법 제45조제 │200 │400 │1,000 │ │판매자의 신원정보와 거래내역을 제공하 │4항제6호의3 │ │ │ │ │지 않은 경우 │ │ │ │ │ ├────────────────────┼──────┼───┼───┼─────┤ │아의4. 법 제20조의4제3항을 위반하여 같은 │법 제45조제 │200 │400 │1,000 │ │항 각 호의 사항을 이행하지 않은 경우 │4항제6호의4 │ │ │ │ ├────────────────────┼──────┼───┼───┼─────┤ │아의5. 법 제20조의5제1항을 위반하여 국내│법 제45조제 │400 │1,000 │2,000 │ │대리인을 지정하지 않은 경우 │3항제1호의3 │ │ │ │ ├────────────────────┼──────┼───┼───┼─────┤ │아의6. 법 제20조의5제2항을 위반하여 국내│법 제45조제 │400 │1,000 │2,000 │ │대리인을 지정한 경우 │3항제1호의4 │ │ │ │ ├────────────────────┼──────┼───┼───┼─────┤ │아의7. 법 제20조의5제3항을 위반하여 같은 │법 제45조제 │400 │1,000 │2,000 │ │항 각 호의 사항을 제출하지 않거나 공개 │3항제1호의5 │ │ │ │ │하지 않은 경우 │ │ │ │ │ ├────────────────────┼──────┼───┼───┼─────┤ │아의8. 법 제20조의5제6항을 위반하여 자료│법 제45조제 │400 │1,000 │2,000 │ │를 제출하지 않거나 거짓 자료를 제출한 │3항제1호의6 │ │ │ │ │경우 │ │ │ │ │ ├────────────────────┼──────┼───┼───┼─────┤ │자. 법 제21조제1항제1호부터 제5호까지의 │법 제45조제 │1,000 │1,600 │2,000 │ │금지행위 중 어느 하나에 해당하는 행위 │3항제2호 │ │ │ │ │를 한 경우 │ │ │ │ │ ├────────────────────┼──────┼───┼───┼─────┤ │차. 법 제21조의2제1항 각 호의 금지행위 │법 제45조제 │200 │400 │1,000 │ │중 어느 하나에 해당하는 행위를 한 경우 │4항제7호 │ │ │ │ ├────────────────────┼──────┼───┼───┼─────┤ │차의2. 법 제21조의4제1항을 위반하여 사용│법 제45조제 │200 │400 │1,000 │ │후기의 수집 및 처리에 관한 정보를 공개 │4항제8호 │ │ │ │ │하지 않은 경우 │ │ │ │ │ ├────────────────────┼──────┼───┼───┼─────┤ │카. 법 제8조제4항에 따른 결제수단의 발행│법 제45조제 │400 │1,000 │2,000 │ │자로서 법 제24조제1항 각 호 외의 부분 │3항제3호 │ │ │ │ │단서를 위반하여 소비자피해보상보험계약 │ │ │ │ │ │등을 체결하지 않은 경우 │ │ │ │ │ ├────────────────────┼──────┼───┼───┼─────┤ │타. 법 제15조제1항에 따른 선지급식 통신 │법 제45조제 │400 │1,000 │2,000 │ │판매업자로서 법 제24조제2항을 위반한 │3항제4호 │ │ │ │ │경우 │ │ │ │ │ ├────────────────────┼──────┼───┼───┼─────┤ │파. 법 제8조제4항에 따른 결제수단의 발행│법 제45조제 │400 │1,000 │2,000 │ │자로서 법 제24조제7항을 위반하여 거짓 │3항제5호 │ │ │ │ │자료를 제출하고 소비자피해보상보험계약 │ │ │ │ │ │등을 체결한 경우 │ │ │ │ │ ├────────────────────┼──────┼───┼───┼─────┤ │하. 법 제15조제1항에 따른 선지급식 통신 │법 제45조제 │400 │1,000 │2,000 │ │판매업자로서 법 제24조제7항을 위반하 │3항제6호 │ │ │ │ │여 거짓 자료를 제출하고 소비자피해보상 │ │ │ │ │ │보험계약등을 체결한 경우 │ │ │ │ │ ├────────────────────┼──────┼───┼───┼─────┤ │거. 법 제32조의4제1항에 따른 임시중지명 │법 제45조제 │5,000 │8,000 │10,000 │ │령을 위반한 경우 │1항 │ │ │ │ ├────────────────────┼──────┼───┼───┼─────┤ │너. 법 제32조의4제2항을 위반하여 공정거 │법 제45조제 │400 │1,000 │2,000 │ │래위원회의 요청을 따르지 않은 경우 │3항제7호 │ │ │ │ ├────────────────────┼──────┼───┼───┼─────┤ │더. 법 제39조제1항에 따라 준용되는 「독 │법 제45조제 │50 │70 │100 │ │점규제 및 공정거래에 관한 법률」 제66 │5항 │ │ │ │ │조를 위반하여 질서유지의 명령을 따르지 │ │ │ │ │ │않은 경우 │ │ │ │ │ ├─────────────┬──────┼──────┼───┼───┼─────┤ │ │ │ │ │ │ │ │ │ │ │ │ │ │ │러. 법 제39조제2항에 따라 │1) 사업자 또│법 제45조제 │600 │1,500 │3,000 │ │준용되는 「독점규제 및 공 │는 사업자단 │2항제1호 │ │ │ │ │정거래에 관한 법률」 제 │체 │ │ │ │ │ │81조제1항제1호에 따른 출 │ │ │ │ │ │ │석처분을 받은 당사자 중 │ │ │ │ │ │ │정당한 사유 없이 출석하지 ├──────┼──────┼───┼───┼─────┤ │않은 경우 │2) 사업자 또│법 제45조제 │100 │200 │500 │ │ │는 사업자단 │2항제1호 │ │ │ │ │ │체의 임원 │ │ │ │ │ │ │또는 종업 │ │ │ │ │ │ │원, 그 밖의 │ │ │ │ │ │ │이해관계인 │ │ │ │ │ │ │ │ │ │ │ │ │ │ │ │ │ │ │ ├─────────────┼──────┼──────┼───┼───┼─────┤ │머. 법 제39조제2항에 따라 │1) 사업자 또│법 제45조제 │600 │1,500 │3,000 │ │준용되는 「독점규제 및 공 │는 사업자단 │2항제2호 │ │ │ │ │정거래에 관한 법률」 제 │체 │ │ │ │ │ │81조제1항제3호 또는 같은 ├──────┼──────┼───┼───┼─────┤ │조 제6항에 따른 보고를 │2) 사업자 또│법 제45조제 │100 │200 │500 │ │하지 않거나 필요한 자료나 │는 사업자단 │2항제2호 │ │ │ │ │물건을 제출하지 않거나 거 │체의 임원 │ │ │ │ │ │짓으로 보고하거나 거짓 자 │또는 종업 │ │ │ │ │ │료나 물건을 제출한 경우 │원, 그 밖의 │ │ │ │ │ │ │이해관계인 │ │ │ │ │ ├─────────────┼──────┼──────┼───┼───┼─────┤ │버. 법 제39조제2항에 따라 │1) 사업자 또│법 제45조제 │1,000 │2,500 │5,000 │ │준용되는 「독점규제 및 공 │는 사업자단 │2항제3호 │ │ │ │ │정거래에 관한 법률」 제 │체 │ │ │ │ │ │81조제2항 및 제3항에 따 ├──────┼──────┼───┼───┼─────┤ │른 조사를 거부ㆍ방해 또는 │2) 사업자 또│법 제45조제 │200 │500 │1,000 │ │기피한 경우 │는 사업자단 │2항제3호 │ │ │ │ │ │체의 임원 │ │ │ │ │ │ │또는 종업 │ │ │ │ │ │ │원, 그 밖의 │ │ │ │ │ │ │이해관계인 │ │ │ │ │ └─────────────┴──────┴──────┴───┴───┴─────┘",2026-09-26 06:25
전자상거래 등에서의 소비자보호에 관한 법률 시행령,전자상거래법 시행령,대통령령,제38조(과징금 부과를 위한 위반행위 관련 매출액 산정 등),과징금,20260721,"제38조(과징금 부과를 위한 위반행위 관련 매출액 산정 등) ① 법 제34조제1항 전단에서 ""대통령령으로 정하는 위반행위 관련 매출액""이란 다음 각 호의 어느 하나에 해당하는 금액을 말한다. 다만, 해당 위반행위가 제1호부터 제3호까지의 규정 가운데 둘 이상에 해당하는 경우에는 그 중 큰 금액을 말한다. 1. 해당 위반행위가 매출이나 소비자피해 발생의 직접적인 원인이 아닌 경우: 해당 위반행위의 발생시점으로부터 그 종료시점(해당 행위가 과징금부과 처분 시까지 종료되지 아니한 경우에는 과징금 부과처분을 명하는 공정거래위원회의 의결일을 해당 행위의 종료일로 본다)까지의 매출액의 100분의 10에 해당하는 금액. 다만, 위반행위가 특정 분야에 한정된 경우에는 해당 분야 매출액을 기준으로 한다. 2. 해당 위반행위가 매출이 일어난 직접적 원인이 된 경우: 해당 위반행위와 상당인과관계가 있는 매출액 전액에 해당하는 금액 3. 해당 위반행위가 소비자피해에 직접적 원인이 된 경우: 해당 위반행위로 인하여 피해가 발생한 매출액 전액에 해당하는 금액 ② 법 제34조제1항에 따른 과징금의 부과기준은 별표 2와 같다. ③ 공정거래위원회는 이 영에서 규정한 사항 외에 과징금의 부과에 필요한 세부 기준을 정하여 고시할 수 있다.",,,,,과징금의 부과기준(제38조제2항 관련),"[과징금의 부과기준(제38조제2항 관련)]
■ 전자상거래 등에서의 소비자보호에 관한 법률 시행령 [별표 2] <개정 2026. 7. 20.> 과징금의 부과기준(제38조제2항 관련) 1. 과징금의 산정기준 과징금은 법 제34조제3항 각 호의 사항과 이에 영향을 미치는 사항을 고려하여 산정하되, 위반행위 유형에 따른 기본 산정기준에 위반행위의 기간 및 소비자피해 정도에 따른 조정, 사업자의 보상노력 정도 등에 따른 조정을 거쳐 부과과징금을 산정한다. 가. 기본 산정기준 1) 위반행위를 한 사업자의 1일당 평균 관련매출액의 100분의 30에 해당하는 금액에 제34조 및 별표 1의 영업정지 처분의 기준에서 정한 영업정지일수(1개 월은 30일로 한다)를 곱한 금액으로 한다. 2) 영업중단 등으로 인하여 매출실적이 없거나, 재해 등으로 인하여 매출액 산정자료 가 소멸되거나 훼손되어 객관적인 매출액 산정이 어려운 경우 등 관련매출액 산정 이 곤란한 경우에는 위 영업정지기간에 1일당 50만원을 곱하여 산정하되, 그 최대 금액은 5천만원으로 한다. 3) 1일당 평균 관련매출액은 위반행위를 한 사업자의 위반기간(위반행위의 개시 일부터 종료일까지의 기간) 동안의 관련매출액을 위반기간 일수로 나눈 금액 을 말한다. 나. 소비자피해의 정도 등에 따른 조정(이하 ""1차 조정""이라 한다) 법 제34조제3항제1호에 따른 소비자피해의 정도 및 같은 항 제4호에 따 른 위반행위의 내용ㆍ기간 및 횟수에 따라 각각 기본 산정기준의 100분의 100 범위에서 공정거래위원회가 정하여 고시하는 기준에 따라 조정한다. 다. 위반사업자의 보상노력 정도 등에 따른 조정(이하 ""2차 조정""이라 한다) 법 제34조제3항제2호에 따른 사업자의 보상노력 정도, 위반사업자의 고의ㆍ 과실, 위반행위의 성격과 사정 등의 사유를 고려하여 1차 조정된 산정기준의 100분의 50의 범위에서 공정거래위원회가 정하여 고시하는 기준에 따라 조정 한다. 라. 부과과징금 1) 위반사업자의 현실적 부담능력이나 그 위반행위가 시장에 미치는 효과, 그 밖에 시장 또는 경제여건, 법 제34조제3항제3호에 따른 위반행위로 취 득한 이익의 규모 등을 충분히 반영하지 못하여 과중하다고 인정되는 경우 에는 2차 조정된 산정기준의 100분의 50 범위에서 감액하여 부과과징금 으로 정할 수 있다. 다만, 위반사업자의 과징금 납부능력의 현저한 부족, 위반사업자가 속한 시장ㆍ산업 여건의 현저한 변동 또는 지속적 악화, 경제 위기, 그 밖에 이에 준하는 사유로 불가피하게 100분의 50을 초과하여 감 액하는 것이 타당하다고 인정되는 경우에는 100분의 50을 초과하여 감액 할 수 있다. 2차 조정된 산정기준을 감액하는 경우에는 공정거래위원회의 의결서에 그 이유를 명시하여야 한다. 2) 위반사업자의 채무상태가 지급불능 또는 지급정지 상태에 있거나 부채의 총액이 자산의 총액을 초과하는 등의 사유로 위반사업자가 객관적으로 과징 금을 낼 능력이 없다고 인정되는 경우에는 과징금을 면제할 수 있다. 2. 과징금의 세부기준 1차 조정 및 2차 조정, 그 밖에 과징금 부과에 필요한 세부적인 기준과 방법 등에 관한 사항은 공정거래위원회가 정하여 고시한다.",2026-09-26 06:25
할부거래에 관한 법률 시행령,할부거래법 시행령,대통령령,제31조(과징금의 부과기준),과징금,20260701,제31조(과징금의 부과기준) ① 법 제42조제1항에 따른 과징금의 부과기준은 별표 3과 같다. ② 이 영에서 규정한 사항 외에 과징금의 부과에 필요한 세부기준은 공정거래위원회가 정한다.,,,,,과징금의 부과기준(제31조제1항 관련),"[과징금의 부과기준(제31조제1항 관련)]
■ 할부거래에 관한 법률 시행령 [별표 3] <개정 2026. 6. 16.> 과징금의 부과기준(제31조제1항 관련) 1. 과징금 부과 여부의 결정 과징금은 위반행위로 인한 소비자 피해 정도를 우선적으로 고려하고 시장상황 등을 종합적으로 참고하여 그 부과 여부를 결정하되, 다음 각 목의 어느 하나에 해당하는 경우에는 원칙적으로 과징금을 부과한다. 가. 선불식 할부계약에 의한 거래의 공정성을 크게 해치는 경우 나. 소비자 등에게 미치는 영향이 큰 경우 다. 위반행위에 의하여 부당이득이 발생한 경우 라. 가목부터 다목까지에 준하는 경우로서 공정거래위원회가 정하여 고시하는 경 우 2. 과징금의 산정기준 과징금은 법 제42조제2항 각 호에서 정한 고려사유와 이에 영향을 미치는 사항을 참고하여 산정하되, 기본과징금, 의무적 조정과징금, 임의적 조정과징금, 부과과징 금의 순서에 따라 단계적으로 산정한다. 가. 기본과징금 1) 기본과징금은 제30조제1항에서 정하는 위반행위 관련 매출액에 위반행위의 유형 및 중대성 정도별로 정하는 부과기준율을 곱한 금액으로 한다. 다만, 법 제42조제1항 후단에 해당하는 경우에는 5천만원 이내에서 중대성의 정도별로 정하는 금액을 기본과징금으로 한다. 2) 위반행위의 중대성 정도는 법 제42조제2항제4호에 따른 위반행위의 내용 및 같은 항 제1호에 따른 위반행위로 인한 소비자 피해정도에 따라 ""중대성이 약 한 위반행위"", ""중대한 위반행위"", ""매우 중대한 위반행위""로 구분한다. 나. 의무적 조정과징금 법 제42조제2항제4호에 따른 위반행위의 기간 및 횟수에 따라 각각 기본 과징금의 100분의 100의 범위에서 공정거래위원회가 정하여 고시하는 기준 에 따른 금액을 기본과징금에 가산한 금액과 법 제42조제2항제3호에 따른 위반행위로 인하여 취득한 이익의 규모에 해당하는 금액을 비교하여, 이 중 큰 금액을 의무적 조정과징금으로 한다. 다. 임의적 조정과징금 법 제42조제2항 각 호에 영향을 미치는 위반사업자의 고의ㆍ과실, 위반행위 의 성격과 사정, 재정적 상황 및 시장 여건 등의 사유를 고려하여 공정거래위원 회가 정하여 고시하는 기준에 따라 의무적 조정과징금을 가중 또는 감경한 금 액을 임의적 조정과징금으로 한다. 이 경우 가중 또는 감경하는 금액은 각각 의 무적 조정과징금의 100분의 50을 초과할 수 없다. 라. 부과과징금 1) 임의적 조정과징금의 금액이 위반사업자의 현실적 부담능력, 그 위반행위 가 시장에 미치는 효과, 위반사업자가 처한 사업여건의 변동 등을 충분히 반영하지 못하여 지나치게 무겁다고 인정되는 경우에는 그 임의적 조정과 징금을 100분의 50 이내에서 감액하여 부과과징금으로 정할 수 있다. 다 만, 위반사업자의 과징금 납부능력의 현저한 부족, 위반사업자가 속한 시장 ㆍ산업 여건의 현저한 변동 또는 지속적 악화, 경제위기, 그 밖에 이에 준 하는 사유로 불가피하게 100분의 50을 초과하여 감액하는 것이 타당하다 고 인정되는 경우에는 100분의 50을 초과하여 감액할 수 있다. 임의적 조 정과징금을 감액하는 경우에는 공정거래위원회의 의결서에 그 이유를 명시 하여야 한다. 2) 위반사업자의 채무상태가 지급불능 또는 지급정지 상태에 있거나 부채의 총액이 자산의 총액을 초과하는 등의 사유로 위반사업자가 객관적으로 과 징금을 납부할 능력이 없다고 인정되는 경우에는 과징금을 면제할 수 있다. 3. 세부 기준의 제정 기본과징금의 부과기준율, 위반행위 관련 매출액의 산정에 관한 세부기준, 의무적 조정과징금 및 임의적 조정과징금의 산정을 위한 기준, 그 밖에 과징금의 부과에 관하여 필요한 세부적인 기준과 방법 등에 관한 사항은 공정거래위원회가 정하여 고시한다.",2026-09-26 06:25
할부거래에 관한 법률 시행령,할부거래법 시행령,대통령령,제33조(과태료의 부과기준),과태료,20260701,제33조(과태료의 부과기준) 법 제53조제1항부터 제5항까지의 규정에 따른 과태료의 부과기준은 별표 4와 같다.,,,,,과태료의 부과기준(제33조 관련),"[과태료의 부과기준(제33조 관련)]
■ 할부거래에 관한 법률 시행령 [별표 4] <개정 2023. 9. 12.> [시행일: 2024. 3. 22.] 제2호도목 과태료의 부과기준(제33조 관련) 1. 일반기준 가. 위반행위의 횟수에 따른 과태료의 가중된 부과기준은 최근 3년간 같은 위반행위로 과태료 부과처분을 받은 경우에 적용한다. 이 경우 기간의 계산은 위반행위에 대하 여 과태료 부과처분을 받은 날과 그 처분 후 다시 같은 위반행위를 하여 적발된 날 을 기준으로 한다. 나. 가목에 따라 가중된 부과처분을 하는 경우 가중처분의 적용 차수는 그 위반행위 전 부과처분 차수(가목에 따른 기간 내에 과태료 부과처분이 둘 이상 있었던 경우 에는 높은 차수를 말한다)의 다음 차수로 한다. 다. 부과권자는 다음의 어느 하나에 해당하는 경우에는 제2호에 따른 과태료 금액의 2분의 1 범위에서 그 금액을 감경할 수 있다. 다만, 과태료를 체납하고 있는 위반행 위자의 경우에는 그러하지 아니하다. 1) 위반행위자가 「질서위반행위규제법 시행령」 제2조의2제1항 각 호의 어느 하나 에 해당하는 경우 2) 위반행위가 사소한 부주의나 오류로 인한 것으로 인정되는 경우 3) 위반행위자가 법 위반상태를 시정하거나 해소한 경우 4) 그 밖에 위반행위의 정도, 위반행위의 동기와 그 결과 등을 고려하여 감경할 필요 가 있다고 인정되는 경우 2. 개별기준 (단위: 만원) ┌───────────────────────┬───────┬──────────────┐ │위반행위 │근거 법조문 │과태료 금액 │ │ │ ├───┬───┬──────┤ │ │ │1차 │2차 │3차 이상 │ │ │ │위반 │위반 │위반 │ ├───────────────────────┼───────┼───┼───┼──────┤ │가. 법 제5조를 위반하여 표시를 하지 않거나 │법 제53조 │100 │250 │500 │ │거짓 표시를 한 경우 │제4항제1호 │ │ │ │ │ │ │ │ │ │ │나. 법 제6조제2항에 따른 계약서를 발급하지 │법 제53조 │100 │250 │500 │ │않거나 거짓으로 적은 계약서를 발급한 경 │제4항제2호 │ │ │ │ │우 │ │ │ │ │ │ │ │ │ │ │ │다. 법 제6조제3항에 따른 서면을 발급하지 않 │법 제53조 │100 │250 │500 │ │은 경우 │제4항제3호 │ │ │ │ │ │ │ │ │ │ │라. 법 제7조에 따른 할부수수료의 실제연간요 │법 제53조 │100 │250 │500 │ │율의 최고한도를 위반하여 할부수수료를 받 │제4항제4호 │ │ │ │ │은 경우 │ │ │ │ │ │ │ │ │ │ │ │마. 법 제10조를 위반하여 계약금, 할부금 또는 │법 제53조 │100 │250 │500 │ │지연배상금을 환급하지 않거나 환급에 필요 │제4항제5호 │ │ │ │ │한 조치를 취하지 않은 경우 │ │ │ │ │ │ │ │ │ │ │ │바. 법 제10조제8항 또는 제16조제7항을 위반 │법 제53조 │100 │250 │500 │ │하여 소비자에게 불이익을 주는 행위를 한 │제4항제6호 │ │ │ │ │경우 │ │ │ │ │ │ │ │ │ │ │ │사. 법 제12조제1항에 따른 지연손해금 산정 시 │법 제53조 │100 │250 │500 │ │적용하는 이율의 최고한도를 위반하여 지연 │제4항제7호 │ │ │ │ │손해금을 받은 경우 │ │ │ │ │ │ │ │ │ │ │ │아. 법 제17조를 위반하여 휴업기간 또는 영업 │법 제53조 │100 │250 │500 │ │정지기간 중에 청약의 철회에 관한 업무를 │제4항제8호 │ │ │ │ │계속하지 않은 경우 │ │ │ │ │ │ │ │ │ │ │ │자. 법 제18조제3항 또는 제5항에 따른 신고를 │법 제53조 │1,000 │2,500 │5,000 │ │거짓으로 한 경우 │제1항제1호 │ │ │ │ │ │ │ │ │ │ │차. 법 제18조제3항 또는 제5항에 따른 신고를 │법 제53조 │600 │1,500 │3,000 │ │하지 않은 경우 │제2항제1호 │ │ │ │ │ │ │ │ │ │ │카. 법 제18조제7항을 위반하여 자료를 제출하 │법 제53조 │600 │1,500 │3,000 │ │지 않거나 거짓 자료를 제출한 경우 │제2항제2호 │ │ │ │ │ │ │ │ │ │ │타. 법 제18조의2제1항을 위반하여 감사인이 │법 제53조 │1,000 │2,500 │5,000 │ │작성하지 않은 회계감사 보고서를 제출한 │제1항제1호의2 │ │ │ │ │경우 │ │ │ │ │ │ │ │ │ │ │ │파. 법 제18조의2제1항에 따른 회계감사 보고 │법 제53조 │600 │1,500 │3,000 │ │서를 제출하지 않은 경우 │제2항제3호 │ │ │ │ │ │ │ │ │ │ │하. 법 제18조의2제2항을 위반하여 감사인이 │법 제53조 │600 │1,500 │3,000 │ │작성하지 않은 회계감사 보고서를 공시한 │제2항제3호의2 │ │ │ │ │경우 │ │ │ │ │ │ │ │ │ │ │ │거. 법 제18조의2제2항에 따라 회계감사 보고 │법 제53조 │200 │500 │1,000 │ │서를 공시하지 않은 경우 │제3항제1호 │ │ │ │ │ │ │ │ │ │ │너. 법 제22조제1항 또는 제22조의2제7항에 따 │법 제53조 │1,000 │2,500 │5,000 │ │른 신고를 거짓으로 한 경우 │제1항제2호 │ │ │ │ │ │ │ │ │ │ │더. 법 제22조제1항 또는 제22조의2제7항에 따 │법 제53조 │600 │1,500 │3,000 │ │른 신고를 하지 않은 경우 │제2항제4호 │ │ │ │ │ │ │ │ │ │ │러. 법 제22조제2항 및 제22조의2제1항에 따른 │법 제53조 │200 │500 │1,000 │ │공고를 하지 않거나 거짓으로 공고한 경우 │제3항제2호 │ │ │ │ │ │ │ │ │ │ │머. 거짓이나 그 밖의 부정한 방법으로 법 제22 │법 제53조 │600 │1,500 │3,000 │ │조의2제2항에 따른 설명을 하거나 동의를 받 │제2항제5호 │ │ │ │ │은 경우 │ │ │ │ │ │ │ │ │ │ │ │버. 법 제22조의2제2항 또는 제3항을 위반한 경 │법 제53조 │200 │500 │1,000 │ │우 │제3항제3호 │ │ │ │ │ │ │ │ │ │ │서. 법 제22조의2제6항을 위반하여 자료를 보 │법 제53조 │200 │500 │1,000 │ │존하지 않은 경우 │제3항제4호 │ │ │ │ │ │ │ │ │ │ │어. 선불식 할부거래업자의 모집인이 법 제23 │법 제53조 │600 │1,500 │3,000 │ │조제1항 또는 제2항을 위반한 경우 해당 선 │제2항제6호 │ │ │ │ │불식 할부거래업자. 다만, 선불식 할부거래 │ │ │ │ │ │업자가 그 위반행위를 막기 위하여 해당 업 │ │ │ │ │ │무에 관하여 상당한 주의와 감독을 게을리 │ │ │ │ │ │하지 않은 경우에는 그렇지 않다. │ │ │ │ │ │ │ │ │ │ │ │저. 거짓이나 그 밖의 부정한 방법으로 법 제23 │법 제53조 │600 │1,500 │3,000 │ │조제1항, 제2항 또는 제4항에 따른 설명을 │제2항제7호 │ │ │ │ │하거나 확인을 받은 경우 │ │ │ │ │ │ │ │ │ │ │ │처. 법 제23조제1항 또는 제2항을 위반하여 설 │법 제53조 │200 │500 │1,000 │ │명 또는 확인을 받지 않은 경우 │제3항제5호 │ │ │ │ │ │ │ │ │ │ │커. 거짓이나 그 밖의 부정한 방법으로 법 제23 │법 제53조 │600 │1,500 │3,000 │ │조제3항·제4항에 따른 계약서를 발급한 경 │제2항제8호 │ │ │ │ │우 │ │ │ │ │ │ │ │ │ │ │ │터. 법 제23조제3항 또는 제4항에 따른 계약서 │법 제53조 │200 │500 │1,000 │ │를 발급하지 않은 경우 │제3항제6호 │ │ │ │ │ │ │ │ │ │ │퍼. 법 제23조제5항을 위반하여 대통령령으로 │법 제53조 │200 │500 │1,000 │ │정하는 사항을 소비자에게 알리지 않거나 │제3항제7호 │ │ │ │ │법 제32조제2항을 위반하여 휴업기간 또는 │ │ │ │ │ │영업정지기간을 소비자에게 알리지 않은 경 │ │ │ │ │ │우 │ │ │ │ │ │ │ │ │ │ │ │허. 법 제24조제5항을 위반하여 계약금, 할부금 │법 제53조 │200 │500 │1,000 │ │또는 지연배상금을 환급하지 않은 경우 │제3항제8호 │ │ │ │ │ │ │ │ │ │ │고. 법 제25조를 위반하여 대금 또는 지연배상 │법 제53조 │200 │500 │1,000 │ │금을 환급하지 않거나 과다한 위약금을 청 │제3항제9호 │ │ │ │ │구한 경우 │ │ │ │ │ │ │ │ │ │ │ │노. 법 제27조제12항에 따른 서류를 제출하지 │법 제53조 │600 │1,500 │3,000 │ │않은 경우 │제2항제9호 │ │ │ │ │ │ │ │ │ │ │도. 법 제27조의2제1항을 위반하여 총리령으로 │법 제53조 │200 │500 │1,000 │ │정하는 내용을 소비자에게 통지하지 않거나 │제3항제9호의2 │ │ │ │ │거짓으로 통지한 경우 │ │ │ │ │ │ │ │ │ │ │ │로. 법 제32조제1항을 위반하여 휴업기간 또는 │법 제53조 │200 │500 │1,000 │ │영업정지기간 중에 청약의 철회 등에 관한 │제3항제10호 │ │ │ │ │업무를 계속하지 않은 경우 │ │ │ │ │ │ │ │ │ │ │ │모. 법 제33조에 따른 소비자의 열람에 제공하 │법 제53조 │600 │1,500 │3,000 │ │는 재화등의 거래기록 또는 소비자피해보상 │제2항제10호 │ │ │ │ │보험계약등의 체결내용을 거짓으로 작성한 │ │ │ │ │ │경우 │ │ │ │ │ │ │ │ │ │ │ │보. 법 제33조에 따른 재화등의 거래기록 또는 │법 제53조 │200 │500 │1,000 │ │소비자피해보상보험계약등의 체결내용을 소 │제3항제11호 │ │ │ │ │비자가 열람할 수 있도록 하지 않은 경우 │ │ │ │ │ │ │ │ │ │ │ │소. 법 제47조제1항에 따라 준용되는 「독점규 │법 제53조 │20 │50 │100 │ │제 및 공정거래에 관한 법률」 제66조에 따 │제5항 │ │ │ │ │른 질서유지명령에 따르지 않은 경우 │ │ │ │ │ │ │ │ │ │ │ │오. 법 제47조제2항에 따라 준용되는 「독점규 │법 제53조 │ │ │ │ │제 및 공정거래에 관한 법률」 제81조제1항 │제2항제11호 │ │ │ │ │제1호를 위반하여 정당한 사유 없이 출석하 │ │ │ │ │ │지 않은 경우 │ │ │ │ │ │ 1) 사업자 또는 사업자단체 │ │600 │1,500 │3,000 │ │ 2) 사업자ㆍ사업자단체의 임직원 및 그 밖의 │ │100 │200 │500 │ │이해관계인 │ │ │ │ │ │ │ │ │ │ │ │조. 법 제47조제2항에 따라 준용되는 「독점규 │법 제53조 │ │ │ │ │제 및 공정거래에 관한 법률」 제81조제1항 │제2항제12호 │ │ │ │ │제3호 또는 같은 조 제6항에 따른 보고 또는 │ │ │ │ │ │제출을 하지 않거나 거짓으로 보고 또는 제 │ │ │ │ │ │출한 경우 │ │ │ │ │ │ 1) 사업자 또는 사업자단체 │ │600 │1,500 │3,000 │ │ 2) 사업자ㆍ사업자단체의 임직원 │ │100 │200 │500 │ │ │ │ │ │ │ │초. 법 제47조제2항에 따라 준용되는 「독점규 │법 제53조 │ │ │ │ │제 및 공정거래에 관한 법률」 제81조제2항 │제1항제3호 │ │ │ │ │에 따른 조사를 거부·방해하거나 기피한 경 │ │ │ │ │ │우 │ │ │ │ │ │ 1) 사업자 또는 사업자단체 │ │1,000 │2,500 │5,000 │ │ 2) 사업자ㆍ사업자단체의 임직원 및 그 밖의 │ │200 │500 │1,000 │ │이해관계인 │ │ │ │ │ └───────────────────────┴───────┴───┴───┴──────┘",2026-09-26 06:25
표시ㆍ광고의 공정화에 관한 법률 시행령,표시광고법 시행령,대통령령,제17조(과태료의 부과기준),과태료,20260701,제17조(과태료의 부과기준) ① 법 제20조제1항부터 제4항까지의 규정(같은 조 제2항제1호는 제외한다)에 따른 과태료의 부과기준은 별표 2와 같다. <개정 2018.12.4> ② 법 제20조제2항제1호에 따른 과태료의 부과기준은 별표 3과 같다. <개정 2018.12.4>,,,,,과태료의 부과기준(제17조제1항 관련) / 과태료의 부과기준(제17조제2항 관련),"[과태료의 부과기준(제17조제1항 관련)]
■ 표시ㆍ광고의 공정화에 관한 법률 시행령 [별표 2] <개정 2024. 1. 2.> 과태료의 부과기준(제17조제1항 관련) 1. 일반기준 가. 위반행위의 횟수에 따른 과태료의 가중된 부과기준은 최근 2년간 같은 위반행위로 과태료 부과처분을 받은 경우에 적용한다. 이 경우 기간의 계 산은 위반행위에 대하여 과태료 부과처분을 받은 날과 그 처분 후 다시 같 은 위반행위를 하여 적발된 날을 기준으로 한다. 나. 부과권자는 위반행위의 정도, 위반행위의 동기와 그 결과 등 다음 사항을 고려하여 제2호의 개별기준에서 정한 금액의 2분의 1 범위에서 그 금액을 줄일 수 있다. 다만, 과태료를 체납하고 있는 위반행위자의 경우에는 그러하지 아니하다. 1) 위반행위자가 「중소기업기본법」 제2조에 따른 중소기업자인 경우 2) 위반행위자가 「질서위반행위규제법 시행령」 제2조의2제1항 각 호의 어느 하나에 해당하는 경우 3) 위반행위가 사소한 부주의나 오류로 인한 것으로 인정되는 경우 4) 위반행위자가 법 위반 상태를 시정하거나 해소한 경우 2. 개별기준 (단위: 만원) ┌──────────────────┬──────┬────────────┐ │위반행위 │근거 법조문 │과태료 금액 │ │ │ ├────┬───────┤ │ │ │1차 위반│2차 이상 위반 │ ├────────┬─────────┼──────┼────┼───────┤ │가. 법 제5조제3항│1) 사업자 또는 │법 제20조 │5,000 │10,000 │ │을 위반하여 실 │사업자단체 │제2항제2호 │ │ │ │증자료를 제출하 ├─────────┼──────┼────┼───────┤ │지 않은 경우 │2) 법인 또는 │법 제20조 │500 │1,000 │ │ │사업자단체의 │제2항제2호 │ │ │ │ │임원이나 종 │ │ │ │ │ │업원 또는 그 │ │ │ │ │ │밖의 이해관 │ │ │ │ │ │계인 │ │ │ │ ├────────┼─────────┼──────┼────┼───────┤ │나. 법 제5조제5항│1) 사업자 또는 │법 제20조 │5,000 │10,000 │ │을 위반하여 표 │사업자단체 │제2항제3호 │ │ │ │시ㆍ광고행위를 ├─────────┼──────┼────┼───────┤ │중지하지 않은 │2) 법인 또는 │법 제20조 │500 │1,000 │ │경우 │사업자단체의 │제2항제3호 │ │ │ │ │임원이나 종 │ │ │ │ │ │업원 또는 그 │ │ │ │ │ │밖의 이해관 │ │ │ │ │ │계인 │ │ │ │ ├────────┼─────────┼──────┼────┼───────┤ │다. 법 제8조제1항│1) 사업자 또는 │법 제20조 │5,000 │10,000 │ │을 위반하여 임 │사업자단체 │제2항제4호 │ │ │ │시중지명령에 따 ├─────────┼──────┼────┼───────┤ │르지 않은 경우 │2) 법인 또는 │법 제20조 │500 │1,000 │ │ │사업자단체의 │제2항제4호 │ │ │ │ │임원이나 종 │ │ │ │ │ │업원 또는 그 │ │ │ │ │ │밖의 이해관 │ │ │ │ │ │계인 │ │ │ │ ├────────┼─────────┼──────┼────┼───────┤ │라. 법 제14조제5│1) 사업자 또는 │법 제20조 │1,500 │3,000 │ │항에 따른 시정 │사업자단체 │제3항 │ │ │ │명령에 따르지 ├─────────┼──────┼────┼───────┤ │않은 경우 │2) 법인 또는 │법 제20조 │150 │300 │ │ │사업자단체의 │제3항 │ │ │ │ │임원이나 종 │ │ │ │ │ │업원 또는 그 │ │ │ │ │ │밖의 이해관 │ │ │ │ │ │계인 │ │ │ │ ├────────┴─────────┼──────┼────┼───────┤ │마. 법 제16조제1항에 따라 준용되는 │법 제20조 │50 │100 │ │「독점규제 및 공정거래에 관한 법 │제4항 │ │ │ │률」 제66조에 따른 질서유지명령 │ │ │ │ │에 따르지 않은 경우 │ │ │ │ ├────────┬─────────┼──────┼────┼───────┤ │바. 법 제16조제2│1) 사업자 또는 │법 제20조 │5,000 │10,000 │ │항에 따라 준용 │사업자단체 │제2항제6호 │ │ │ │되는 「독점규제 ├─────────┼──────┼────┼───────┤ │및 공정거래에 │2) 법인 또는 │법 제20조 │500 │1,000 │ │관한 법률」 제 │사업자단체의 │제2항제6호 │ │ │ │81조제1항제1호 │임원이나 종 │ │ │ │ │를 위반하여 정 │업원 또는 그 │ │ │ │ │당한 사유 없이 │밖의 이해관 │ │ │ │ │출석하지 않은 │계인 │ │ │ │ │경우 │ │ │ │ │ ├────────┼─────────┼──────┼────┼───────┤ │사. 법 제16조제2│1) 사업자 또는 │법 제20조 │5,000 │10,000 │ │항에 따라 준용 │사업자단체 │제2항제7호 │ │ │ │되는 「독점규제 ├─────────┼──────┼────┼───────┤ │및 공정거래에 │2) 법인 또는 │법 제20조 │500 │1,000 │ │관한 법률」 제 │사업자단체의 │제2항제7호 │ │ │ │81조제1항제3호 │임원이나 종 │ │ │ │ │또는 같은 조 제 │업원 또는 그 │ │ │ │ │6항에 따른 보고 │밖의 이해관 │ │ │ │ │또는 필요한 자 │계인 │ │ │ │ │료나 물건의 제 │ │ │ │ │ │출을 하지 않거 │ │ │ │ │ │나 거짓으로 보 │ │ │ │ │ │고하거나 거짓 │ │ │ │ │ │자료ㆍ물건을 제 │ │ │ │ │ │출한 경우 │ │ │ │ │ ├────────┼─────────┼──────┼────┼───────┤ │아. 법 제16조제2│1) 사업자 또는 │법 제20조 │10,000 │20,000 │ │항에 따라 준용 │사업자단체 │제1항 │ │ │ │되는 「독점규제 ├─────────┼──────┼────┼───────┤ │및 공정거래에 │2) 법인 또는 │법 제20조 │2,500 │5,000 │ │관한 법률」 제 │사업자단체의 │제1항 │ │ │ │81조제2항 및 제 │임원이나 종 │ │ │ │ │3항에 따른 조사 │업원 또는 그 │ │ │ │ │를 거부ㆍ방해 │밖의 이해관 │ │ │ │ │또는 기피한 경 │계인 │ │ │ │ │우 │ │ │ │ │ └────────┴─────────┴──────┴────┴───────┘

[과태료의 부과기준(제17조제2항 관련)]
■ 표시ㆍ광고의 공정화에 관한 법률 시행령 [별표 3] <개정 2018. 12. 4.> 과태료의 부과기준(제17조제2항 관련) 1. 일반기준 가. 과태료의 금액은 제2호의 위반점수 산정기준에 따라 산정한 위반점수가 제3 호의 과태료 부과기준에 해당하는 금액으로 한다. 나. 부과권자는 다음의 어느 하나에 해당하는 경우에는 제3호의 과태료 부과기 준에 해당하는 금액의 2분의 1 이내의 범위에서 그 금액을 줄일 수 있다. 다만, 과태료를 체납하고 있는 위반행위자의 경우에는 그러하지 아니하다. 1) 위반행위자가 「중소기업기본법」 제2조에 따른 중소기업자인 경우 2) 위반행위자가 「질서위반행위규제법 시행령」 제2조의2제1항 각 호의 어 느 하나에 해당하는 경우 3) 위반행위가 사소한 부주의나 오류로 인한 것으로 인정되는 경우 4) 위반행위자가 법 위반상태를 시정하거나 해소한 경우 2. 과태료 부과를 위한 위반점수(고시된 중요정보를 표시ㆍ광고하지 않은 경우) 산 정기준 및 산정방법 가. 위반점수 산정기준 ┏━━━━━━━━━┯━━━━━━━━┯━━━━━━━━━━┯━━━━━━━━━┯━━━━━━━━━┯━━━━━━━━┓ ┃위반등급(점수) │1등급 │2등급 │3등급 │4등급 │5등급 ┃ ┠─────┬───┤(10점) │(7점) │(5점) │(3점) │(1점) ┃ ┃고려사항 │가중치│ │ │ │ │ ┃ ┠─────┼───┼────────┼──────────┼─────────┼─────────┼────────┨ ┃1) 해당 표│3 │ㆍ총광고비 │ㆍ총광고비 │ㆍ총광고비 │ㆍ총광고비 │ㆍ총광고비 ┃ ┃시ㆍ광 │ │ (20억원 초 │ (15억원 초과, │ (10억원 초과, │ (5억원 초과, │ (5억원 이하) ┃ ┃고의 │ │과) │ 20억원 이하) │ 15억원 이하) │ 10억원 이하) │ ┃ ┃규모 │ │ │ │ │ │ ┃ ┃ │ │ │ │ │ │ ┃ ┃ │ │ㆍ직전 3개 사 │ㆍ직전 3개 사 │ㆍ직전 3개 사업 │ㆍ직전 3개 사업 │ㆍ직전 3개 사 ┃ ┃ │ │업연도의 연 │업연도의 연 │연도의 연평균 │연도의 연평균 │업연도의 연 ┃ ┃ │ │평균 매출액 │평균 매출액 │매출액 │매출액 │평균 매출액 ┃ ┃ │ │ (1조원 초과) │ (1,000억원 초과, │ (100억원 초과, │ (10억원 초과, │ (10억원 이하) ┃ ┃ │ │ │ 1조원 이하) │ 1,000억원 이하 ) │ 100억원 이하) │ ┃ ┠─────┼───┼────────┼──────────┼─────────┼─────────┼────────┨ ┃2) 중요 │3 │ㆍ전항목 누락 │ㆍ전항목 누락 │ㆍ50% 초과 누 │ㆍ50% 초과 누락 │ㆍ50% 이하 누 ┃ ┃정보항 │ │ (인체 또는 │ (그 밖의 항목 │락 │ (그 밖의 항목 │락 ┃ ┃목의 │ │안전과 관련 │이 누락된 경 │ (인체 또는 안전 │이 누락된 경 │ (그 밖의 항목 ┃ ┃누락 │ │된 항목이 │우) │과 관련된 항목 │우) │이 누락된 경 ┃ ┃정도 │ │누락된 경 │ │이 누락된 경우 │ │우) ┃ ┃ │ │우) │ │ │ │ ┃ ┃ │ │ │ │ │ │ ┃ ┃ │ │ │ │ │ㆍ50% 이하 누 │ ┃ ┃ │ │ │ │ │락 (인체 또 │ ┃ ┃ │ │ │ │ │는 안전과 관 │ ┃ ┃ │ │ │ │ │련된 항목이 │ ┃ ┃ │ │ │ │ │누락된 경우) │ ┃ ┠─────┼───┼────────┼──────────┼─────────┼─────────┼────────┨ ┃3) 해당 표│2 │ㆍ전국적 TV광 │ㆍ전국적 TV광고 │ㆍ전국적 TV광고 │ㆍ지역적 TVㆍ │ㆍ일부지역에만 ┃ ┃시ㆍ광 │ │고 │ (150회 초과, │ (150회 이하) │신문광고 │배포되거나 ┃ ┃고의 │ │ (300회 초 │300회 이하) │ │ │부착된 전단, ┃ ┃지역적 │ │과) │ │ │ │팸플릿, 스티 ┃ ┃확산 정 │ │ │ │ │ │커 등 ┃ ┃도 │ │ │ │ │ │ ┃ ┃ │ │ │ │ │ │ ┃ ┃ │ │ㆍ전국적 신문 │ㆍ전국적 신문 │ㆍ전국적 신문 │ㆍ전국적으로 배포 │ ┃ ┃ │ │광고 등 │광고 등 │광고 등 │되거나 부착된 │ ┃ ┃ │ │ (60회 초과) │ (30회 초과, │ (30회 이하) │전단, 팸플릿, │ ┃ ┃ │ │ │60회 이하) │ │스티커 등 │ ┃ ┃ │ │ │ │ │ │ ┃ ┃ │ │ │ │ㆍ인터넷 │ㆍ인터넷 │ ┃ ┃ │ │ │ │ (다른 회사 사 │ (자기 회사 사 │ ┃ ┃ │ │ │ │이트) │이트) │ ┃ ┃ │ │ │ │ │ │ ┃ ┃ │ │ │ │ │ㆍ잡지 │ ┃ ┃ │ │ │ │ │ │ ┃ ┃ │ │ㆍ해당 상품 포장│ㆍ해당 상품 포장ㆍ │ㆍ해당 상품 포장ㆍ│ㆍ해당 상품 포장ㆍ│ㆍ사업장 내에 ┃ ┃ │ │ㆍ용기에 표시 │용기에 표시 │용기에 표시 │용기에 표시 │게시하거나 ┃ ┃ │ │ (180회 초 │ (90회 초과, │ (30회 초과, 90 │ (30회 이하) │사업장 내에 ┃ ┃ │ │과) │180회 이하) │회 이하) │ │서 배포하는 설 ┃ ┃ │ │ │ │ │ │명서 ┃ ┠─────┼───┼────────┼──────────┼─────────┼─────────┼────────┨ ┃4) 최근 │2 │ㆍ법 위반 누 │ㆍ법 위반 누적 │ㆍ법 위반 누적 │ㆍ법 위반 누적 │ ┃ ┃1년간 │ │적점수 │점수 │점수 │점수 │ ┃ ┃위반 │ │ (70점 초과) │ (40점 초과 , 70점 │ (20점 초과, 40점 │ (20점 이하) │ ┃ ┃정도 │ │ │이하 ) │이하) │ │ ┃ ┃ │ │ │ │ │ │ ┃ ┗━━━━━┷━━━┷━━━━━━━━┷━━━━━━━━━━┷━━━━━━━━━┷━━━━━━━━━┷━━━━━━━━┛ 나. 위반점수 산정방법 1) 각 고려사항별 위반점수는 해당 위반등급의 점수에 고려사항별 가중치를 곱하여 산정하며, 이렇게 산정된 각 고려사항별 위반점수를 합한 점수를 사업자의 최종 위반점수로 한다. 2) 고려사항의 위반기준이 2개 이상의 등급에 해당될 경우에는 상위등급을 적용한 다. 3) 총광고비와 직전 3개 사업연도의 연평균 매출액은 법 제4조제5항의 위반과 관련 된 것으로 한정하여 계산한다. 4) “직전 3개 사업연도의 연평균 매출액”은 상품ㆍ포장ㆍ용기 등에 표시하거나 인터넷상에 자기 회사 사이트를 이용하여 광고할 경우에만 적용한다. 이 경우 해 당 사업연도 초일(初日) 현재 사업을 개시한 지 3년이 되지 아니하는 경우에는 사업개시일부터 직전 사업연도 말일(末日)까지의 매출액을 연평균 매출액으로 환 산한 금액을 말하고, 해당 사업연도에 사업을 개시한 경우에는 사업개시일부터 위 반행위일까지의 매출액을 연매출액으로 환산한 금액을 말한다. 5) “중요정보 항목의 누락 정도”는 법 제4조제1항에 따라 공정거래위원회가 정하 여 고시하는 해당 분야 또는 업종별 중요정보 항목의 총수에서 누락한 항목의 비 율로 한다. 다만, 중요정보 항목이 총 1개 또는 2개에 불과하고 그 중 1개를 누락 한 경우에는 “50% 초과 누락”으로 본다. 6) “해당 표시ㆍ광고의 지역적 확산 정도”에서 각 매체별 중요정보 고시 위반행 위 횟수의 산정기준은 다음과 같다. ┏━━━━━━━━━┯━━━━━━━━━━━━━━━━━━━━━━━━━━━━━━━━━━━━━┓ ┃매체별 │표시ㆍ광고 횟수 산정기준 ┃ ┠─────────┼─────────────────────────────────────┨ ┃신문 │ 신문 종류별 발행일 단위로 산정 ┃ ┠─────────┼─────────────────────────────────────┨ ┃잡지 │ 잡지 종류별 발행일 단위로 산정 ┃ ┠─────────┼─────────────────────────────────────┨ ┃방송 │ 방송매체 종류별 방송멘트나 화면 등이 연속적으로 이루어지는 부분 단위로 ┃ ┃ │산정 ┃ ┃ │ (예시: 연속극 시작 전ㆍ후에 광고가 이루어진 경우 ⇒ 2회 광고) ┃ ┠─────────┼─────────────────────────────────────┨ ┃옥외광고ㆍ팸플릿 │ 옥외광고: 옥외광고판 개수 단위로 산정 ┃ ┃ㆍ전단ㆍ스티커 등 │ 팸플릿 등: 종류별 제작일 단위로 산정 ┃ ┠─────────┼─────────────────────────────────────┨ ┃인터넷 │ 제작일 및 갱신일 단위로 산정 ┃ ┃ │ (예시: 홈페이지 등을 3회 갱신하였을 경우 최초 제작 1회를 포함하여 4회로 ┃ ┃ │산정) ┃ ┠─────────┼─────────────────────────────────────┨ ┃상품 포장ㆍ용기 │ 상품종류별ㆍ표시매체 종류별(포장, 용기, 라벨, 사업장 표지판 등) 표시매 ┃ ┃등에 표시 │체 제작일 단위로 산정 ┃ ┗━━━━━━━━━┷━━━━━━━━━━━━━━━━━━━━━━━━━━━━━━━━━━━━━┛ 7) “최근 1년간 위반 정도”는 위반 사례가 있는 경우에만 적용하되, 신고사건의 경우에는 신고접수일을, 직권조사 사건의 경우에는 조사공문 발송일을 기준으로 기산(起算)한다. 3. 과태료의 부과기준 (단위: 만원) ┏━━━━━━━━━━━┯━━━━━━┓ ┃위반점수 │과태료 금액 ┃ ┠───────────┼──────┨ ┃10점 이하 │50 ┃ ┃ │ ┃ ┃10점 초과, 15점 이하 │100 ┃ ┃ │ ┃ ┃15점 초과, 20점 이하 │150 ┃ ┃ │ ┃ ┃20점 초과, 25점 이하 │200 ┃ ┃ │ ┃ ┃25점 초과, 30점 이하 │300 ┃ ┃ │ ┃ ┃30점 초과, 35점 이하 │400 ┃ ┃ │ ┃ ┃35점 초과, 40점 이하 │500 ┃ ┃ │ ┃ ┃40점 초과, 45점 이하 │650 ┃ ┃ │ ┃ ┃45점 초과, 50점 이하 │800 ┃ ┃ │ ┃ ┃50점 초과, 55점 이하 │1,000 ┃ ┃ │ ┃ ┃55점 초과, 60점 이하 │1,500 ┃ ┃ │ ┃ ┃60점 초과, 65점 이하 │2,000 ┃ ┃ │ ┃ ┃65점 초과, 70점 이하 │2,500 ┃ ┃ │ ┃ ┃70점 초과, 75점 이하 │3,500 ┃ ┃ │ ┃ ┃75점 초과, 80점 이하 │4,500 ┃ ┃ │ ┃ ┃80점 초과, 85점 이하 │5,500 ┃ ┃ │ ┃ ┃85점 초과, 90점 이하 │7,000 ┃ ┃ │ ┃ ┃90점 초과, 95점 이하 │8,500 ┃ ┃ │ ┃ ┃95점 초과 │10,000 ┃ ┗━━━━━━━━━━━┷━━━━━━┛",2026-09-26 06:25
방문판매 등에 관한 법률 시행령,방문판매법 시행령,대통령령,제63조(과태료의 부과기준),과태료,20260701,제63조(과태료의 부과기준) 법 제66조제1항부터 제4항까지의 규정에 따른 과태료의 부과기준은 별표 4와 같다. <개정 2018.12.4>,,,,,과태료의 부과기준(제63조 관련),"[과태료의 부과기준(제63조 관련)]
■ 방문판매 등에 관한 법률 시행령 [별표 4] <개정 2021. 12. 28.> 과태료의 부과기준(제63조 관련) 1. 일반기준 가. 위반행위의 횟수에 따른 과태료의 가중된 부과기준은 최근 3년간 같은 위 반행위로 과태료 부과처분을 받은 경우에 적용한다. 이 경우 기간의 계산은 위반행위에 대하여 과태료 부과처분을 받은 날과 그 처분 후 다시 같은 위 반행위를 하여 적발된 날을 기준으로 한다. 나. 가목에 따라 가중된 부과처분을 하는 경우 가중처분의 적용 차수는 그 위 반행위 전 부과처분 차수(가목에 따른 기간 내에 과태료 부과 처분이 둘 이상 있었던 경우에는 높은 차수를 말한다)의 다음 차수로 한다. 다. 부과권자는 위반행위의 정도, 위반행위의 동기와 그 결과 등 다음의 사항 을 고려하여 제2호에 따른 과태료 금액의 2분의 1의 범위에서 그 금액을 감경할 수 있다. 다만, 과태료를 체납하고 있는 위반행위자에 대해서는 그 러하지 아니하다. 1) 위반행위자가 「질서위반행위규제법 시행령」 제2조의2제1항 각 호의 어 느 하나에 해당하는 경우 2) 위반행위가 사소한 부주의나 오류로 인한 것으로 인정되는 경우 3) 위반행위자가 법 위반상태를 시정하거나 해소한 경우 2. 개별기준 (단위: 만원) ┌─────────────────────┬──────┬───────────┐ │위반행위 │근거 법조문 │과태료 금액 │ │ │ ├───┬───┬───┤ │ │ │1차 │2차 │3차 │ │ │ │위반 │위반 │이상 │ │ │ │ │ │위반 │ ├─────────────────────┼──────┼───┼───┼───┤ │가. 법 제5조제2항 및 제3항에 따른 신고를 │법 제66조 │100 │200 │500 │ │하지 않거나 거짓으로 신고한 경우 │제3항제1호 │ │ │ │ ├─────────────────────┼──────┼───┼───┼───┤ │ │ │ │ │ │ │ │ │ │ │ │ │나. 법 제6조제1항을 위반하여 방문판매원 │법 제66조 │100 │200 │500 │ │등의 명부를 작성하지 않거나 같은 조 제 │제3항제2호 │ │ │ │ │2항을 위반하여 방문판매원의 신원을 확 │ │ │ │ │ │인할 수 있도록 하지 않은 경우 또는 같 │ │ │ │ │ │은 조 제3항을 위반하여 성명 등을 밝히 │ │ │ │ │ │지 않은 경우(법 제29조제3항에 따라 준 │ │ │ │ │ │용되는 경우를 포함한다) │ │ │ │ │ │ │ │ │ │ │ │ │ │ │ │ │ ├─────────────────────┼──────┼───┼───┼───┤ │ │ │ │ │ │ │ │ │ │ │ │ │다. 법 제7조제2항, 제16조 또는 제30조제 │법 제66조 │100 │200 │500 │ │2항에 따른 계약서를 발급하지 않은 경 │제3항제3호 │ │ │ │ │우(법 제29조제3항에 따라 준용되는 경 │ │ │ │ │ │우를 포함한다) │ │ │ │ │ ├─────────────────────┼──────┼───┼───┼───┤ │라. 법 제7조의2제1항을 위반하여 소비자의 │법 제66조 │100 │200 │500 │ │동의를 받아 통화내용 중 계약에 관한 사 │제3항제3호 │ │ │ │ │항을 계약일부터 3개월 이상 보존하지 │의2 │ │ │ │ │않거나 같은 조 제2항을 위반하여 소비 │ │ │ │ │ │자의 통화내용 열람 요청을 따르지 않은 │ │ │ │ │ │경우 │ │ │ │ │ ├─────────────────────┼──────┼───┼───┼───┤ │마. 법 제9조를 위반하여 재화등의 대금을 │법 제66조 │200 │500 │1,000 │ │환급하지 않거나 환급에 필요한 조치를 │제2항제1호 │ │ │ │ │하지 않은 경우 │ │ │ │ │ ├─────────────────────┼──────┼───┼───┼───┤ │바. 법 제11조제1항제6호, 제23조제1항제4 │법 제66조 │200 │500 │1,000 │ │호 또는 제34조제1항제6호에 따른 금지 │제2항제2호 │ │ │ │ │행위를 한 경우(법 제29조제3항에 따라 │ │ │ │ │ │준용되는 경우를 포함한다) │ │ │ │ │ ├─────────────────────┼──────┼───┼───┼───┤ │사. 법 제11조제1항제8호, 제23조제1항제6 │법 제66조 │200 │500 │1,000 │ │호 또는 제34조제1항제8호에 따른 금지 │제2항제3호 │ │ │ │ │행위를 한 경우(법 제29조제3항에 따라 │ │ │ │ │ │준용되는 경우를 포함한다) │ │ │ │ │ ├─────────────────────┼──────┼───┼───┼───┤ │아. 법 제13조제2항 또는 제3항을 위반하여 │법 제66조 │200 │500 │1,000 │ │신고를 하지 않은 경우(법 제29조제3항 │제2항제4호 │ │ │ │ │에 따라 준용되는 경우를 포함한다) │ │ │ │ │ ├─────────────────────┼──────┼───┼───┼───┤ │자. 법 제15조제3항에 따른 다단계판매원 │법 제66조 │200 │500 │1,000 │ │등록증 또는 같은 조 제5항에 따른 다단 │제2항제5호 │ │ │ │ │계판매원 수첩을 발급하지 않은 경우 │ │ │ │ │ ├─────────────────────┼──────┼───┼───┼───┤ │차. 법 제15조제4항을 위반하여 다단계판매 │법 제66조 │200 │500 │1,000 │ │원 등록부를 작성하지 않은 경우 또는 다 │제2항제6호 │ │ │ │ │단계판매원의 신원을 확인할 수 있도록 │ │ │ │ │ │하지 않은 경우 │ │ │ │ │ ├─────────────────────┼──────┼───┼───┼───┤ │카. 법 제20조제2항을 위반하여 후원수당의 │법 제66조 │100 │200 │500 │ │산정 및 지급 기준을 변경한 경우(법 제 │제3항제4호 │ │ │ │ │29조제3항에 따라 준용되는 경우를 포함 │ │ │ │ │ │한다) │ │ │ │ │ ├─────────────────────┼──────┼───┼───┼───┤ │ │ │ │ │ │ │ │ │ │ │ │ │타. 법 제20조제4항을 위반하여 후원수당의 │법 제66조 │100 │200 │500 │ │산정ㆍ지급 명세 등의 열람을 허용하지 │제3항제5호 │ │ │ │ │않은 경우(법 제29조제3항에 따라 준용 │ │ │ │ │ │되는 경우를 포함한다) │ │ │ │ │ │ │ │ │ │ │ │ │ │ │ │ │ ├─────────────────────┼──────┼───┼───┼───┤ │파. 법 제23조제1항제10호에 따른 금지행 │법 제66조 │200 │500 │1,000 │ │위를 한 경우(법 제29조제3항에 따라 준 │제2항제7호 │ │ │ │ │용되는 경우를 포함한다) │ │ │ │ │ ├─────────────────────┼──────┼───┼───┼───┤ │하. 법 제30조제3항을 위반하여 소비자에게 │법 제66조 │100 │200 │500 │ │계약 종료일을 통지하지 않은 경우 │제3항제6호 │ │ │ │ ├─────────────────────┼──────┼───┼───┼───┤ │거. 법 제32조를 위반하여 위약금을 과다하 │법 제66조 │200 │500 │1,000 │ │게 청구하거나 대금 환급을 거부한 경우 │제2항제8호 │ │ │ │ ├─────────────────────┼──────┼───┼───┼───┤ │너. 법 제33조에 따른 재화등의 거래기록 │법 제66조 │100 │200 │500 │ │등을 소비자가 열람할 수 있도록 하지 않 │제3항제7호 │ │ │ │ │은 경우 │ │ │ │ │ ├─────────────────────┼──────┼───┼───┼───┤ │더. 법 제42조제2항을 위반하여 소비자에게 │법 제66조 │200 │500 │1,000 │ │전화권유판매를 한 경우 │제2항제9호 │ │ │ │ ├─────────────────────┼──────┼───┼───┼───┤ │러. 법 제57조제1항에 따라 준용되는 「독 │법 제66조 │50 │70 │100 │ │점규제 및 공정거래에 관한 법률」 제66 │제4항 │ │ │ │ │조를 위반하여 질서유지의 명령을 따르지 │ │ │ │ │ │않은 경우 │ │ │ │ │ ├─────────────┬───────┼──────┼───┼───┼───┤ │머. 법 제57조제2항에 따라 │1) 사업자 또 │법 제66조 │600 │1,500 │3,000 │ │준용되는 「독점규제 및 │는 사업자단 │제1항제1호 │ │ │ │ │공정거래에 관한 법률」 │체 │ │ │ │ │ │제81조제1항제1호에 따 ├───────┼──────┼───┼───┼───┤ │른 출석처분을 받은 당사 │2) 사업자 또 │법 제66조 │100 │200 │500 │ │자 중 정당한 사유 없이 │는 사업자단 │제1항제1호 │ │ │ │ │출석하지 않은 경우 │체의 임원 또 │ │ │ │ │ │ │는 종업원, │ │ │ │ │ │ │그 밖의 이해 │ │ │ │ │ │ │관계인 │ │ │ │ │ ├─────────────┼───────┼──────┼───┼───┼───┤ │ │ │ │ │ │ │ │ │ │ │ │ │ │ │버. 법 제57조제2항에 따라 │1) 사업자 또 │법 제66조 │600 │1,500 │3,000 │ │준용되는 「독점규제 및 │는 사업자단 │제1항제2호 │ │ │ │ │공정거래에 관한 법률」 │체 │ │ │ │ │ │제81조제1항제3호 또는 ├───────┼──────┼───┼───┼───┤ │같은 조 제6항에 따른 │ │ │ │ │ │ │보고 또는 필요한 자료나 │ │ │ │ │ │ │물건을 제출하지 않거나 │2) 사업자 또 │법 제66조 │100 │200 │500 │ │거짓으로 보고하거나 거 │는 사업자단 │제1항제2호 │ │ │ │ │짓 자료나 물건을 제출한 │체의 임원 또 │ │ │ │ │ │경우 │는 종업원, │ │ │ │ │ │ │그 밖의 이해 │ │ │ │ │ │ │관계인 │ │ │ │ │ │ │ │ │ │ │ │ │ │ │ │ │ │ │ ├─────────────┼───────┼──────┼───┼───┼───┤ │서. 법 제57조제2항에 따라 │1) 사업자 또 │법 제66조 │1,000 │2,500 │5,000 │ │준용되는 「독점규제 및 │는 사업자단 │제1항제3호 │ │ │ │ │공정거래에 관한 법률」 │체 │ │ │ │ │ │제81조제2항에 따른 조 ├───────┼──────┼───┼───┼───┤ │사를 거부ㆍ방해 또는 기 │2) 사업자 또 │법 제66조 │200 │500 │1,000 │ │피한 경우 │는 사업자단 │제1항제3호 │ │ │ │ │ │체의 임원 또 │ │ │ │ │ │ │는 종업원, │ │ │ │ │ │ │그 밖의 이해 │ │ │ │ │ │ │관계인 │ │ │ │ │ └─────────────┴───────┴──────┴───┴───┴───┘",2026-09-26 06:25
표시ㆍ광고의 공정화에 관한 법률 시행령,표시광고법 시행령,대통령령,제16조(과징금의 부과 및 납부),과징금,20260701,제16조(과징금의 부과 및 납부) ① 공정거래위원회는 법 제9조에 따라 과징금을 부과할 때에는 위반행위의 종류와 과징금의 금액을 적은 서면으로 알려야 한다. ② 제1항에 따라 통지를 받은 자는 통지를 받은 날부터 60일 이내에 과징금을 공정거래위원회가 정하는 수납기관에 내야 한다. <개정 2023.12.12>,,,,,,,2026-09-26 06:25
방문판매 등에 관한 법률 시행령,방문판매법 시행령,대통령령,제61조(과징금의 부과기준),과징금,20260701,제61조(과징금의 부과기준) ① 법 제51조제5항에 따른 과징금의 부과기준은 별표 3과 같다. ② 이 영에서 규정한 사항 외에 과징금의 부과에 필요한 세부기준은 공정거래위원회가 정하여 고시한다.,,,,,과징금의 부과기준(제61조제1항 관련),"[과징금의 부과기준(제61조제1항 관련)]
■ 방문판매 등에 관한 법률 시행령 [별표 3] <개정 2026. 6. 16.> 과징금의 부과기준(제61조제1항 관련) 1. 과징금의 부과 여부 결정 과징금은 법 제49조제4항에 따라 영업의 전부 또는 일부의 정지를 명할 수 있는 경우에 부과할 수 있으며, 다음 각 목의 어느 하나에 해당하는 경우에는 원칙적으 로 영업정지를 갈음하여 과징금을 부과한다. 가. 영업정지가 소비자에게 심한 불편을 주거나 공익을 해칠 우려가 있는 경우 나. 휴업ㆍ폐업 등 해당 사업자의 영업이 사실상 정지되어 영업의 정지를 명할 실익이 없는 경우 다. 영업정지를 통한 제재효과에 비해 위반행위로 취득한 이익의 회수 등 금전적 제재가 더 효과적이라고 판단되는 경우 2. 과징금의 산정기준 과징금은 법 제51조제2항 각 호의 사항과 이에 영향을 미치는 사항을 고려하여 산정하되, 위반행위 유형에 따른 기본 산정기준에 위반행위의 기간 및 소비자피해 정도에 따른 조정, 사업자의 보상노력 정도 등에 따른 조정을 거쳐 부과과징금을 산정한다. 가. 기본 산정기준 1) 위반행위를 한 사업자의 1일당 평균 관련 매출액의 100분의 30에 해당하는 금액에 제56조 및 별표 2의 영업정지 기준에서 정한 영업정지일수(1개월은 30 일로 한다)를 곱한 금액으로 한다. 2) 영업중단 등으로 인하여 매출실적이 없거나, 재해 등으로 인하여 매출액 산정자료 가 소멸 또는 훼손되어 객관적인 매출액 산정이 어려운 경우 등 관련 매출액 산정 이 곤란한 경우에는 위 영업정지기간에 1일당 50만원을 곱하여 산정하되, 그 최대 금액은 5천만원으로 한다. 3) 1일당 평균 관련 매출액은 위반행위를 한 사업자의 위반기간(위반행위의 개 시일부터 종료일까지의 기간) 동안의 관련 매출액을 위반기간 일수로 나눈 금 액을 말한다. 나. 소비자피해 정도 등에 따른 조정(이하 ""1차 조정""이라 한다) 법 제51조제2항제1호에 따른 소비자피해 정도 및 같은 항 제4호에 따른 위반행위의 내용ㆍ기간 및 횟수에 따라 각각 기본 산정기준의 100분의 100의 범위에서 공정거래위원회가 정하여 고시하는 기준에 따라 조정한다. 다. 위반사업자의 보상노력 정도 등에 따른 조정(이하 ""2차 조정""이라 한다) 법 제51조제2항제2호에 따른 사업자의 보상노력 정도, 위반사업자의 고의ㆍ 과실, 위반행위의 성격과 사정 등의 사유를 고려하여 1차 조정된 산정기준의 100분의 50의 범위에서 공정거래위원회가 정하여 고시하는 기준에 따라 조정 한다. 라. 부과과징금 1) 위반사업자의 현실적 부담능력이나 그 위반행위가 시장에 미치는 효과, 그 밖에 시장 또는 경제 여건, 법 제51조제2항제3호에 따른 위반행위로 인해 취득한 이익의 규모 등을 충분히 반영하지 못하여 과중하다고 인정되 는 경우에는 2차 조정된 산정기준의 100분의 50의 범위에서 감액하여 부 과과징금으로 정할 수 있다. 다만, 위반사업자의 과징금 납부능력의 현저한 부족, 위반사업자가 속한 시장ㆍ산업 여건의 현저한 변동 또는 지속적 악 화, 경제위기, 그 밖에 이에 준하는 사유로 불가피하게 100분의 50을 초과 하여 감액하는 것이 타당하다고 인정되는 경우에는 100분의 50을 초과하 여 감액할 수 있다. 2차 조정된 산정기준을 감액하는 경우에는 공정거래위 원회의 의결서에 그 이유를 명시하여야 한다. 2) 위반사업자의 채무상태가 지급불능 또는 지급정지 상태에 있거나 부채의 총액이 자산의 총액을 초과하는 등의 사유로 위반사업자가 객관적으로 과징 금을 낼 능력이 없다고 인정되는 경우에는 과징금을 면제할 수 있다. 3. 세부 기준의 제정 1차 조정 및 2차 조정, 그 밖에 과징금의 부과에 필요한 세부적인 기준과 방법 등 에 관한 사항은 공정거래위원회가 정하여 고시한다.",2026-09-26 06:25
표시ㆍ광고의 공정화에 관한 법률 시행령,표시광고법 시행령,대통령령,제12조(과징금의 산정방법),과징금,20260701,"제12조(과징금의 산정방법) ① 법 제9조제1항 본문에서 ""대통령령으로 정하는 매출액""이란 법 제3조제1항을 위반하여 표시ㆍ광고 행위를 한 사업자등(이하 ""위반사업자등""이라 한다)이 위반기간 동안 판매하거나 매입한 관련 상품등의 매출액이나 매입액 또는 이에 준하는 금액(이하 ""관련매출액""이라 한다)을 말한다. ② 제1항에 따른 위반사업자등의 관련매출액 산정 기준 및 방법 등에 필요한 사항은 공정거래위원회가 정하여 고시한다.",,,,,,,2026-09-26 06:25
표시ㆍ광고의 공정화에 관한 법률 시행령,표시광고법 시행령,대통령령,제15조(과징금 부과기준),과징금,20260701,제15조(과징금 부과기준) ① 법 제9조제1항 및 제2항에 따른 과징금의 부과기준은 별표 1과 같다. ② 이 영에서 규정한 사항 외에 과징금 부과에 필요한 세부 기준은 공정거래위원회가 정하여 고시한다.,,,,,과징금의 부과기준(제15조제1항 관련),"[과징금의 부과기준(제15조제1항 관련)]
■ 표시ㆍ광고의 공정화에 관한 법률 시행령 [별표 1] <개정 2026. 6. 16.> 과징금의 부과기준(제15조제1항 관련) 1. 과징금 부과 여부의 결정 과징금은 위반행위의 내용 및 정도를 우선적으로 고려하고, 시장상황과 다른 법률상 부당한 표시ㆍ광고에 따른 제재 여부 및 정도 등을 종합적으로 고려하 여 부과 여부를 결정하되, 다음 각 목의 어느 하나에 해당하는 경우에는 원칙 적으로 과징금을 부과한다. 가. 자유롭고 공정한 경쟁질서를 크게 해치는 경우 나. 소비자 등에게 미치는 영향이 큰 경우 다. 위반행위로 인하여 부당이득이 발생한 경우 라. 그 밖에 가목부터 다목까지의 경우에 준하는 경우로서 공정거래위원회가 정하 여 고시하는 경우 2. 과징금의 산정기준 과징금은 법 제9조제3항 각 호에서 정한 고려 사유와 이에 영향을 미치는 사 항을 고려하여 산정하되, 기본 산정기준에 위반행위의 기간 및 횟수에 따른 조 정, 위반사업자의 고의ㆍ과실 등에 따른 조정을 거쳐 부과과징금을 산정한다. 가. 기본 산정기준(이하 “산정기준”이라 한다) 법 제9조제3항제1호의 위반행위의 내용 및 정도에 따라 위반행위를 “중대 성이 약한 위반행위”, “중대한 위반행위”, “매우 중대한 위반행위”로 구 분하고, 위반행위의 중대성의 정도별로 다음의 기준에 따라 산정한다. ┏━━━━━━━┯━━━━━━━┯━━━━━━━━━━━━━━━━━━━━━━━━━━━━━┓ ┃위반행위 │근거 법조문 │산정기준 ┃ ┠───────┼───────┼─────────────────────────────┨ ┃1) 사업자등의 │법 제3조제1항 │위반사업자등의 관련매출액에 100분의 2를 곱한 금액을 넘지 ┃ ┃부당한 표시 │ │않는 범위에서, 관련매출액에 중대성의 정도별로 정하는 부 ┃ ┃ㆍ광고 행위 │ │과기준율을 곱한 금액. 다만, 관련매출액을 산정하기 곤란하 ┃ ┃ │ │거나 제14조 각 호의 어느 하나에 해당하는 경우에는 5억 ┃ ┃ │ │원 이내에서 중대성의 정도별로 정하는 금액으로 한다. ┃ ┠───────┼───────┼─────────────────────────────┨ ┃2) 사업자단 │법 제6조제1항 │5억원 이내에서, 위반행위의 종료일이 속한 연도의 연간 ┃ ┃체의 표시ㆍ │ │예산액에 중대성의 정도별로 정하는 부과기준율을 곱한 ┃ ┃광고 제한행 │ │금액. 다만, 연간 예산액을 산정하기 곤란한 경우에는 5억 ┃ ┃위 │ │원 이내에서 중대성의 정도별로 정하는 금액으로 한다. ┃ ┗━━━━━━━┷━━━━━━━┷━━━━━━━━━━━━━━━━━━━━━━━━━━━━━┛ 비고: 관련매출액을 산정할 경우 관련 상품등의 범위는 위반행위로 인하여 직 접 또는 간접적으로 영향을 받는 상품등의 종류와 성질, 거래 지역, 거래 상대방, 거래 단계 등을 고려하여 정하고, 위반기간은 위반행위가 발생한 날부터 끝난 날까지의 기간으로 하며, 매출액은 사업자등의 회계자료를 참고하여 정하는 것을 원칙으로 하되, 각각의 범위는 행위 유형별로 개별 적ㆍ구체적으로 판단한다. 나. 위반행위의 기간 및 횟수에 따른 조정(이하 “1차 조정”이라 한다) 법 제9조제3항제2호의 위반행위의 기간 및 횟수를 고려하여 산정기준의 100분의 100 범위에서 공정거래위원회가 정하여 고시하는 기준에 따라 조 정한다. 다. 위반사업자의 고의ㆍ과실 등에 따른 조정(이하 “2차 조정”이라 한다) 법 제9조제3항제4호의 사업자등이 소비자의 피해를 예방하거나 보상하기 위하여 기울인 노력의 정도, 같은 항 각 호의 사항에 영향을 미치는 위반사 업자등의 고의ㆍ과실, 위반행위의 성격과 사정, 다른 법률상 부당한 표시ㆍ광 고에 따른 제재 여부 및 정도 등의 사유를 고려하여 1차 조정된 산정기준의 100분의 50 범위에서 공정거래위원회가 정하여 고시하는 기준에 따라 조정 한다. 라. 부과과징금 1) 위반사업자등의 현실적 부담능력이나 그 위반행위가 시장에 미치는 효과, 시장 또는 경제 여건, 그 밖에 법 제9조제3항제3호에 따른 위반행위로 인 하여 취득한 이익의 규모 등을 고려하여 과중하다고 인정되는 경우에는 2 차 조정된 산정기준을 100분의 50 범위에서 줄여 부과과징금으로 할 수 있다. 다만, 위반사업자등의 과징금 납부능력의 현저한 부족, 위반사업자등 이 속한 시장 또는 산업 여건의 현저한 변동 또는 지속적 악화, 경제위기, 그 밖에 이에 준하는 사유로 불가피하게 100분의 50을 넘게 줄이는 것이 타당하다고 판단되는 경우에는 100분의 50을 넘는 금액을 줄일 수 있다. 2차 조정된 산정기준을 줄이는 경우에는 공정거래위원회의 의결서에 그 이 유를 분명하게 밝혀야 한다. 2) 위반사업자등의 채무상태가 지급불능 또는 지급정지 상태에 있거나 부채 의 총액이 자산의 총액을 초과하는 등의 사유로 위반사업자등이 객관적으 로 과징금을 낼 수 없다고 인정되는 경우에는 과징금을 부과하지 않을 수 있다. 3. 세부 기준의 제정 산정기준의 부과기준율, 관련매출액 산정에 관한 세부 기준, 1차 조정 및 2차 조정, 그 밖에 과징금의 부과에 필요한 세부적인 기준과 방법 등에 관한 사항 은 공정거래위원회가 정하여 고시한다.",2026-09-26 06:25
방문판매 등에 관한 법률 시행령,방문판매법 시행령,대통령령,제59조(과징금의 부과 및 납부),과징금,20260701,제59조(과징금의 부과 및 납부) ① 공정거래위원회는 법 제51조에 따라 과징금을 부과할 때에는 그 위반행위의 종별과 해당 과징금의 금액 등을 명시하여 이를 납부할 것을 서면으로 통지하여야 한다. ② 제1항에 따라 통지를 받은 자는 통지를 받은 날부터 60일 이내에 과징금을 공정거래위원회가 정하는 수납기관에 내야 한다. <개정 2023.12.12>,,,,,,,2026-09-26 06:25
독점규제 및 공정거래에 관한 법률,공정거래법,법률,제102조(과징금 부과),과징금,20260512,"제102조(과징금 부과) ① 공정거래위원회는 제8조, 제38조, 제43조, 제50조 및 제53조에 따라 과징금을 부과하는 경우 다음 각 호의 사항을 고려하여야 한다. 1. 위반행위의 내용 및 정도 2. 위반행위의 기간 및 횟수 3. 위반행위로 취득한 이익의 규모 등 ② 공정거래위원회는 이 법을 위반한 회사인 사업자가 합병으로 소멸한 경우에는 해당 회사가 한 위반행위를 합병 후 존속하거나 합병에 따라 설립된 회사가 한 행위로 보아 과징금을 부과ㆍ징수할 수 있다. ③ 공정거래위원회는 이 법을 위반한 회사인 사업자가 분할되거나 분할합병된 경우에는 분할되는 사업자의 분할일 또는 분할합병일 이전의 위반행위를 다음 각 호의 어느 하나에 해당하는 회사의 행위로 보고 과징금을 부과ㆍ징수할 수 있다. 1. 분할되는 회사 2. 분할 또는 분할합병으로 설립되는 새로운 회사 3. 분할되는 회사의 일부가 다른 회사에 합병된 후 그 다른 회사가 존속하는 경우 그 다른 회사 ④ 공정거래위원회는 이 법을 위반한 회사인 사업자가 「채무자 회생 및 파산에 관한 법률」 제215조에 따라 새로운 회사를 설립하는 경우에는 기존 회사 또는 새로운 회사 중 어느 하나의 행위로 보고 과징금을 부과ㆍ징수할 수 있다. ⑤ 제1항에 따른 과징금의 부과기준은 대통령령으로 정한다.",,,,,,,2026-09-26 06:25
독점규제 및 공정거래에 관한 법률,공정거래법,법률,제8조(과징금),과징금,20260512,"제8조(과징금) 공정거래위원회는 시장지배적사업자가 남용행위를 한 경우에는 그 사업자에게 대통령령으로 정하는 매출액(대통령령으로 정하는 사업자의 경우에는 영업수익을 말한다. 이하 같다)에 100분의 6을 곱한 금액을 초과하지 아니하는 범위에서 과징금을 부과할 수 있다. 다만, 매출액이 없거나 매출액의 산정이 곤란한 경우로서 대통령령으로 정하는 경우(이하 ""매출액이 없는 경우등""이라 한다)에는 20억원을 초과하지 아니하는 범위에서 과징금을 부과할 수 있다.",,,,,,,2026-09-26 06:25
독점규제 및 공정거래에 관한 법률,공정거래법,법률,제38조(과징금),과징금,20260512,"제38조(과징금) ① 공정거래위원회는 제21조 또는 제22조를 위반하여 주식을 취득 또는 소유한 회사에 위반행위로 취득 또는 소유한 주식의 취득가액에 100분의 20을 곱한 금액을 초과하지 아니하는 범위에서 과징금을 부과할 수 있다. ② 공정거래위원회는 제24조를 위반하여 채무보증을 한 회사에 해당 법위반 채무보증액에 100분의 20을 곱한 금액을 초과하지 아니하는 범위에서 과징금을 부과할 수 있다. ③ 공정거래위원회는 제18조제2항부터 제5항까지, 제20조제2항 또는 제3항의 규정을 위반한 자에게 다음 각 호의 구분에 따른 금액에 100분의 20을 곱한 금액을 초과하지 아니하는 범위에서 과징금을 부과할 수 있다. <개정 2025.1.21> 1. 제18조제2항제1호를 위반한 경우: 대통령령으로 정하는 재무상태표(이하 이 항에서 ""기준재무상태표""라 한다)상 자본총액의 2배를 초과한 부채액 2. 제18조제2항제2호를 위반한 경우: 해당 자회사 주식의 기준재무상태표상 장부가액의 합계액에 다음 각 목의 비율에서 그 자회사 주식의 소유비율을 뺀 비율을 곱한 금액을 그 자회사 주식의 소유비율로 나누어 산출한 금액 가. 해당 자회사가 상장법인 또는 국외상장법인이거나 공동출자법인인 경우에는 100분의 30 나. 벤처지주회사의 자회사인 경우에는 100분의 20 다. 가목 및 나목에 해당하지 아니하는 경우에는 100분의 50 3. 제18조제2항제3호부터 제5호까지, 같은 조 제3항제2호ㆍ제3호, 같은 조 제4항제1호부터 제4호까지 또는 같은 조 제5항을 위반한 경우: 위반하여 소유하는 주식의 기준재무상태표상 장부가액의 합계액 4. 제18조제3항제1호를 위반한 경우: 해당 손자회사 주식의 기준재무상태표상 장부가액의 합계액에 다음 각 목의 비율에서 그 손자회사 주식의 소유비율을 뺀 비율을 곱한 금액을 그 손자회사 주식의 소유비율로 나누어 산출한 금액 가. 해당 손자회사가 상장법인 또는 국외상장법인이거나 공동출자법인인 경우에는 100분의 30 나. 해당 손자회사가 벤처지주회사의 자회사인 경우에는 100분의 20 다. 가목 및 나목에 해당하지 아니하는 손자회사의 경우에는 100분의 50 5. 제18조제4항제5호를 위반한 경우: 해당 손자회사인 벤처지주회사가 발행주식총수의 100분의 50 미만을 소유하고 있는 국내 계열회사 주식의 기준재무상태표상 장부가액의 합계액에 100분의 50의 비율에서 그 국내 계열회사 주식의 소유비율을 뺀 비율을 곱한 금액을 그 국내 계열회사 주식의 소유비율로 나누어 산출한 금액 6. 제20조제2항을 위반한 경우: 해당 자회사 주식의 기준재무상태표상 장부가액의 합계액을 그 자회사 주식의 소유비율로 나눈 금액에 해당 자회사 발행주식 중 자신이 보유하지 않은 주식의 비율을 곱하여 산출한 금액 7. 제20조제3항제1호를 위반한 경우: 기준재무상태표상 자본총액의 2배를 초과한 부채액 8. 제20조제3항제4호를 위반한 경우: 위반에 해당하는 만큼의 출자금액 9. 제20조제3항제5호를 위반한 경우: 위반하여 소유하는 주식, 채권 등의 기준재무상태표상 장부가액의 합계액 10. 제20조제3항제6호를 위반한 경우: 위반하여 소유하도록 한 주식, 채권 등의 기준재무상태표상 장부가액의 합계액",,,,,,,2026-09-26 06:25
독점규제 및 공정거래에 관한 법률,공정거래법,법률,제43조(과징금),과징금,20260512,"제43조(과징금) 공정거래위원회는 부당한 공동행위가 있을 때에는 그 사업자에게 대통령령으로 정하는 매출액에 100분의 20을 곱한 금액을 초과하지 아니하는 범위에서 과징금을 부과할 수 있다. 다만, 매출액이 없는 경우등에는 40억원을 초과하지 아니하는 범위에서 과징금을 부과할 수 있다.",,,,,,,2026-09-26 06:25
독점규제 및 공정거래에 관한 법률,공정거래법,법률,제53조(과징금),과징금,20260512,"제53조(과징금) ① 공정거래위원회는 제51조제1항을 위반하는 행위가 있을 때에는 해당 사업자단체에 10억원의 범위에서 과징금을 부과할 수 있다. ② 공정거래위원회는 제51조제1항제1호를 위반하는 행위에 참가한 사업자에게 대통령령으로 정하는 매출액에 100분의 20을 곱한 금액을 초과하지 아니하는 범위에서 과징금을 부과할 수 있다. 다만, 매출액이 없는 경우등에는 40억원을 초과하지 아니하는 범위에서 과징금을 부과할 수 있다. ③ 공정거래위원회는 제51조제1항제2호부터 제4호까지의 규정을 위반하는 행위에 참가한 사업자에게 대통령령으로 정하는 매출액에 100분의 10을 곱한 금액을 초과하지 아니하는 범위에서 과징금을 부과할 수 있다. 다만, 매출액이 없는 경우등에는 20억원을 초과하지 아니하는 범위에서 과징금을 부과할 수 있다.",,,,,,,2026-09-26 06:25
독점규제 및 공정거래에 관한 법률,공정거래법,법률,제50조(과징금),과징금,20260512,"제50조(과징금) ① 공정거래위원회는 제45조제1항(제9호는 제외한다), 제46조 또는 제48조를 위반하는 행위가 있을 때에는 해당 사업자에게 대통령령으로 정하는 매출액에 100분의 4를 곱한 금액을 초과하지 아니하는 범위에서 과징금을 부과할 수 있다. 다만, 매출액이 없는 경우등에는 10억원을 초과하지 아니하는 범위에서 과징금을 부과할 수 있다. ② 공정거래위원회는 제45조제1항제9호 또는 같은 조 제2항, 제47조제1항 또는 제3항을 위반하는 행위가 있을 때에는 해당 특수관계인 또는 회사에 대통령령으로 정하는 매출액에 100분의 10을 곱한 금액을 초과하지 아니하는 범위에서 과징금을 부과할 수 있다. 다만, 매출액이 없는 경우등에는 40억원을 초과하지 아니하는 범위에서 과징금을 부과할 수 있다.",,,,,,,2026-09-26 06:25
독점규제 및 공정거래에 관한 법률,공정거래법,법률,제124조(벌칙),벌칙(형사처벌),20260512,"제124조(벌칙) ① 다음 각 호의 어느 하나에 해당하는 자는 3년 이하의 징역 또는 2억원 이하의 벌금에 처한다. 1. 제5조를 위반하여 남용행위를 한 자 2. 제13조 또는 제36조를 위반하여 탈법행위를 한 자 3. 제15조, 제23조, 제25조 또는 제39조를 위반하여 의결권을 행사한 자 4. 제18조제2항부터 제5항까지의 규정을 위반한 자 5. 제19조를 위반하여 지주회사를 설립하거나 지주회사로 전환한 자 6. 제20조제2항 또는 제3항을 위반한 자 7. 제21조 또는 제22조를 위반하여 주식을 취득하거나 소유하고 있는 자 8. 제24조를 위반하여 채무보증을 하고 있는 자 9. 제40조제1항을 위반하여 부당한 공동행위를 한 자 또는 이를 하도록 한 자 10. 제45조제1항제9호, 제47조제1항 또는 제4항을 위반한 자 11. 제48조를 위반한 자 12. 제51조제1항제1호를 위반하여 사업자단체의 금지행위를 한 자 13. 제81조제2항에 따른 조사 시 폭언ㆍ폭행, 고의적인 현장진입 저지ㆍ지연 등을 통하여 조사를 거부ㆍ방해 또는 기피한 자 ② 제1항의 징역형과 벌금형은 병과(倂科)할 수 있다.",3년 이하의 징역,2억원 이하의 벌금,,,,,2026-09-26 06:25
독점규제 및 공정거래에 관한 법률,공정거래법,법률,제130조(과태료),과태료,20260512,"제130조(과태료) ① 사업자, 사업자단체, 공시대상기업집단에 속하는 회사를 지배하는 동일인 또는 그 동일인의 특수관계인인 공익법인이 다음 각 호의 어느 하나에 해당하는 경우에는 1억원 이하, 회사ㆍ사업자단체ㆍ공익법인의 임원 또는 종업원, 그 밖의 이해관계인이 다음 각 호의 어느 하나에 해당하는 경우에는 1천만원 이하의 과태료를 부과한다. 1. 제11조제1항, 제2항 또는 제6항에 따른 기업결합의 신고를 하지 아니하거나 거짓의 신고를 한 자 또는 같은 조 제8항을 위반한 자 2. 제20조제3항제2호ㆍ제3호를 위반하여 금융업 또는 보험업을 영위한 자 3. 제20조제4항ㆍ제5항에 따른 보고를 하지 아니한 자 또는 주요내용을 누락하거나 거짓으로 보고를 한 자 4. 제26조부터 제29조까지의 규정에 따른 공시를 하는 경우에 이사회의 의결을 거치지 아니하거나 공시를 하지 아니한 자 또는 주요 내용을 누락하거나 거짓으로 공시한 자 5. 제32조제3항에 따른 자료제출 요청에 대하여 정당한 이유 없이 자료를 제출하지 아니하거나 거짓의 자료를 제출한 자 6. 제81조제1항제1호를 위반하여 정당한 이유 없이 출석을 하지 아니한 자 7. 제87조제2항에 따른 자료제출 요구에 대하여 정당한 이유 없이 자료를 제출하지 아니하거나 거짓의 자료를 제출한 자 ② 제66조를 위반하여 질서유지의 명령을 따르지 아니한 사람에게는 100만원 이하의 과태료를 부과한다. ③ 제1항 또는 제2항에 따른 과태료는 대통령령으로 정하는 바에 따라 공정거래위원회가 부과ㆍ징수한다. 이 경우 제1항제4호에 따른 과태료는 공정거래위원회가 시정 여부, 위반의 정도, 위반의 동기 및 그 결과 등을 고려하여 대통령령으로 정하는 기준에 따라 면제할 수 있다. <개정 2024.2.6> ④ 제1항 또는 제2항에 따른 과태료의 부과ㆍ징수에 관하여는 제102조제2항부터 제4항까지의 규정을 준용한다. 이 경우 ""과징금""은 ""과태료""로 본다.",,,1천만원 이하의 과태료 / 100만원 이하의 과태료,,,,2026-09-26 06:25
독점규제 및 공정거래에 관한 법률,공정거래법,법률,제128조(양벌규정),양벌규정,20260512,"제128조(양벌규정) 법인(법인격이 없는 단체를 포함한다. 이하 이 조에서 같다)의 대표자나 법인 또는 개인의 대리인, 사용인, 그 밖의 종업원이 그 법인 또는 개인의 업무에 관하여 제124조부터 제126조까지의 어느 하나에 해당하는 위반행위를 하면 그 행위자를 벌하는 외에 그 법인 또는 개인에게도 해당 조문의 벌금형을 과(科)한다. 다만, 법인 또는 개인이 그 위반행위를 방지하기 위하여 해당 업무에 관하여 상당한 주의와 감독을 게을리하지 아니한 경우에는 그러하지 아니하다.",,,,,,,2026-09-26 06:25
독점규제 및 공정거래에 관한 법률,공정거래법,법률,제127조(벌칙),벌칙(형사처벌),20260512,제127조(벌칙) ① 국내외에서 정당한 이유 없이 제112조제1항에 따른 비밀유지명령을 위반한 자는 2년 이하의 징역 또는 2천만원 이하의 벌금에 처한다. ② 제1항의 죄는 비밀유지명령을 신청한 자의 고소가 없으면 공소를 제기할 수 없다. ③ 제119조를 위반한 자는 2년 이하의 징역 또는 200만원 이하의 벌금에 처한다.,2년 이하의 징역,2천만원 이하의 벌금 / 200만원 이하의 벌금,,,,,2026-09-26 06:25
독점규제 및 공정거래에 관한 법률,공정거래법,법률,제126조(벌칙),벌칙(형사처벌),20260512,제126조(벌칙) 다음 각 호의 어느 하나에 해당하는 자는 1억원 이하의 벌금에 처한다. 1. 제17조를 위반하여 지주회사의 설립 또는 전환의 신고를 하지 아니하거나 거짓으로 신고한 자 2. 제18조제7항을 위반하여 해당 지주회사등의 사업내용에 관한 보고서를 제출하지 아니하거나 거짓으로 보고서를 제출한 자 3. 제30조제1항 및 제2항을 위반하여 주식소유 현황 또는 채무보증 현황의 신고를 하지 아니하거나 거짓으로 신고한 자 4. 거짓으로 감정을 한 제81조제1항제2호에 따른 감정인,,1억원 이하의 벌금,,,,,2026-09-26 06:25
독점규제 및 공정거래에 관한 법률,공정거래법,법률,제125조(벌칙),벌칙(형사처벌),20260512,"제125조(벌칙) 다음 각 호의 어느 하나에 해당하는 자는 2년 이하의 징역 또는 1억5천만원 이하의 벌금에 처한다. 1. 제7조제1항, 제14조제1항, 제37조제1항, 제42조제1항, 제49조제1항 및 제52조제1항에 따른 시정조치에 따르지 아니한 자 2. 제31조제4항에 따른 자료제출 요청에 대하여 정당한 이유 없이 자료 제출을 거부하거나 거짓의 자료를 제출한 자 3. 제31조제5항을 위반하여 공인회계사의 회계감사를 받지 아니한 자 4. 제45조제1항(제1호ㆍ제2호ㆍ제3호ㆍ제7호 및 제9호는 제외한다)을 위반하여 불공정거래행위를 한 자 5. 제51조제1항제3호를 위반하여 사업자단체의 금지행위를 한 자 6. 제81조제1항제3호 또는 같은 조 제6항에 따른 보고 또는 필요한 자료나 물건을 제출하지 아니하거나 거짓의 보고 또는 자료나 물건을 제출한 자 7. 제81조제2항에 따른 조사 시 자료의 은닉ㆍ폐기, 접근 거부 또는 위조ㆍ변조 등을 통하여 조사를 거부ㆍ방해 또는 기피한 자",2년 이하의 징역,1억5천만원 이하의 벌금,,,,,2026-09-26 06:25
독점규제 및 공정거래에 관한 법률,공정거래법,법률,제123조(벌칙 적용 시의 공무원 의제),벌칙(형사처벌),20260512,"제123조(벌칙 적용 시의 공무원 의제) ① 공정거래위원회의 위원 중 공무원이 아닌 위원은 「형법」이나 그 밖의 법률에 따른 벌칙을 적용할 때에는 공무원으로 본다. ② 다음 각 호의 어느 하나에 해당하는 사람은 「형법」 제129조부터 제132조까지의 규정에 따른 벌칙을 적용할 때에는 공무원으로 본다. <개정 2023.6.20> 1. 제73조부터 제77조까지, 제77조의2, 제78조 및 제79조에 따른 분쟁의 조정업무를 담당하거나 담당하였던 사람 2. 제90조에 따른 동의의결 이행관리 업무를 담당하거나 담당하였던 사람 3. 제97조의2에 따른 시정조치 이행관리 업무를 담당하거나 담당하였던 사람",,,,,,,2026-09-26 06:25
독점규제 및 공정거래에 관한 법률,공정거래법,법률,제106조(과징금 환급가산금),과징금,20260512,"제106조(과징금 환급가산금) 공정거래위원회가 이의신청의 재결 또는 법원의 판결 등의 사유로 과징금을 환급하는 경우에는 과징금을 납부한 날부터 환급한 날까지의 기간에 대하여 대통령령으로 정하는 바에 따라 환급가산금을 지급하여야 한다. 다만, 법원의 판결에 따라 과징금 부과처분이 취소되어 그 판결이유에 따라 새로운 과징금을 부과하는 경우에는 당초 납부한 과징금에서 새로 부과하기로 결정한 과징금을 공제한 나머지 금액에 대해서만 환급가산금을 계산하여 지급한다.",,,,,,,2026-09-26 06:25
독점규제 및 공정거래에 관한 법률,공정거래법,법률,제105조(과징금 징수 및 체납처분),과징금,20260512,"제105조(과징금 징수 및 체납처분) ① 공정거래위원회는 과징금납부의무자가 납부기한까지 과징금을 납부하지 아니한 경우에는 납부기한의 다음 날부터 납부한 날까지의 기간에 대하여 연 100분의 40의 범위에서 「은행법」에 따른 은행의 연체이자율을 고려하여 대통령령으로 정하는 바에 따라 가산금을 징수한다. 이 경우 가산금을 징수하는 기간은 60개월을 초과할 수 없다. ② 공정거래위원회는 과징금납부의무자가 납부기한까지 과징금을 납부하지 아니하였을 때에는 기간을 정하여 독촉을 하고, 그 기간 내에 과징금 및 제1항에 따른 가산금을 납부하지 아니하였을 때에는 국세체납처분의 예에 따라 이를 징수할 수 있다. ③ 공정거래위원회는 제1항 및 제2항에 따른 과징금 및 가산금의 징수 또는 체납처분에 관한 업무를 대통령령으로 정하는 바에 따라 국세청장에게 위탁할 수 있다. ④ 공정거래위원회는 체납된 과징금의 징수를 위하여 필요하다고 인정되는 경우에는 국세청장에게 과징금을 체납한 자에 대한 국세과세에 관한 정보의 제공을 요청할 수 있다. ⑤ 과징금 업무를 담당하는 공무원이 과징금의 징수를 위하여 필요할 때에는 등기소 또는 다른 관계 행정기관의 장에게 무료로 필요한 서류의 열람이나 복사 또는 그 등본이나 초본의 발급을 청구할 수 있다. ⑥ 제1항부터 제5항까지에서 규정한 사항 외에 과징금의 징수에 관하여 필요한 사항은 대통령령으로 정한다.",,,,,,,2026-09-26 06:25
독점규제 및 공정거래에 관한 법률,공정거래법,법률,제104조(과징금의 연대납부의무),과징금,20260512,제104조(과징금의 연대납부의무) ① 과징금을 부과받은 회사인 사업자가 분할 또는 분할합병되는 경우(부과일에 분할 또는 분할합병되는 경우를 포함한다) 그 과징금은 다음 각 호의 회사가 연대하여 납부할 책임을 진다. 1. 분할되는 회사 2. 분할 또는 분할합병으로 설립되는 회사 3. 분할되는 회사의 일부가 다른 회사에 합병된 후 그 다른 회사가 존속하는 경우 그 다른 회사 ② 과징금을 부과받은 회사인 사업자가 분할 또는 분할합병으로 해산되는 경우(부과일에 해산되는 경우를 포함한다) 그 과징금은 다음 각 호의 회사가 연대하여 납부할 책임을 진다. 1. 분할 또는 분할합병으로 설립되는 회사 2. 분할되는 회사의 일부가 다른 회사에 합병된 후 그 다른 회사가 존속하는 경우 그 다른 회사,,,,,,,2026-09-26 06:25
독점규제 및 공정거래에 관한 법률,공정거래법,법률,제103조(과징금 납부기한의 연기 및 분할납부),과징금,20260512,"제103조(과징금 납부기한의 연기 및 분할납부) ① 공정거래위원회는 과징금의 금액이 대통령령으로 정하는 기준을 초과하는 경우로서 다음 각 호의 어느 하나에 해당하는 사유로 과징금을 부과받은 자(이하 ""과징금납부의무자""라 한다)가 과징금의 전액을 일시에 납부하기가 어렵다고 인정될 때에는 그 납부기한을 연기하거나 분할납부하게 할 수 있다. 이 경우 필요하다고 인정할 때에는 담보를 제공하게 할 수 있다. 1. 재해 또는 도난 등으로 재산에 현저한 손실이 생긴 경우 2. 사업여건의 악화로 사업이 중대한 위기에 처한 경우 3. 과징금의 일시납부에 따라 자금사정에 현저한 어려움이 예상되는 경우 4. 그 밖에 제1호부터 제3호까지에 준하는 사유가 있는 경우 ② 과징금납부의무자가 제1항에 따른 과징금 납부기한의 연기 또는 분할납부를 신청하려는 경우에는 과징금 납부를 통지받은 날부터 30일 이내에 공정거래위원회에 신청하여야 한다. ③ 공정거래위원회는 제1항에 따라 납부기한이 연기되거나 분할납부가 허용된 과징금납부의무자가 다음 각 호의 어느 하나에 해당하게 된 경우에는 그 납부기한의 연기 또는 분할납부 결정을 취소하고 일시에 징수할 수 있다. 1. 분할납부 결정된 과징금을 그 납부기한까지 납부하지 아니한 경우 2. 담보의 변경 또는 그 밖에 담보보전에 필요한 공정거래위원회의 명령을 이행하지 아니한 경우 3. 강제집행, 경매의 개시, 파산선고, 법인의 해산, 국세 또는 지방세의 체납처분 등으로 과징금의 전부 또는 잔여분을 징수할 수 없다고 인정되는 경우 4. 제1항에 따른 사유가 해소되어 과징금을 일시에 납부할 수 있다고 인정되는 경우 ④ 제1항부터 제3항까지의 규정에 따른 과징금 납부기한의 연기 또는 분할납부 등에 필요한 사항은 대통령령으로 정한다.",,,,과징금 납부를 통지받은 날부터 30일 이내,,,2026-09-26 06:25
독점규제 및 공정거래에 관한 법률 시행령,공정거래법 시행령,대통령령,제84조(과징금의 부과기준),과징금,20260324,제84조(과징금의 부과기준) 법 제102조제1항에 따른 법 제8조ㆍ제38조ㆍ제43조ㆍ제50조 및 제53조의 과징금의 부과기준은 별표 6과 같다.,,,,,위반행위의 과징금 부과기준(제84조 관련),"[위반행위의 과징금 부과기준(제84조 관련)]
■ 독점규제 및 공정거래에 관한 법률 시행령 [별표 6] <개정 2024. 6. 11.> 위반행위의 과징금 부과기준(제84조 관련) 1. 과징금 부과 여부의 결정 과징금은 위반행위의 내용 및 정도를 우선적으로 고려하고 시장상황 등을 종합적 으로 참작하여 그 부과 여부를 결정하되, 다음 각 목의 어느 하나에 해당하는 경 우에는 다른 특별한 사유가 없는 한 과징금을 부과한다. 가. 자유롭고 공정한 경쟁질서를 크게 저해하는 경우 나. 소비자 등에게 미치는 영향이 큰 경우 다. 위반행위로 부당이득이 발생한 경우 라. 그 밖에 가목부터 다목까지에 준하는 경우로서 공정거래위원회가 정하여 고시 하는 경우 2. 과징금의 산정기준 과징금은 법 제102조제1항 각 호에서 정한 사유와 이에 영향을 미치는 사항을 고 려하여 산정하되, 위반행위 유형에 따른 기본 산정기준에 위반행위의 기간 및 횟 수 등에 따른 조정, 위반사업자의 고의ㆍ과실 등에 따른 조정을 거쳐 부과과징금 을 산정한다. 가. 위반행위 유형에 따른 기본 산정기준 법 제102조제1항제1호에 따른 위반행위의 내용 및 정도에 따라 위반행위의 중 대성 정도를 ""중대성이 약한 위반행위"", ""중대한 위반행위"", ""매우 중대한 위반 행위""로 구분하고, 위반행위의 중대성의 정도별로 다음의 기준에 따라 산정한 다. ┌─────────┬───────┬──────┬────────────────┐ │위반행위 유형 │세부 유형 │근거 법조문 │기본 산정기준 │ ├─────────┼───────┼──────┼────────────────┤ │1) 시장지배적지위 │시장지배적 │법 제8조 │관련매출액에 100분의 6을 곱한 │ │의 남용행위 │지위의 │ │금액의 범위에서 관련매출액에 중 │ │ │남용행위 │ │대성의 정도별로 정하는 부과기준 │ │ │ │ │율을 곱하여 산정한다. 다만, 제13│ │ │ │ │조제3항 각 호의 어느 하나에 해 │ │ │ │ │당하는 경우에는 20억원의 범위에 │ │ │ │ │서 중대성의 정도를 고려하여 산 │ │ │ │ │정한다. │ ├─────────┼───────┼──────┼────────────────┤ │2) 경제력집중억제 │가) 지주회사 │법 제38조 │법 제38조제3항 각 호에 따른 금 │ │규정 위반행위 │의 행위제 │제3항 │액에 100분의 20을 곱한 금액의 │ │ │한 등 위반 │ │범위에서 법 제38조제3항 각 호에 │ │ │행위 │ │따른 금액에 중대성의 정도별로 │ │ │ │ │정하는 부과기준율을 곱하여 산정 │ │ │ │ │한다. │ │ ├───────┼──────┼────────────────┤ │ │나) 상호출자 │법 제38조 │위반행위로 취득 또는 소유한 주 │ │ │행위 │제1항 │식의 취득가액에 100분의 20을 곱 │ │ │ │ │한 금액의 범위에서 취득가액에 │ │ │ │ │중대성의 정도별로 정하는 부과기 │ │ │ │ │준율을 곱하여 산정한다. │ │ ├───────┼──────┼────────────────┤ │ │다) 순환출자 │법 제38조 │위반행위로 취득 또는 소유한 주식│ │ │행위 │제1항 │의 취득가액에 100분의 20을 곱한 │ │ │ │ │금액의 범위에서 취득가액에 중대 │ │ │ │ │성의 정도별로 정하는 부과기준율 │ │ │ │ │을 곱하여 산정한다. │ │ ├───────┼──────┼────────────────┤ │ │라) 계열회사 │법 제38조 │법 제24조를 위반하여 행한 채무 │ │ │에 대한 채 │제2항 │보증액에 100분의 20을 곱한 금액 │ │ │무보증행위 │ │의 범위에서 채무보증액에 중대성 │ │ │ │ │의 정도별로 정하는 부과기준율을 │ │ │ │ │곱하여 산정한다. │ ├─────────┼───────┼──────┼────────────────┤ │3) 부당한 공동행 │가) 부당한 │법 제43조 │관련매출액에 100분의 20을 곱한 │ │위 등 │공동행위 │ │금액의 범위에서 관련매출액에 중 │ │ │ │ │대성의 정도별로 정하는 부과기준 │ │ │ │ │율을 곱하여 산정한다. 다만, 제13│ │ │ │ │조제3항 각 호의 어느 하나에 해 │ │ │ │ │당하는 경우에는 40억원의 범위에 │ │ │ │ │서 중대성의 정도를 고려하여 산 │ │ │ │ │정한다. │ │ ├───────┼──────┼────────────────┤ │ │나) 사업자단 │법 제53조 │10억원의 범위에서 위반행위의 종 │ │ │체 금지행 │제1항 │료일이 속한 연도의 사업자단체의 │ │ │위 │ │연간예산액에 중대성의 정도별로 │ │ │ │ │정하는 부과기준율을 곱하여 산정 │ │ │ │ │한다. 다만, 연간예산액을 산정하 │ │ │ │ │기 곤란한 경우에는 10억원의 범 │ │ │ │ │위에서 중대성의 정도를 고려하여 │ │ │ │ │산정한다. │ │ ├───────┼──────┼────────────────┤ │ │다) 사업자단 │법 제53조 │관련매출액에 100분의 20을 곱한 │ │ │체 금지행 │제2항 │금액의 범위에서 관련매출액에 중 │ │ │위 참가행 │ │대성의 정도별로 정하는 부과기준 │ │ │위 │ │율을 곱하여 산정한다. 다만, 제13│ │ │ │ │조제3항 각 호의 어느 하나에 해 │ │ │ │ │당하는 경우에는 40억원의 범위에 │ │ │ │ │서 중대성의 정도를 고려하여 산 │ │ │ │ │정한다. │ │ │ ├──────┼────────────────┤ │ │ │법 제53조 │관련매출액에 100분의 10를 곱한 │ │ │ │제3항 │금액의 범위에서 관련매출액에 중 │ │ │ │ │대성의 정도별로 정하는 부과기준 │ │ │ │ │율을 곱하여 산정한다. 다만, 제13│ │ │ │ │조제3항 각 호의 어느 하나에 해 │ │ │ │ │당하는 경우에는 20억원의 범위에 │ │ │ │ │서 중대성의 정도를 고려하여 산 │ │ │ │ │정한다. │ ├─────────┼───────┼──────┼────────────────┤ │4) 불공정거래 행 │가) 불공정거 │법 제50조 │관련매출액에 100분의 4를 곱한 │ │위 등 │래행위(부 │제1항 │금액의 범위에서 관련매출액에 중 │ │ │당한 지원 │ │대성의 정도별로 정하는 부과기준 │ │ │행위 제외) │ │율을 곱하여 산정한다. 다만, 제13│ │ ├───────┼──────┤조제3항 각 호의 어느 하나에 해 │ │ │나) 재판매가 │법 제50조 │당하는 경우에는 10억원의 범위에 │ │ │격 유지행 │제1항 │서 중대성의 정도를 고려하여 산 │ │ │위 │ │정한다. │ ├─────────┼───────┼──────┼────────────────┤ │5) 부당한 지원행 │부당한 │법 제50조 │평균매출액에 100분의 10을 곱한 │ │위 │지원행위 │제2항 │금액의 범위에서 법 제45조제1항 │ │ │ │ │제9호 또는 같은 조 제2항을 위반 │ │ │ │ │하여 지원하거나 지원받은 지원금 │ │ │ │ │액에 중대성의 정도별로 정하는 │ │ │ │ │부과기준율을 곱하여 산정한다. │ │ │ │ │다만, 지원금액의 산출이 어렵거 │ │ │ │ │나 불가능한 경우 등에는 그 지원 │ │ │ │ │성 거래규모의 100분의 10을 지원 │ │ │ │ │금액으로 본다. │ ├─────────┼───────┼──────┼────────────────┤ │6) 특수관계인에 │특수관계인에 │법 제50조 │평균매출액에 100분의 10을 곱한 │ │대한 부당한 이 │대한 부당한 │제2항 │금액의 범위에서 법 제47조제1항 │ │익제공 행위 등 │이익제공 │ │ㆍ제3항을 위반하여 거래 또는 제 │ │ │행위 등 │ │공한 위반금액(정상적인 거래에서 │ │ │ │ │기대되는 급부와의 차액을 말한 │ │ │ │ │다)에 중대성의 정도별로 정하는 │ │ │ │ │부과기준율을 곱하여 산정한다. │ │ │ │ │다만, 위반금액의 산출이 어렵거 │ │ │ │ │나 불가능한 경우 등에는 그 거래 │ │ │ │ │또는 제공 규모(법 제47조제1항제 │ │ │ │ │2호의 경우에는 사업기회를 제공 │ │ │ │ │받은 특수관계인 또는 계열회사의 │ │ │ │ │관련매출액)의 100분의 10을 위반 │ │ │ │ │금액으로 본다. │ ├─────────┼───────┼──────┼────────────────┤ │7) 보복조치 │보복조치 │법 제50조 │관련매출액에 100분의 4를 곱한 │ │ │ │제1항 │금액의 범위에서 관련매출액에 위 │ │ │ │ │반행위의 중대성 정도별로 정하는 │ │ │ │ │부과기준율을 곱하여 산정한다. │ │ │ │ │다만, 제13조제3항 각 호의 어느 │ │ │ │ │하나에 해당하는 경우에는 10억원 │ │ │ │ │의 범위에서 중대성의 정도를 고 │ │ │ │ │려하여 산정한다. │ └─────────┴───────┴──────┴────────────────┘ 나. 위반행위의 기간 및 횟수 등에 따른 조정 법 제102조제1항제2호의 위반행위의 기간 및 횟수를 고려하여 가목에 따른 기 본 산정기준의 100분의 100 범위에서 공정거래위원회가 정하여 고시하는 기준 에 따라 산정기준을 조정한다. 다. 위반사업자의 고의ㆍ과실 등에 따른 조정. 이 경우 1)에 따른 조정사유와 2)에 따른 감경사유가 각각 있는 경우 해당 사유에 따른 조정ㆍ감경의 기준을 모두 적용하되, 나목에 따라 조정된 산정기준의 100분의 50의 범위를 초과할 수 없 다. 1) 법 제102조제1항 각 호의 사항에 영향을 미치는 위반사업자의 고의ㆍ과실, 위반행위의 성격과 사정 등을 고려하여 나목에 따라 조정된 산정기준의 100 분의 50의 범위에서 공정거래위원회가 정하여 고시하는 기준에 따라 산정기 준을 조정한다. 2) 법 제120조의2제2항에 따른 공정거래 자율준수평가 결과 및 공정거래 자율 준수제도의 운영실태를 고려하여 나목에 따라 조정된 산정기준의 100분의 20 의 범위에서 공정거래위원회가 정하여 고시하는 기준에 따라 산정기준을 감 경한다. 라. 부과과징금 1) 위반사업자(위반사업자단체를 포함한다. 이하 같다)의 현실적 부담능력이나 그 위반행위가 시장에 미치는 효과, 그 밖에 시장 또는 경제여건 및 법 제102 조제1항제3호의 위반행위로 취득한 이익의 규모 등을 충분히 반영하지 못해 과중하다고 인정되는 경우에는 다목에 따라 조정된 산정기준의 100분의 50 범위에서 감액하여 부과과징금으로 정할 수 있다. 다만, 위반사업자의 과징금 납부능력의 현저한 부족, 위반사업자가 속한 시장ㆍ산업 여건의 현저한 변동 또는 지속적 악화, 경제위기, 그 밖에 이에 준하는 사유로 불가피하게 100분의 50을 초과하여 감액하는 것이 타당하다고 인정되는 경우에는 100분의 50을 초과하여 감액할 수 있다. 이 경우 다목에 따라 조정된 산정기준을 감액하는 경우에는 공정거래위원회의 의결서에 그 이유를 명시해야 한다. 2) 위반사업자의 채무상태가 지급불능 또는 지급정지 상태에 있거나 부채의 총 액이 자산의 총액을 초과하는 등의 사유로 위반사업자가 객관적으로 과징금 을 납부할 능력이 없다고 인정되는 경우에는 과징금을 면제할 수 있다. 비고 1. 제2호가목에 따른 관련매출액을 산정하는 경우 관련상품의 범위는 위반행위에 따라 직접 또는 간접적으로 영향을 받는 상품의 종류와 성질, 거래지역, 거래상대 방, 거래단계 등을 고려하여 정하고, 위반기간은 위반행위의 개시일부터 종료일 까지의 기간으로 정하며, 매출액은 사업자의 회계자료 등을 참고하여 정하되, 각 각의 범위는 행위유형별로 개별적ㆍ구체적으로 판단한다. 2. 위 표에서 규정한 사항 외에 산정기준의 부과기준율, 관련매출액의 산정, 제2호 나목 및 다목에 따른 조정, 그 밖에 과징금의 부과에 필요한 세부적인 사항은 공 정거래위원회가 정하여 고시한다.",2026-09-26 06:25
독점규제 및 공정거래에 관한 법률 시행령,공정거래법 시행령,대통령령,제13조(과징금),과징금,20260324,"제13조(과징금) ① 법 제8조 본문에서 ""대통령령으로 정하는 매출액""이란 각각의 위반사업자가 위반기간동안 일정한 거래분야에서 판매한 관련 상품이나 용역의 매출액 또는 이에 준하는 금액으로서 공정거래위원회가 정하여 고시하는 바에 따라 산정한 금액(이하 ""관련매출액""이라 한다)을 말한다. 이 경우 위반행위가 상품이나 용역의 구매와 관련하여 이루어진 경우에는 관련 상품이나 용역의 매입액을 관련매출액으로 본다. ② 법 제8조 본문에서 ""대통령령으로 정하는 사업자""란 상품 또는 용역의 대가의 합계액을 재무제표 등에서 영업수익 등으로 기재하는 사업자를 말한다. ③ 법 제8조 단서에서 ""대통령령으로 정하는 경우""란 다음 각 호의 어느 하나에 해당하는 경우를 말한다. 1. 영업을 개시하지 않거나 영업중단 등으로 영업실적이 없는 경우 2. 재해 등으로 매출액 산정자료가 소멸 또는 훼손되는 등의 사유로 객관적인 매출액의 산정이 곤란한 경우 3. 위반기간 또는 관련 상품이나 용역의 범위를 확정할 수 없어 관련매출액의 산정이 곤란한 경우",,,,,,,2026-09-26 06:25
독점규제 및 공정거래에 관한 법률 시행령,공정거래법 시행령,대통령령,제50조(과징금),과징금,20260324,제50조(과징금) 법 제43조 본문에 따른 매출액의 산정에 관하여는 제13조제1항을 준용한다. 이 경우 위반행위가 입찰담합 및 이와 유사한 행위인 경우에는 계약금액을 매출액으로 본다.,,,,,,,2026-09-26 06:25
독점규제 및 공정거래에 관한 법률 시행령,공정거래법 시행령,대통령령,제56조(과징금),과징금,20260324,"제56조(과징금) ① 법 제50조제1항 본문에 따른 매출액의 산정에 관하여는 제13조제1항을 준용한다. ② 법 제50조제2항 본문에서 ""대통령령으로 정하는 매출액""이란 해당 사업자의 직전 3개 사업연도의 평균 매출액(이하 ""평균매출액""이라 한다)을 말한다. 다만, 해당 사업연도 초일 현재 사업을 개시한 지 3년이 되지 않는 경우에는 그 사업개시 후 직전 사업연도 말일까지의 매출액을 연평균 매출액으로 환산한 금액을, 해당 사업연도에 사업을 개시한 경우에는 사업개시일부터 위반행위일까지의 매출액을 연매출액으로 환산한 금액을 말한다. ③ 제2항에서 규정한 사항 외에 평균매출액의 산정에 필요한 사항은 공정거래위원회가 정하여 고시한다",,,,,,,2026-09-26 06:25
독점규제 및 공정거래에 관한 법률 시행령,공정거래법 시행령,대통령령,제58조(과징금),과징금,20260324,제58조(과징금) 법 제53조제2항 본문 및 같은 조 제3항 본문에 따른 매출액의 산정에 관하여는 제13조제1항을 준용한다. 이 경우 위반행위가 입찰담합 및 이와 유사한 행위인 경우에는 계약금액을 매출액으로 본다.,,,,,,,2026-09-26 06:25
독점규제 및 공정거래에 관한 법률 시행령,공정거래법 시행령,대통령령,제85조(과징금의 부과 및 납부),과징금,20260324,제85조(과징금의 부과 및 납부) ① 공정거래위원회는 법 제102조제1항에 따라 과징금을 부과하려는 경우 그 위반행위의 종별과 해당 과징금의 금액 등을 명시하여 이를 납부할 것을 서면으로 알려야 한다. ② 제1항에 따라 통지를 받은 자는 통지가 있은 날부터 60일 이내에 공정거래위원회가 정하는 수납기관에 과징금을 납부해야 한다. <개정 2023.12.12>,,,,,,,2026-09-26 06:25
독점규제 및 공정거래에 관한 법률 시행령,공정거래법 시행령,대통령령,제87조(과징금 징수 및 체납처분),과징금,20260324,제87조(과징금 징수 및 체납처분) ① 법 제105조제1항에 따른 과징금의 가산금은 체납된 과징금에 연 1천분의 75를 곱하여 계산한 금액으로 한다. ② 법 제105조제2항에 따른 독촉에 관하여는 제24조를 준용한다. ③ 법 제105조제3항에 따른 체납처분의 위탁에 관하여는 제25조를 준용한다.,,,,,,,2026-09-26 06:25
독점규제 및 공정거래에 관한 법률 시행령,공정거래법 시행령,대통령령,제94조(과태료의 부과기준),과태료,20260324,제94조(과태료의 부과기준) 법 제130조에 따른 과태료의 부과기준은 다음 각 호의 구분에 따른다. 1. 법 제130조제1항제1호의 과태료: 별표 7 2. 법 제130조제1항제2호 및 제3호의 과태료: 별표 8 3. 법 제130조제1항제4호의 과태료: 별표 9 4. 법 제130조제1항제5호부터 제7호까지 및 같은 조 제2항의 과태료: 별표 10,,,,,과태료의 부과기준(제94조제1호 관련) / 과태료의 부과기준(제94조제2호 관련) / 과태료의 부과기준(제94조제3호 관련) / 과태료의 부과기준(제94조제4호 관련),"[과태료의 부과기준(제94조제1호 관련)]
■ 독점규제 및 공정거래에 관한 법률 시행령 [별표 7] 과태료의 부과기준(제94조제1호 관련) 1. 일반기준 가. 공정거래위원회는 다음의 어느 하나에 해당하는 경우 제2호 및 제3호에 따라 산정된 과태료 금액의 4분의 3 범위에서 감경할 수 있다. 다만, 과태료를 체납 하고 있는 위반행위자에 대해서는 그렇지 않다. 1) 위반의 내용ㆍ정도가 경미하다고 인정되는 경우 2) 그 밖에 위반행위의 정도, 동기와 그 결과 등을 고려하여 감경할 필요가 있다 고 인정되는 경우 나. 공정거래위원회는 다음의 어느 하나에 해당하는 경우 제2호 및 제3호에 따라 산정된 과태료 금액의 2분의 1 범위에서 가중할 수 있다. 다만, 가중하는 경우 에도 법 제130조제1항에 따른 과태료 금액의 상한을 초과할 수 없다. 1) 위반행위가 고의나 중대한 과실에 의한 것으로 인정되는 경우 2) 위반의 내용ㆍ정도가 중대한 경우 3) 그 밖에 위반행위의 정도, 위반행위의 동기와 그 결과 등을 고려하여 가중할 필요가 있다고 인정되는 경우 2. 위반유형별 과태료 금액 가. 법 제11조제1항 및 제2항에 따른 기업결합의 신고를 거짓으로 한 경우에 대한 과태료는 7천만원으로 한다. 나. 법 제11조제6항 각 호 외의 부분 본문에 따른 기업결합의 신고를 하지 않은 경우에 대한 과태료는 다음 표와 같다. ┌────────────────┬──────────────────────┐ │구분 │기업결합상대회사의 자산총액 또는 매출액 중 │ │ │큰 금액이 속하는 범위 │ │ ├──────┬───────┬───────┤ │ │2천억원 미만│2천억원 이상 │2조원 이상 │ │ │ │2조원 미만 │ │ ├────────┬───────┼──────┼───────┼───────┤ │기업결합신고대 │2천억원 미만 │400만원 │480만원 │800만원 │ │상회사의 자산 ├───────┼──────┼───────┼───────┤ │총액 또는 매출 │2천억원 이상 │480만원 │600만원 │1,000만원 │ │액 중 큰 금액이 │2조원 미만 │ │ │ │ │속하는 범위 ├───────┼──────┼───────┼───────┤ │ │2조원 이상 │800만원 │1,000만원 │1,200만원 │ └────────┴───────┴──────┴───────┴───────┘ 다. 법 제11조제6항 각 호 외의 부분 단서에 따른 기업결합의 신고를 하지 않은 경우와 법 제11조제8항을 위반한 경우에 대한 과태료는 다음 표와 같다. ┌────────────────┬──────────────────────┐ │구분 │기업결합상대회사의 자산총액 또는 매출액 중 │ │ │큰 금액이 속하는 범위 │ │ ├──────┬───────┬───────┤ │ │2천억원 미만│2천억원 이상 │2조원 이상 │ │ │ │2조원 미만 │ │ ├────────┬───────┼──────┼───────┼───────┤ │기업결합신고대 │2천억원 미만 │1,500만원 │2,000만원 │3,000만원 │ │상회사의 자산 ├───────┼──────┼───────┼───────┤ │총액 또는 매출 │2천억원 이상 │2,000만원 │2,400만원 │3,600만원 │ │액 중 큰 금액이 │2조원 미만 │ │ │ │ │속하는 범위 ├───────┼──────┼───────┼───────┤ │ │2조원 이상 │3,000만원 │3,600만원 │4,000만원 │ └────────┴───────┴──────┴───────┴───────┘ 3. 가산사유 및 가산금액 가. 법 제11조제1항ㆍ제2항 및 제6항에 따른 기업결합 신고기한을 넘겨 신고하는 경우에는 신고기한의 다음 날부터 1일마다 제2호나목 및 다목에 따른 과태료의 1,000분의 5에 해당하는 금액을 가산하여 부과한다. 다만, 가산하는 금액은 제2 호나목 및 다목에 따른 과태료의 100분의 150을 초과할 수 없다. 나. 해당 기업결합 신고기한 만료일부터 과거 5년간 기업결합 신고규정의 위반에 따라 공정거래위원회로부터 경고를 받거나 과태료를 부과받은 횟수가 1회 이 상인 경우에는 그 위반행위 1회마다 제2호나목 및 다목에 따른 과태료의 100분 의 20에 해당하는 금액을 가산하여 부과한다. 다만, 가산하는 경우에도 법 제13 0조제1항에 따른 과태료 금액의 상한을 초과할 수 없다. 비고 1. 제2호나목 및 다목에 따른 기업결합신고대상회사 및 기업결합상대회사의 자산 총액 및 매출액에 계열회사의 자산총액과 매출액은 포함시키지 않는다. 2. 금융업 또는 보험업을 경영하는 회사의 경우 제2호나목 및 다목에 따른 자산총 액은 자본총액 또는 자본금 중 큰 금액으로, 매출액은 영업수익으로 본다.

[과태료의 부과기준(제94조제2호 관련)]
■ 독점규제 및 공정거래에 관한 법률 시행령 [별표 8] 과태료의 부과기준(제94조제2호 관련) 1. 일반기준 가. 공정거래위원회는 다음의 어느 하나에 해당하는 경우 제2호의 개별기준에 따른 과태료 금액의 2분의 1 범위에서 감경할 수 있다. 다만, 과태료를 체납 하고 있는 위반행위자에 대해서는 그렇지 않다. 1) 위반행위가 사소한 부주의나 오류로 인한 것으로 인정되는 경우 2) 위반의 내용ㆍ정도가 경미하다고 인정되는 경우 3) 위반행위자가 법 위반상태를 시정하거나 해소하기 위해 노력한 것으로 인 정되는 경우 4) 그 밖에 위반행위의 정도, 동기와 그 결과 등을 고려하여 감경할 필요가 있 다고 인정되는 경우 나. 공정거래위원회는 다음의 어느 하나에 해당하는 경우 제2호의 개별기준에 따른 과태료 금액의 2분의 1 범위에서 가중할 수 있다. 다만, 가중하는 경우 에도 법 제130조제1항에 따른 과태료 금액의 상한을 초과할 수 없다. 1) 위반행위가 고의나 중대한 과실에 의한 것으로 인정되는 경우 2) 위반의 내용ㆍ정도가 중대한 경우 3) 법 위반상태의 기간이 6개월 이상인 경우 4) 그 밖에 위반행위의 정도, 위반행위의 동기와 그 결과 등을 고려하여 가중 할 필요가 있다고 인정되는 경우 2. 개별기준 ┌──────────────────────┬──────┬────────┐ │위반행위 │근거 법조문 │금액(단위: 만원)│ ├──────────────────────┼──────┼────────┤ │가. 법 제20조제3항제2호ㆍ제3호를 위반하여 │법 제130조 │10,000 │ │금융업 또는 보험업을 영위한 경우 │제1항제2호 │ │ ├──────────────────────┼──────┼────────┤ │나. 법 제20조제4항에 따른 보고를 하지 않은 │법 제130조 │3,000 │ │경우 또는 주요내용을 누락하거나 거짓으로 │제1항제3호 │ │ │보고를 한 경우 │ │ │ ├──────────────────────┼──────┼────────┤ │다. 법 제20조제5항에 따른 보고를 하지 않은 │법 제130조 │5,000 │ │경우 또는 주요내용을 누락하거나 거짓으로 │제1항제3호 │ │ │보고를 한 경우 │ │ │ └──────────────────────┴──────┴────────┘

[과태료의 부과기준(제94조제3호 관련)]
■ 독점규제 및 공정거래에 관한 법률 시행령 [별표 9] <개정 2024. 8. 6.> 과태료의 부과기준(제94조제3호 관련) 1. 일반기준 가. 공정거래위원회는 다음의 어느 하나에 해당하는 경우 제2호의 개별기준에 따 른 과태료 금액의 4분의 3 범위에서 감경할 수 있다. 다만, 과태료를 체납하고 있는 위반행위자에 대해서는 그렇지 않다. 1) 위반의 내용ㆍ정도가 경미하다고 인정되는 경우 2) 그 밖에 위반행위의 정도, 동기와 그 결과 등을 고려하여 감경할 필요가 있다 고 인정되는 경우 나. 공정거래위원회는 다음의 어느 하나에 해당하는 경우 제2호의 개별기준에 따 른 과태료 금액의 2분의 1 범위에서 가중할 수 있다. 다만, 가중하는 경우에도 법 제130조제1항에 따른 과태료 금액의 상한을 초과할 수 없다. 1) 위반행위가 고의나 중대한 과실에 의한 것으로 인정되는 경우 2) 위반의 내용ㆍ정도가 중대한 경우 3) 그 밖에 위반행위의 정도, 위반행위의 동기와 그 결과 등을 고려하여 가중할 필요가 있다고 인정되는 경우 다. 공정거래위원회는 다음의 어느 하나에 해당하는 경우 제2호의 개별기준에 따 른 과태료를 면제할 수 있다. 다만, 과태료를 체납하고 있는 위반행위자에 대해 서는 그렇지 않다. 1) 다음의 어느 하나에 해당하는 경우로서 법 제26조부터 제29조까지의 규정을 위반하여 공시한 사항(이하 이 목에서 ""위반공시사항""이라 한다)을 제33조제5 항, 제34조제6항, 제35조제8항 및 제36조제3항에 따라 공정거래위원회가 정하 여 고시하는 공시기한(이하 이 표에서 ""공시기한""이라 한다) 만료일의 다음 날부터 10영업일 이내에 스스로 시정하여 다시 공시한 경우 가) 위반공시사항의 공시일(이하 이 목에서 ""위반공시일""이라 한다)이 다음의 구분에 따른 날부터 30일 이내에 있는 경우 (1) 위반행위자가 법 제31조제1항 전단에 따라 공시대상기업집단으로 새로 지정된 기업집단에 속하는 국내 회사, 그 회사를 지배하는 동일인 또는 그 동일인의 특수관계인에 해당하는 공익법인인 경우: 같은 항 후단에 따른 통지일 (2) 위반행위자가 법 제32조제1항에 따라 공시대상기업집단의 국내 계열회 사로 새로 편입된 회사 또는 같은 조 제2항에 따라 공시대상기업집단에 속하는 회사를 지배하는 동일인의 특수관계인으로 새로 편입된 공익법 인인 경우: 같은 조 제1항 또는 제2항에 따른 통지일 나) 위반공시사항이 다음의 어느 하나에 해당하는 경우로서 단순 계산 실수 나 오기 등 사소한 부주의로 인한 것으로 인정되는 경우 (1) 다음의 어느 하나에 해당하는 공시의 관련 내용을 통해 그 사실내용이 확인되는 경우 (가) 위반공시사항이 포함된 공시 (나) 법 제26조부터 제29조까지의 규정에 따른 공시로서 위반공시일 이 전에 이루어진 다른 공시 (2) 법 제28조제1항제8호에 따른 특수관계인과의 거래 현황 중 5억원 미만 의 상품ㆍ용역의 제공 또는 거래 현황에 관한 사항인 경우 2) 위반공시사항이 명칭ㆍ성명ㆍ날짜ㆍ금액 등 단순한 사항의 누락이거나 명백 한 오류인 경우로서 스스로 시정하여 다시 공시하지 않더라도 해당 내용에 대 한 오인 가능성이 거의 없다고 인정되는 경우 3) 공시에 필요한 정보시스템 또는 정보통신망에 전산장애가 발생하거나 천재 지변 등 불가항력의 사유로 공시기한을 넘겨 공시한 것으로 인정되는 경우 2. 개별기준 가. 법 제26조 및 제29조의 위반행위에 대한 과태료 ┌───────────────────────────────┬──────────┐ │위반 유형 │과태료금액 │ ├──────┬─────┬──────┬───────────┤(단위: 만원) │ │이사회 의결 │공시 여부 │공시기한 │주요내용의 누락이나 │ │ │여부 │ │준수 여부 │거짓 공시 여부 │ │ ├──────┼─────┼──────┼───────────┼──────────┤ │이사회 │공시하지 │ │ │5,000 │ │의결을 │않은 경우 │ │ │ │ │거친 경우 ├─────┼──────┼───────────┼──────────┤ │ │공시한 │공시기한까 │주요내용을 누락하거나 │500 │ │ │경우 │지 공시한 │거짓 공시한 사항을 공 │(공시기한을 넘긴 날 │ │ │ │경우 │시기한이 지난 후 과태 │의 다음 날부터 보완 │ │ │ │ │료 처분 사전통지서 발 │을 마친 날까지 1일 │ │ │ │ │송일 전날까지 보완한 │마다 10만원씩 가산 │ │ │ │ │경우 │하되, 2천만원을 초 │ │ │ │ │ │과할 수 없다) │ │ │ │ ├───────────┼──────────┤ │ │ │ │주요내용을 누락하거나 │2,000 │ │ │ │ │거짓 공시한 경우 │ │ │ │ ├──────┼───────────┼──────────┤ │ │ │공시기한을 │주요내용을 누락하거나 │500 │ │ │ │넘긴 경우 │거짓 공시하지 않은 경 │(공시기한을 넘긴 날 │ │ │ │ │우(과태료 처분 사전통 │의 다음 날부터 보완 │ │ │ │ │지서 발송일 전날까지 │을 마친 날까지 1일 │ │ │ │ │보완한 경우를 포함한 │마다 10만원씩 가산 │ │ │ │ │다) │하되, 5천만원을 초 │ │ │ │ │ │과할 수 없다) │ │ │ │ ├───────────┼──────────┤ │ │ │ │주요내용을 누락하거나 │5,000 │ │ │ │ │거짓 공시한 경우 │ │ ├──────┼─────┼──────┼───────────┼──────────┤ │이사회 │공시하지 │ │ │7,000 │ │의결을 │않은 경우 │ │ │ │ │거치지 ├─────┼──────┼───────────┼──────────┤ │않은 경우 │공시한 │ │주요내용을 누락하거나 │5,000 │ │ │경우 │ │거짓 공시하지 않은 경 │ │ │ │ │ │우 │ │ │ │ ├──────┼───────────┼──────────┤ │ │ │ │주요내용을 누락하거나 │7,000 │ │ │ │ │거짓 공시한 경우 │ │ └──────┴─────┴──────┴───────────┴──────────┘ 나. 법 제27조 및 제28조의 위반행위에 대한 과태료 ┌──────────────────────────┬──────────┐ │위반 유형 │과태료금액 │ ├──────┬───────┬───────────┤(단위: 만원) │ │공시 여부 │공시기한 │주요내용의 누락이나 │ │ │ │준수 여부 │거짓 공시 여부 │ │ ├──────┼───────┼───────────┼──────────┤ │공시하지 │ │ │1,000 │ │않은 경우 │ │ │ │ ├──────┼───────┼───────────┼──────────┤ │공시한 경우 │공시기한까지 │주요내용을 누락하거나 │100 │ │ │공시한 경우 │거짓 공시한 사항을 공 │(공시기한을 넘긴 날 │ │ │ │시기한이 지난 후 과태 │의 다음 날부터 보완 │ │ │ │료 처분 사전통지서 발 │을 마친 날까지 1일 │ │ │ │송일 전날까지 보완한 │마다 5만원씩 가산하 │ │ │ │경우 │되, 5백만원을 초과 │ │ │ │ │할 수 없다) │ │ │ ├───────────┼──────────┤ │ │ │주요내용을 누락하거나 │500 │ │ │ │거짓 공시한 경우 │ │ │ ├───────┼───────────┼──────────┤ │ │공시기한을 │주요내용을 누락하거나 │100 │ │ │넘긴 경우 │거짓 공시하지 않은 경 │(공시기한을 넘긴 날 │ │ │ │우(과태료 처분 사전통 │의 다음 날부터 보완 │ │ │ │지서 발송일 전날까지 │을 마친 날까지 1일 │ │ │ │보완한 경우를 포함한 │마다 5만원씩 가산하 │ │ │ │다) │되, 1천만원을 초과 │ │ │ │ │할 수 없다) │ │ │ ├───────────┼──────────┤ │ │ │주요내용을 누락하거나 │1,000 │ │ │ │거짓 공시한 경우 │ │ └──────┴───────┴───────────┴──────────┘

[과태료의 부과기준(제94조제4호 관련)]
■ 독점규제 및 공정거래에 관한 법률 시행령 [별표 10] 과태료의 부과기준(제94조제4호 관련) 1. 일반기준 가. 위반행위의 횟수에 따른 과태료의 가중된 부과기준은 최근 3년간 같은 위반 행위로 과태료 부과처분을 받은 경우에 적용한다. 이 경우 기간의 계산은 위 반행위에 대해 과태료 부과처분을 받은 날과 그 처분 후 다시 같은 위반행위 를 하여 적발된 날을 기준으로 한다. 나. 가목에 따라 가중된 부과처분을 하는 경우 가중처분의 적용 차수는 그 위반 행위 전 부과처분 차수(가목에 따른 기간 내에 과태료 부과처분이 둘 이상 있 었던 경우에는 높은 차수를 말한다)의 다음 차수로 한다. 다. 공정거래위원회는 다음의 어느 하나에 해당하는 경우 제2호의 개별기준에 따 른 과태료 금액의 2분의 1 범위에서 감경할 수 있다. 다만, 과태료를 체납하고 있는 위반행위자에 대해서는 그렇지 않다. 1) 위반행위가 사소한 부주의나 오류로 인한 것으로 인정되는 경우 2) 위반의 내용ㆍ정도가 경미하여 공정거래위원회의 업무에 피해가 적다고 인 정되는 경우 3) 위반행위자가 법 위반상태를 시정하거나 해소하기 위해 노력한 것으로 인 정되는 경우 4) 그 밖에 위반행위의 정도, 동기와 그 결과 등을 고려하여 감경할 필요가 있 다고 인정되는 경우 2. 개별기준 ┌─────────────────┬──────┬───────────────┐ │위반행위 │근거 법조문 │과태료 금액(단위: 만원) │ │ │ ├────┬────┬─────┤ │ │ │1차 위반│2차 위반│3차 이상 │ │ │ │ │ │위반 │ ├─────────────────┼──────┼────┼────┼─────┤ │가. 법 제32조제3항의 자료제출 │법 제130조 │10,000 │10,000 │10,000 │ │요청에 대해 정당한 이유 없이 │제1항제5호 │ │ │ │ │자료를 제출하지 않은 경우 │ │ │ │ │ ├─────────────────┼──────┼────┼────┼─────┤ │나. 법 제32조제3항의 자료제출 │법 제130조 │10,000 │10,000 │10,000 │ │요청에 대해 고의로 거짓의 자 │제1항제5호 │ │ │ │ │료를 제출한 경우 │ │ │ │ │ ├─────────────────┼──────┼────┼────┼─────┤ │다. 법 제32조제3항의 자료제출 │법 제130조 │200 │500 │1,000 │ │요청에 대해 단순 누락 또는 오 │제1항제5호 │ │ │ │ │기로 거짓의 자료를 제출한 경 │ │ │ │ │ │우 │ │ │ │ │ ├─────────────────┼──────┼────┼────┼─────┤ │라. 법 제66조를 위반하여 질서유 │법 제130조 │50 │75 │100 │ │지의 명령을 따르지 않은 경우 │제2항 │ │ │ │ ├───────┬─────────┼──────┼────┼────┼─────┤ │마. 법 제81조 │1) 사업자 또는 사 │법 제130조 │2,000 │5,000 │10,000 │ │제1항제1호 │업자단체 │제1항제6호 │ │ │ │ │를 위반하여 ├─────────┼──────┼────┼────┼─────┤ │정당한 이유 │2) 회사 또는 사업 │법 제130조 │200 │500 │1,000 │ │없이 출석하 │자단체의 임원 │제1항제6호 │ │ │ │ │지 않은 경 │또는 종업원, 그 │ │ │ │ │ │우 │밖의 이해관계 │ │ │ │ │ │ │인 │ │ │ │ │ ├───────┼─────────┼──────┼────┼────┼─────┤ │바. 법 제87조 │1) 사업자, 사업자 │법 제130조 │2,000 │5,000 │10,000 │ │제2항에 따 │단체, 공시대상 │제1항제7호 │ │ │ │ │른 자료제출 │기업집단에 속 │ │ │ │ │ │요구에 대해 │하는 회사를 지 │ │ │ │ │ │정당한 이유 │배하는 동일인 │ │ │ │ │ │없이 자료를 │이나 그 동일인 │ │ │ │ │ │제출하지 않 │의 특수관계인 │ │ │ │ │ │거나 고의로 │인 공익법인 │ │ │ │ │ │거짓의 자료 ├─────────┼──────┼────┼────┼─────┤ │를 제출한 │2) 회사ㆍ사업자 │법 제130조 │200 │500 │1,000 │ │경우 │단체ㆍ공익법인 │제1항제7호 │ │ │ │ │ │의 임원 또는 종 │ │ │ │ │ │ │업원, 그 밖의 │ │ │ │ │ │ │이해관계인 │ │ │ │ │ ├───────┼─────────┼──────┼────┼────┼─────┤ │사. 법 제87조 │1) 사업자, 사업자 │법 제130조 │200 │500 │1,000 │ │제2항에 따 │단체, 공시대상 │제1항제7호 │ │ │ │ │른 자료제출 │기업집단에 속 │ │ │ │ │ │요구에 대해 │하는 회사를 지 │ │ │ │ │ │단순누락 또 │배하는 동일인 │ │ │ │ │ │는 오기로 │이나 그 동일인 │ │ │ │ │ │거짓의 자료 │의 특수관계인 │ │ │ │ │ │를 제출한 │인 공익법인 │ │ │ │ │ │경우 ├─────────┼──────┼────┼────┼─────┤ │ │2) 회사ㆍ사업자 │법 제130조 │20 │50 │100 │ │ │단체ㆍ공익법인 │제1항제7호 │ │ │ │ │ │의 임원 또는 종 │ │ │ │ │ │ │업원, 그 밖의 │ │ │ │ │ │ │이해관계인 │ │ │ │ │ └───────┴─────────┴──────┴────┴────┴─────┘",2026-09-26 06:25
소비자생활협동조합법 시행령,생협법 시행령,대통령령,제19조(과태료의 부과기준),과태료,20260324,제19조(과태료의 부과기준) 법 제88조제1항부터 제3항까지의 규정에 따른 과태료의 부과기준은 별표와 같다.,,,,,,,2026-09-26 06:25
독점규제 및 공정거래에 관한 법률 시행령,공정거래법 시행령,대통령령,제86조(과징금 납부기한의 연기 및 분할납부의 기준),과징금,20260324,"제86조(과징금 납부기한의 연기 및 분할납부의 기준) ① 법 제103조제1항에서 ""대통령령으로 정하는 기준""이란 다음 각 호에서 규정된 매출액에 100분의 1을 곱한 금액 또는 10억원을 말한다. 1. 법 제8조 본문 2. 법 제43조 본문 3. 법 제50조제1항 본문 4. 법 제50조제2항 5. 법 제53조제2항 본문 및 제3항 본문 ② 법 제103조제1항에 따른 납부기한의 연기는 그 납부기한의 다음 날부터 2년을 초과할 수 없다. ③ 법 제103조제1항에 따른 분할납부의 경우 각 분할된 납부기한 간의 간격은 6개월을 초과할 수 없으며, 분할 횟수는 6회를 초과할 수 없다. ④ 공정거래위원회는 법 제103조제1항제3호에 따라 과징금의 납부기간을 연기하거나 분할납부하게 하는 경우 다음 각 호의 사항을 고려해야 한다. 1. 납부기한 연기 또는 분할납부 신청 당시 과징금을 부과받은 자에게 직전 3개 사업연도 동안 연속하여 당기 순손실이 발생하였는지 여부 2. 납부기한 연기 또는 분할납부 신청 당시 과징금을 부과받은 자가 자본총액의 2배를 초과하는 부채를 보유하고 있는지 여부 3. 그 밖에 제1호 또는 제2호의 경우와 유사한 사유로서 공정거래위원회가 정하여 고시하는 사항 ⑤ 법 제103조제2항에 따른 납부기한의 연기나 분할납부의 신청은 공정거래위원회가 정하여 고시하는 서식에 따른다.",,,,,,,2026-09-26 06:25
소비자생활협동조합법,생협법,법률,제87조(양벌규정),양벌규정,20251002,"제87조(양벌규정) 조합등의 임직원 또는 청산인이 그 조합등의 업무에 관하여 제85조의 위반행위를 하면 그 행위자를 벌하는 외에 그 조합등에도 해당 조문의 벌금형을 과(科)한다. 다만, 조합등이 그 위반행위를 방지하기 위하여 해당 업무에 관하여 상당한 주의와 감독을 게을리하지 아니한 경우에는 그러하지 아니하다.",,,,,,,2026-09-26 06:25
소비자생활협동조합법,생협법,법률,제88조(과태료),과태료,20251002,"제88조(과태료) ① 제4조제2항을 위반한 자에게는 500만원 이하의 과태료를 부과한다. ② 조합등이 다음 각 호의 규정을 위반한 경우에는 300만원 이하의 과태료를 부과한다. <개정 2016.3.29> 1. 제4조제3항을 위반하여 조합이 개설한 의료기관임을 표시하지 아니한 경우 2. 제15조제2항(제59조 및 제71조에 따라 준용되는 경우를 포함한다)을 위반하여 조합원 1인의 출자좌수가 조합의 총 출자좌수의 100분의 20(제59조 및 제71조에 따라 준용되는 경우에는 100분의 40)을 초과하게 한 경우 3. 제16조제1항을 위반하여 출자좌수에 따라 조합원의 의결권ㆍ선거권에 차등을 둔 경우 4. 제46조제1항 또는 제67조제1항(제78조에 따라 준용되는 경우를 포함한다)을 위반하여 조합원 또는 회원이 아닌 자에게 조합 또는 연합회의 사업을 이용하게 한 경우 ③ 조합등의 임직원 또는 청산인이 다음 각 호의 어느 하나에 해당하는 때에는 100만원 이하의 과태료를 부과한다. <개정 2016.3.29, 2025.4.1> 1. 등기를 게을리 한 때 2. 감독기관 또는 총회에 대하여 거짓의 진술 또는 보고를 하거나 사실을 은폐한 때 3. 감독기관의 검사를 거부ㆍ방해 또는 기피한 때 3의2. 제44조(제64조 및 제76조에 따라 준용되는 경우를 포함한다)를 위반하여 서류를 비치하지 아니한 때 4. 제47조제5항을 위반하여 조합원이 아닌 자에게 보건ㆍ의료서비스를 제공함으로써 발생한 매출에 관한 회계와 조합원에게 보건ㆍ의료서비스를 제공함으로써 발생한 매출에 관한 회계를 구분하여 계산하지 아니한 때 5. 제48조의2제1항을 위반하여 경영공시를 하지 아니한 때 6. 제48조의2제3항에 따른 자료제출 요구에 대하여 정당한 사유 없이 자료를 제출하지 아니한 때 ④ 제1항부터 제3항까지의 규정에 따른 과태료는 대통령령으로 정하는 바에 따라 공정거래위원회 또는 시ㆍ도지사가 부과ㆍ징수한다.",,,500만원 이하의 과태료 / 300만원 이하의 과태료 / 100만원 이하의 과태료,,,,2026-09-26 06:25
소비자생활협동조합법,생협법,법률,제86조(벌칙),벌칙(형사처벌),20251002,"제86조(벌칙) ① 다음 각 호의 어느 하나에 해당하는 사람은 2년 이하의 징역 또는 2천만원 이하의 벌금에 처한다. <개정 2014.10.15> 1. 제7조제2항을 위반하여 공직선거에 관여한 자 2. 제33조제1항(제64조 또는 제76조에 따라 준용되는 경우를 포함한다)을 위반하여 선거운동을 한 자 ② 다음 각 호의 어느 하나에 해당하는 자는 1년 이하의 징역 또는 1천만원 이하의 벌금에 처한다. <개정 2014.10.15> 1. 제33조제2항(제64조 또는 제76조에 따라 준용되는 경우를 포함한다)을 위반하여 호별 방문을 하거나 특정장소에 모이게 한 자 2. 제33조제4항(제64조 또는 제76조에 따라 준용되는 경우를 포함한다)을 위반하여 선거운동을 한 자 ③ 제33조제3항(제64조 또는 제76조에 따라 준용되는 경우를 포함한다)을 위반하여 거짓 사실을 공표하거나 공연히 사실을 적시하여 후보자를 비방한 자는 300만원 이상 2천만원 이하의 벌금에 처한다. ④ 제1항부터 제3항까지에 규정된 죄의 공소시효는 해당 선거일 후 6개월을 경과함으로써 완성한다. 다만, 범인이 도피한 때에는 그 기간을 3년으로 한다.",2년 이하의 징역 / 1년 이하의 징역,2천만원 이하의 벌금 / 1천만원 이하의 벌금,,,,,2026-09-26 06:25
소비자생활협동조합법,생협법,법률,제85조(벌칙),벌칙(형사처벌),20251002,"제85조(벌칙) ① 조합등의 임직원 또는 청산인이 조합의 사업목적 외에 조합의 자금을 사용하거나 재산을 처분 또는 이용하여 조합에 손해를 끼친 때에는 10년 이하의 징역 또는 3천만원 이하의 벌금에 처하거나 이를 병과(倂科)할 수 있다. ② 조합등의 임직원 또는 청산인이 다음 각 호의 어느 하나에 해당하는 행위를 한 때에는 3년 이하의 징역 또는 3천만원 이하의 벌금에 처한다. <개정 2014.10.15, 2016.3.29> 1. 감독기관의 인가를 받아야 할 사항에 대하여 인가를 받지 아니한 때 2. 제46조제3항, 제48조제1항, 제49조부터 제51조까지, 제55조 및 제56조 단서를 위반한 때 3. 거짓 또는 부정한 방법으로 등기를 한 때 4. 이 법에 따라 총회의 의결을 얻어야 하는 사항에 대하여 의결을 얻지 아니하고 집행한 때",10년 이하의 징역 / 3년 이하의 징역,3천만원 이하의 벌금,,,,,2026-09-26 06:25
중대재해 처벌 등에 관한 법률 시행령,중대재해처벌법 시행령,대통령령,제7조(과태료의 부과기준),과태료,20251001,제7조(과태료의 부과기준) 법 제8조제2항에 따른 과태료의 부과기준은 별표 4와 같다.,,,,,과태료의 부과기준(제7조 관련),"[과태료의 부과기준(제7조 관련)]
■ 중대재해 처벌 등에 관한 법률 시행령 [별표 4] 과태료의 부과기준(제7조 관련) 1. 일반기준 가. 위반행위의 횟수에 따른 과태료의 가중된 부과기준은 최근 1년간 같은 위반 행위로 과태료 부과처분을 받은 경우에 적용한다. 이 경우 기간의 계산은 위 반행위에 대해 과태료 부과처분을 받은 날과 그 처분 후 다시 같은 위반행위 를 하여 적발된 날을 기준으로 한다. 나. 가목에 따라 가중된 부과처분을 하는 경우 가중처분의 적용 차수는 그 위반 행위 전 부과처분 차수(가목에 따른 기간 내에 과태료 부과처분이 둘 이상 있 었던 경우에는 높은 차수를 말한다)의 다음 차수로 한다. 다. 부과권자는 다음의 어느 하나에 해당하는 경우에는 제3호의 개별기준에 따 른 과태료(제2호에 따라 과태료 감경기준이 적용되는 사업 또는 사업장의 경 우에는 같은 호에 따른 감경기준에 따라 산출한 금액을 말한다)의 2분의 1 범 위에서 그 금액을 줄여 부과할 수 있다. 다만, 과태료를 체납하고 있는 위반행 위자에 대해서는 그렇지 않다. 1) 위반행위자가 자연재해ㆍ화재 등으로 재산에 현저한 손실을 입었거나 사업 여건의 악화로 사업이 중대한 위기에 처하는 등의 사정이 있는 경우 2) 위반행위가 사소한 부주의나 오류로 인한 것으로 인정되는 경우 3) 위반행위자가 법 위반상태를 시정하거나 해소하기 위해 노력한 것이 인정 되는 경우 4) 그 밖에 위반행위의 정도, 위반행위의 동기와 그 결과 등을 고려하여 과태 료 금액을 줄일 필요가 있다고 인정되는 경우 2. 사업ㆍ사업장의 규모나 공사 규모에 따른 과태료 감경기준 상시근로자 수가 50명 미만인 사업 또는 사업장이거나 공사금액이 50억원 미만 인 건설공사의 사업 또는 사업장인 경우에는 제3호의 개별기준에도 불구하고 그 과태료의 2분의 1 범위에서 감경할 수 있다. 3. 개별기준 ┌─────────────────┬──────┬──────────────┐ │위반행위 │근거 법조문 │과태료 │ │ │ ├───┬───┬──────┤ │ │ │1차 │2차 │3차 │ │ │ │위반 │위반 │이상 │ │ │ │ │ │위반 │ ├─────────────────┼──────┼───┼───┼──────┤ │법 제8조제1항을 위반하여 경영책임 │법 │1 │3 │5 │ │자등이 안전보건교육을 정당한 사유 │제8조제2항 │천만원│천만원│천만원 │ │없이 이행하지 않은 경우 │ │ │ │ │ └─────────────────┴──────┴───┴───┴──────┘",2026-09-26 06:25
대규모유통업에서의 거래 공정화에 관한 법률,대규모유통업법,법률,제35조(과징금),과징금,20250121,"제35조(과징금) ① 공정거래위원회는 제6조제1항부터 제3항까지, 제7조부터 제10조까지, 제11조제1항부터 제4항까지, 제12조부터 제14조까지, 제14조의2, 제15조, 제15조의2, 제16조부터 제18조까지의 규정을 위반한 대규모유통업자에게 대통령령으로 정하는 산출방식에 따른 납품대금이나 연간 임대료를 초과하지 아니하는 범위에서 과징금을 부과할 수 있다. 다만, 매출액을 산정하기 곤란한 경우 등에는 5억원을 초과하지 아니하는 범위에서 과징금을 부과할 수 있다. <개정 2018.3.13, 2023.8.8> ② 제1항의 과징금은 위반행위를 규정한 조문별로 산정하되, 그 합계가 제1항에 따라 대통령령으로 정하는 산출방식에 따른 납품대금이나 연간 임대료의 2배를 초과할 수 없다. ③ 제1항에 따른 과징금의 부과ㆍ징수에 관하여는 「독점규제 및 공정거래에 관한 법률」 제102조부터 제107조까지의 규정을 준용한다. <개정 2020.12.29>",,,,,,,2026-09-26 06:25
대규모유통업에서의 거래 공정화에 관한 법률,대규모유통업법,법률,제40조(양벌규정),양벌규정,20250121,"제40조(양벌규정) 법인의 대표자나 법인 또는 개인의 대리인ㆍ사용인이나 그 밖의 종업원이 그 법인 또는 개인의 업무에 관하여 제39조 제1항 또는 제2항에 해당하는 위반행위를 하면 그 행위자를 벌하는 외에 그 법인 또는 개인에게도 해당 조문의 벌금형을 과(科)한다. 다만, 법인 또는 개인이 그 위반행위를 방지하기 위하여 해당 업무에 관하여 상당한 주의와 감독을 게을리하지 아니한 경우에는 그러하지 아니하다.",,,,,,,2026-09-26 06:25
대규모유통업에서의 거래 공정화에 관한 법률,대규모유통업법,법률,제39조(벌칙),벌칙(형사처벌),20250121,"제39조(벌칙) ① 다음 각 호의 어느 하나에 해당하는 자는 2년 이하의 징역 또는 1억 5천만원 이하의 벌금에 처한다. <개정 2023.8.8> 1. 제13조를 위반하여 납품업자등에게 배타적 거래를 하도록 하거나 납품업자등이 다른 사업자와 거래하는 것을 방해한 자 2. 제14조제1항을 위반하여 납품업자등에게 정보 제공을 요구한 자 3. 제14조의2를 위반하여 납품업자등의 경영활동을 간섭하는 행위를 하거나, 계열회사 또는 다른 사업자로 하여금 이를 행하도록 하는 행위를 한 자 4. 제18조를 위반하여 납품업자등에게 불리하게 계약조건을 변경하는 행위, 납품이나 매장 임차의 기회를 제한하는 행위 또는 계약의 이행과정에서 불이익을 주는 행위를 한 자 5. 제32조에 따른 시정명령에 따르지 아니한 자 ② 제38조제3항에 따라 준용되는 「독점규제 및 공정거래에 관한 법률」 제81조제1항제2호에 따른 감정을 거짓으로 한 자는 1억원 이하의 벌금에 처한다. <개정 2020.12.29> ③ 제38조제5항에 따라 준용되는 「독점규제 및 공정거래에 관한 법률」 제119조를 위반하여 비밀을 누설하거나 이 법의 시행을 위한 목적 외에 그 비밀을 이용한 사람은 2년 이하의 징역 또는 200만원 이하의 벌금에 처한다. <개정 2020.12.29>",2년 이하의 징역,1억 5천만원 이하의 벌금 / 1억원 이하의 벌금 / 200만원 이하의 벌금,,,,,2026-09-26 06:25
대리점거래의 공정화에 관한 법률,대리점법,법률,제30조(벌칙),벌칙(형사처벌),20250121,"제30조(벌칙) ① 다음 각 호의 어느 하나에 해당하는 자는 2년 이하의 징역 또는 1억5천만원 이하의 벌금에 처한다. <개정 2018.3.27> 1. 제6조를 위반하여 구입강제행위를 한 자 2. 제7조를 위반하여 경제상 이익 제공을 강요하는 행위를 한 자 3. 제8조를 위반하여 판매목표 강제 행위를 한 자 4. 제9조를 위반하여 불이익 제공 행위를 한 자 5. 제10조를 위반하여 경영활동 간섭 행위를 한 자 6. 제11조를 위반하여 주문내역의 확인요청 거부 또는 회피행위를 한 자 7. 제12조를 위반하여 불이익을 주는 행위를 한 자 8. 제23조에 따른 시정조치의 명령에 따르지 아니한 자 ② 제27조제4항에 따라 준용되는 「독점규제 및 공정거래에 관한 법률」 제119조를 위반하여 비밀을 누설하거나 이 법의 시행을 위한 목적 외에 그 비밀을 이용한 사람은 2년 이하의 징역 또는 2천만원 이하의 벌금에 처한다. <개정 2019.11.26, 2020.12.29> ③ 제1항의 징역형과 벌금형은 이를 병과할 수 있다.",2년 이하의 징역,1억5천만원 이하의 벌금 / 2천만원 이하의 벌금,,,,,2026-09-26 06:25
대규모유통업에서의 거래 공정화에 관한 법률,대규모유통업법,법률,제41조(과태료),과태료,20250121,"제41조(과태료) ① 대규모유통업자가 제1호부터 제4호까지의 규정에 해당하는 경우에는 1억원 이하, 제5호에 해당하는 경우에는 2억원 이하의 과태료를 각각 부과한다. <개정 2018.4.17, 2020.12.29> 1. 제30조제2항에 따른 자료를 제출하지 아니하거나 거짓의 자료를 제출한 자 2. 제30조제4항을 위반하여 납품업자등으로 하여금 자료를 제출하지 아니하게 하거나 거짓 자료를 제출하도록 요구한 자 3. 제38조제3항에 따라 준용되는 「독점규제 및 공정거래에 관한 법률」 제81조제1항제1호를 위반하여 정당한 사유 없이 출석하지 아니한 자 4. 제38조제3항에 따라 준용되는 「독점규제 및 공정거래에 관한 법률」 제81조제1항제3호 또는 같은 조 제6항에 따른 보고 또는 필요한 자료나 물건을 제출하지 아니하거나 거짓으로 보고 또는 자료나 물건을 제출한 자 5. 제38조제3항에 따라 준용되는 「독점규제 및 공정거래에 관한 법률」 제81조제2항 및 제3항에 따른 조사를 거부ㆍ방해 또는 기피한 자 ② 대규모유통업자의 임원이 제1항제5호에 해당하는 경우에는 5천만원 이하, 같은 항 제1호부터 제4호까지의 규정에 해당하는 경우에는 1천만원 이하의 과태료를 각각 부과한다. <개정 2018.4.17> ③ 대규모유통업자의 종업원이나 그 밖의 이해관계인이 제1항제5호에 해당하는 경우에는 5천만원 이하, 같은 항 제1호, 제3호 또는 제4호에 해당하는 경우에는 1천만원 이하, 같은 항 제2호에 해당하는 경우에는 500만원 이하의 과태료를 각각 부과한다. <신설 2018.4.17> ④ 제6조제8항을 위반하여 계약서 등 중요 서류를 보관하지 아니한 자는 1천만원 이하의 과태료를 부과한다. <개정 2018.4.17> ⑤ 제38조제1항에 따라 준용되는 「독점규제 및 공정거래에 관한 법률」 제66조에 위반하여 질서유지의 명령을 따르지 아니한 사람에게는 100만원 이하의 과태료를 부과한다. <개정 2018.4.17, 2020.12.29> ⑥ 제1항부터 제5항까지의 규정에 따른 과태료는 대통령령으로 정하는 바에 따라 공정거래위원회가 부과ㆍ징수한다. <개정 2018.4.17>",,,2억원 이하의 과태료 / 1천만원 이하의 과태료 / 500만원 이하의 과태료 / 100만원 이하의 과태료,,,,2026-09-26 06:25
대리점거래의 공정화에 관한 법률,대리점법,법률,제31조(양벌규정),양벌규정,20250121,"제31조(양벌규정) 법인의 대표자나 법인 또는 개인의 대리인, 사용인, 그 밖의 종업원이 그 법인 또는 개인의 업무에 관하여 제30조에 해당하는 위반행위를 하면 그 행위자를 벌하는 외에 그 법인 또는 개인에게도 해당 조문의 벌금형을 과(科)한다. 다만, 법인 또는 개인이 그 위반행위를 방지하기 위하여 해당 업무에 관하여 상당한 주의와 감독을 게을리하지 아니한 경우에는 그러하지 아니하다.",,,,,,,2026-09-26 06:25
대리점거래의 공정화에 관한 법률,대리점법,법률,제32조(과태료),과태료,20250121,"제32조(과태료) ① 공급업자가 제1호에 해당하는 경우에는 2억원 이하, 제2호 또는 제3호에 해당하는 경우에는 1억원 이하, 제4호에 해당하는 경우에는 5천만원 이하, 제5호에 해당하는 경우에는 1천만원 이하, 제6호에 해당하는 경우에는 2천만원 이하의 과태료를 부과한다. <개정 2018.1.16, 2020.12.29> 1. 제27조제2항에 따라 준용되는 「독점규제 및 공정거래에 관한 법률」 제81조제2항 및 제3항에 따른 조사를 정당한 사유 없이 거부ㆍ방해 또는 기피한 자 2. 제27조제2항에 따라 준용되는 「독점규제 및 공정거래에 관한 법률」 제81조제1항제1호를 위반하여 정당한 사유 없이 2회 이상 출석하지 아니한 자 3. 제27조제2항에 따라 준용되는 「독점규제 및 공정거래에 관한 법률」 제81조제1항제3호 또는 같은 조 제6항에 따른 보고 또는 필요한 자료나 물건의 제출을 정당한 사유 없이 하지 아니하거나, 거짓의 보고 또는 자료나 물건을 제출한 자 4. 제5조제1항 또는 제2항을 위반한 자 5. 제5조제3항을 위반한 자 6. 제27조의2제2항에 따른 자료를 제출하지 아니하거나 거짓의 자료를 제출한 자 ② 공급업자의 임원 또는 종업원이나 그 밖의 이해관계인이 제1항제1호에 해당하는 경우에는 5천만원 이하, 같은 항 제2호 또는 제3호에 해당하는 경우에는 1천만원 이하, 같은 항 제6호에 해당하는 경우에는 500만원 이하의 과태료를 부과한다. <개정 2018.1.16> ③ 제27조제1항에 따라 준용되는 「독점규제 및 공정거래에 관한 법률」 제66조에 따른 질서유지명령에 응하지 아니한 자에게는 100만원 이하의 과태료를 부과한다. <개정 2020.12.29> ④ 제1항부터 제3항까지의 규정에 따른 과태료는 대통령령으로 정하는 바에 따라 공정거래위원회가 부과ㆍ징수한다.",,,2천만원 이하의 과태료 / 500만원 이하의 과태료 / 100만원 이하의 과태료,,,,2026-09-26 06:25
가맹사업거래의 공정화에 관한 법률,가맹사업법,법률,제43조(과태료),과태료,20250121,"제43조(과태료) ①가맹본부가 제3호 또는 제4호의 규정에 해당하는 경우에는 1억원이하, 제1호, 제1호의2 또는 제2호의 규정에 해당하는 경우에는 5천만원 이하의 과태료를 부과한다. <개정 2007.8.3, 2013.8.13, 2018.4.17, 2020.12.29> 1. 제32조의2제2항에 따른 자료를 제출하지 아니하거나 거짓의 자료를 제출한 자 1의2. 제32조의2제4항을 위반하여 가맹점사업자로 하여금 자료를 제출하지 아니하게 하거나 거짓 자료를 제출하도록 요구한 자 2. 제37조제1항의 규정에 의하여 준용되는 「독점규제 및 공정거래에 관한 법률」 제81조제1항제1호를 위반하여 정당한 사유 없이 2회이상 출석하지 아니한 자 3. 제37조제1항의 규정에 의하여 준용되는 「독점규제 및 공정거래에 관한 법률」 제81조제1항제3호 또는 같은 조 제6항에 따른 보고 또는 필요한 자료나 물건의 제출을 정당한 사유없이 하지 아니하거나, 허위의 보고 또는 자료나 물건을 제출한 자 4. 제37조제1항의 규정에 의하여 준용되는 「독점규제 및 공정거래에 관한 법률」 제81조제2항 및 제3항에 따른 조사를 정당한 사유없이 거부ㆍ방해 또는 기피한 자 ② 삭제 <2018.4.17> ③ 가맹본부의 임원이 제1항제3호에 해당하는 경우에는 5천만원 이하, 같은 항 제1호, 제1호의2 또는 제2호에 해당하는 경우에는 1천만원 이하의 과태료를 부과한다. <개정 2018.4.17> ④ 가맹본부의 종업원 또는 이에 준하는 법률상 이해관계에 있는 자가 제1항제3호에 해당하는 경우에는 5천만원 이하, 같은 항 제2호에 해당하는 경우에는 1천만원 이하, 같은 항 제1호 또는 제1호의2에 해당하는 경우에는 500만원 이하의 과태료를 부과한다. <개정 2018.4.17> ⑤제37조제1항의 규정에 의하여 준용되는 「독점규제 및 공정거래에 관한 법률」 제66조에 따른 질서유지명령에 응하지 아니한 자는 100만원 이하의 과태료에 처한다. <개정 2007.8.3, 2020.12.29> ⑥다음 각 호의 어느 하나에 해당하는 자에게는 1천만원 이하의 과태료를 부과한다. <개정 2007.8.3, 2013.8.13, 2022.1.4> 1. 제6조의2제2항 본문을 위반하여 기한 내에 변경등록을 하지 아니하거나 거짓으로 변경등록을 한 자 2. 제9조제3항을 위반하여 같은 항 각 호의 어느 하나에 해당하는 정보를 서면으로 제공하지 아니한 자 3. 제9조제4항을 위반하여 근거자료를 비치하지 아니하거나 자료요구에 응하지 아니한 자 4. 제9조제5항을 위반하여 예상매출액 산정서를 제공하지 아니한 자 5. 제9조제6항을 위반하여 예상매출액 산정서를 보관하지 아니한 자 6. 제11조제3항을 위반하여 가맹계약서를 보관하지 아니한 자 7. 제12조의6제2항을 위반하여 광고 또는 판촉행사 비용의 집행 내역을 통보하지 아니하거나 열람 요구에 응하지 아니한 자 ⑦다음 각 호의 어느 하나에 해당하는 자에게는 300만원 이하의 과태료를 부과한다. <개정 2007.8.3, 2013.8.13, 2022.1.4> 1. 제6조의2제2항 단서를 위반하여 신고를 하지 아니하거나 거짓으로 신고한 자 2. 제29조제4항을 위반하여 가맹거래사임을 표시하거나 유사한 용어를 사용한 자 ⑧제1항부터 제7항까지의 규정에 따른 과태료는 대통령령으로 정하는 바에 따라 공정거래위원회가 부과ㆍ징수한다. <신설 2007.8.3> ⑨ 삭제 <2010.3.22> ⑩ 삭제 <2010.3.22> ⑪ 삭제 <2010.3.22>",,,5천만원 이하의 과태료 / 1천만원 이하의 과태료 / 500만원 이하의 과태료 / 100만원 이하의 과태료 / 300만원 이하의 과태료,,,,2026-09-26 06:25
가맹사업거래의 공정화에 관한 법률,가맹사업법,법률,제42조(양벌규정),양벌규정,20250121,"제42조(양벌규정) 법인의 대표자나 법인 또는 개인의 대리인, 사용인, 그 밖의 종업원이 그 법인 또는 개인의 업무에 관하여 제41조의 위반행위를 하면 그 행위자를 벌하는 외에 그 법인 또는 개인에게도 해당 조문의 벌금형을 과(科)한다. 다만, 법인 또는 개인이 그 위반행위를 방지하기 위하여 해당 업무에 관하여 상당한 주의와 감독을 게을리하지 아니한 경우에는 그러하지 아니하다.",,,,,,,2026-09-26 06:25
대리점거래의 공정화에 관한 법률,대리점법,법률,제25조(과징금),과징금,20250121,"제25조(과징금) ① 공정거래위원회는 제6조부터 제12조까지를 위반하는 행위가 있을 때에는 해당 사업자에 대하여 대통령령으로 정하는 법 위반 금액을 초과하지 아니하는 범위에서 과징금을 부과할 수 있다. 다만, 법 위반 금액을 산정하기 곤란한 경우 등에는 5억원을 초과하지 아니하는 범위에서 과징금을 부과할 수 있다. ② 제1항에 따른 과징금의 부과ㆍ징수에 관하여는 「독점규제 및 공정거래에 관한 법률」 제102조부터 제107조까지의 규정을 준용한다. <개정 2020.12.29>",,,,,,,2026-09-26 06:25
가맹사업거래의 공정화에 관한 법률,가맹사업법,법률,제35조(과징금),과징금,20250121,"제35조(과징금) ① 공정거래위원회는 제6조의5제1항ㆍ제4항, 제7조제3항, 제9조제1항, 제10조제1항, 제11조제1항ㆍ제2항, 제12조제1항, 제12조의2제1항ㆍ제2항, 제12조의3제1항ㆍ제2항, 제12조의4, 제12조의5, 제12조의6제1항, 제14조의2제5항, 제15조의2제3항ㆍ제6항을 위반한 가맹본부에 대하여 대통령령으로 정하는 매출액(대통령령으로 정하는 사업자의 경우에는 영업수익을 말한다. 이하 같다)에 100분의 2를 곱한 금액을 초과하지 아니하는 범위에서 과징금을 부과할 수 있다. 다만, 그 위반행위를 한 가맹본부가 매출액이 없거나 매출액의 산정이 곤란한 경우로서 대통령령으로 정하는 경우에는 5억원을 초과하지 아니하는 범위에서 과징금을 부과할 수 있다. <개정 2016.3.29, 2018.1.16> ② 공정거래위원회는 제1항에 따라 과징금을 부과하는 경우에는 다음 각 호의 사항을 고려하여야 한다. 1. 위반행위의 내용 및 정도 2. 위반행위의 기간 및 횟수 3. 위반행위로 취득한 이익의 규모 등 ③ 이 법을 위반한 회사인 가맹본부가 합병을 하는 경우에는 그 가맹본부가 한 위반행위는 합병 후 존속하거나 합병으로 설립되는 회사가 한 위반행위로 보아 과징금을 부과ㆍ징수할 수 있다. ④ 공정거래위원회는 이 법을 위반한 회사인 가맹본부가 분할되거나 분할합병되는 경우 분할되는 가맹본부의 분할일 또는 분할합병일 이전의 위반행위를 다음 각 호의 어느 하나에 해당하는 회사의 행위로 보고 과징금을 부과ㆍ징수할 수 있다. 1. 분할되는 회사 2. 분할 또는 분할합병으로 설립되는 새로운 회사 3. 분할되는 회사의 일부가 다른 회사에 합병된 후 그 다른 회사가 존속하는 경우 그 다른 회사 ⑤ 공정거래위원회는 이 법을 위반한 회사인 가맹본부가 「채무자 회생 및 파산에 관한 법률」 제215조에 따라 신회사를 설립하는 경우에는 기존 회사 또는 신회사 중 어느 하나의 행위로 보고 과징금을 부과ㆍ징수할 수 있다. ⑥ 제1항에 따른 과징금의 부과기준은 대통령령으로 정한다.",,,,,,,2026-09-26 06:25
표시ㆍ광고의 공정화에 관한 법률,표시광고법,법률,제20조(과태료),과태료,20250121,"제20조(과태료) ① 제16조제2항에 따라 준용되는 「독점규제 및 공정거래에 관한 법률」 제81조제2항 및 제3항에 따른 조사를 거부ㆍ방해 또는 기피한 경우 사업자등에게는 2억원 이하의 과태료를 부과하고, 법인 또는 사업자단체의 임원이나 종업원 또는 그 밖의 이해관계인에게는 5천만원 이하의 과태료를 부과한다. <신설 2018.6.12, 2020.12.29> ② 사업자등이 다음 각 호의 어느 하나에 해당하는 경우에는 1억원 이하의 과태료를 부과하고, 법인 또는 사업자단체의 임원이나 종업원 또는 그 밖의 이해관계인이 다음 각 호의 어느 하나에 해당하는 경우에는 1천만원 이하의 과태료를 부과한다. <개정 2018.6.12, 2020.12.29> 1. 제4조제5항을 위반하여 고시된 중요정보를 표시ㆍ광고하지 아니한 경우 2. 제5조제3항을 위반하여 실증자료를 제출하지 아니한 경우 3. 제5조제5항을 위반하여 표시ㆍ광고 행위를 중지하지 아니한 경우 4. 제8조제1항을 위반하여 임시중지명령에 따르지 아니한 경우 5. 삭제<2018.6.12> 6. 제16조제2항에 따라 준용되는 「독점규제 및 공정거래에 관한 법률」 제81조제1항제1호를 위반하여 정당한 사유 없이 출석하지 아니한 경우 7. 제16조제2항에 따라 준용되는 「독점규제 및 공정거래에 관한 법률」 제81조제1항제3호 또는 같은 조 제6항에 따른 보고 또는 필요한 자료나 물건의 제출을 하지 아니하거나 거짓으로 보고하거나 거짓 자료ㆍ물건을 제출한 경우 8. 삭제<2018.6.12> ③ 제14조제5항에 따른 시정명령에 따르지 아니한 경우 사업자등에게는 3천만원 이하의 과태료를 부과하고, 법인 또는 사업자단체의 임원이나 종업원 또는 그 밖의 이해관계인에게는 3백만원 이하의 과태료를 부과한다. <신설 2018.6.12> ④ 제16조제1항에 따라 준용되는 「독점규제 및 공정거래에 관한 법률」 제66조에 따른 질서유지명령에 따르지 아니한 자에게는 100만원 이하의 과태료를 부과한다. <개정 2018.6.12, 2020.12.29> ⑤ 제1항부터 제4항까지에 따른 과태료는 대통령령으로 정하는 바에 따라 공정거래위원회가 부과ㆍ징수한다. <개정 2018.6.12>",,,2억원 이하의 과태료 / 5천만원 이하의 과태료 / 1억원 이하의 과태료 / 1천만원 이하의 과태료 / 3천만원 이하의 과태료 / 만원 이하의 과태료 / 100만원 이하의 과태료,,,,2026-09-26 06:25
표시ㆍ광고의 공정화에 관한 법률,표시광고법,법률,제19조(양벌규정),양벌규정,20250121,"제19조(양벌규정) 법인(법인격 없는 단체를 포함한다. 이하 이 조에서 같다)의 대표자나 법인 또는 개인의 대리인, 사용인, 그 밖의 종업원이 그 법인 또는 개인의 업무에 관하여 제17조의 위반행위를 하면 그 행위자를 벌하는 외에 그 법인 또는 개인에게도 해당 조문의 벌금형을 과(科)한다. 다만, 법인 또는 개인이 그 위반행위를 방지하기 위하여 해당 업무에 관하여 상당한 주의와 감독을 게을리하지 아니한 경우에는 그러하지 아니하다.",,,,,,,2026-09-26 06:25
방문판매 등에 관한 법률,방문판매법,법률,제51조(과징금),과징금,20250121,제51조(과징금) ① 공정거래위원회는 제49조제4항에 따른 영업정지를 갈음하여 해당 사업자에 대하여 대통령령으로 정하는 위반행위 관련 매출액을 초과하지 아니하는 범위에서 과징금을 부과할 수 있다. 이 경우 관련 매출액이 없거나 이를 산정할 수 없는 등의 경우에는 5천만원을 초과하지 아니하는 범위에서 과징금을 부과할 수 있다. ② 공정거래위원회는 제1항에 따른 과징금을 부과할 때 다음 각 호의 사항을 고려하여야 한다. 1. 위반행위로 인한 소비자피해 정도 2. 소비자피해에 대한 사업자의 보상노력 정도 3. 위반행위로 취득한 이익의 규모 4. 위반행위의 내용ㆍ기간 및 횟수 등 ③ 공정거래위원회는 이 법을 위반한 사업자인 회사의 합병이 있는 경우에는 그 회사가 한 위반행위를 합병 후 존속하거나 합병으로 새로 설립된 회사가 한 행위로 보아 과징금을 부과ㆍ징수할 수 있다. ④ 삭제 <2018.6.12> ⑤ 제1항에 따른 과징금의 부과기준은 대통령령으로 정한다.,,,,,,,2026-09-26 06:25
방문판매 등에 관한 법률,방문판매법,법률,제58조(벌칙),벌칙(형사처벌),20250121,제58조(벌칙) ① 다음 각 호의 어느 하나에 해당하는 자(제29조제3항에 따라 준용되는 경우를 포함한다)는 7년 이하의 징역 또는 2억원 이하의 벌금에 처한다. 이 경우 다음 각 호의 어느 하나에 해당하는 자가 이 법 위반행위와 관련하여 판매하거나 거래한 대금 총액의 3배에 해당하는 금액이 2억원을 초과할 때에는 7년 이하의 징역 또는 판매하거나 거래한 대금 총액의 3배에 해당하는 금액 이하의 벌금에 처한다. 1. 제13조제1항에 따른 등록을 하지 아니하고(제49조제5항에 따라 등록이 취소된 경우를 포함한다) 다단계판매조직이나 후원방문판매조직을 개설ㆍ관리 또는 운영한 자 2. 거짓이나 그 밖의 부정한 방법으로 제13조제1항에 따른 등록을 하고 다단계판매조직이나 후원방문판매조직을 개설ㆍ관리 또는 운영한 자 3. 제23조제1항제8호에 따른 금지행위를 한 자 4. 제24조제1항 또는 제2항에 따른 금지행위를 한 자 ② 제1항의 징역형과 벌금형은 병과(倂科)할 수 있다.,7년 이하의 징역,2억원 이하의 벌금,,,,,2026-09-26 06:25
방문판매 등에 관한 법률,방문판매법,법률,제59조(벌칙),벌칙(형사처벌),20250121,"제59조(벌칙) ① 다음 각 호의 어느 하나에 해당하는 자는 5년 이하의 징역 또는 1억 5천만원 이하의 벌금에 처한다. 다만, 제29조제3항에 따라 준용되는 경우에는 3년 이하의 징역 또는 1억원 이하의 벌금에 처한다. 1. 제22조제2항을 위반한 자 2. 제23조제1항제1호 또는 제2호에 따른 금지행위를 한 자 3. 제29조제1항에 따른 금지행위를 한 자 ② 제1항의 징역형과 벌금형은 병과할 수 있다.",5년 이하의 징역 / 3년 이하의 징역,1억 5천만원 이하의 벌금 / 1억원 이하의 벌금,,,,,2026-09-26 06:25
방문판매 등에 관한 법률,방문판매법,법률,제60조(벌칙),벌칙(형사처벌),20250121,"제60조(벌칙) ① 다음 각 호의 어느 하나에 해당하는 자는 3년 이하의 징역 또는 1억원 이하의 벌금에 처한다. 다만, 제29조제3항에 따라 준용되는 경우에는 2년 이하의 징역 또는 5천만원 이하의 벌금에 처한다. 1. 제13조제2항 또는 제3항을 위반하여 거짓으로 신고한 자 2. 제15조제5항에 따른 다단계판매원 수첩에 거짓 사실을 기재한 자 3. 제18조제2항을 위반하여 재화등의 대금을 환급하지 아니한 자 4. 제20조제3항 또는 제5항을 위반한 자 5. 제21조제1항 또는 제3항을 위반한 자 6. 제22조제1항 또는 제4항을 위반한 자 7. 제23조제1항제3호ㆍ제5호ㆍ제7호 또는 제11호에 따른 금지행위를 한 자 8. 제37조제5항을 위반하여 소비자피해보상보험계약등의 체결 또는 유지에 관하여 거짓 자료를 제출한 사업자 9. 제37조제7항을 위반하여 같은 조 제6항에 따른 표지를 사용하거나 이와 비슷한 표지를 제작 또는 사용한 자 10. 제49조제1항에 따른 시정조치명령을 따르지 아니한 자 11. 제49조제4항에 따른 영업정지명령을 위반하여 영업을 한 자 ② 제1항의 징역형과 벌금형은 병과할 수 있다.",3년 이하의 징역 / 2년 이하의 징역,1억원 이하의 벌금 / 5천만원 이하의 벌금,,,,,2026-09-26 06:25
방문판매 등에 관한 법률,방문판매법,법률,제61조(벌칙),벌칙(형사처벌),20250121,제61조(벌칙) ① 다음 각 호의 어느 하나에 해당하는 자는 2년 이하의 징역 또는 5천만원 이하의 벌금에 처한다. 1. 제11조제1항제1호ㆍ제2호 또는 제5호에 해당하는 금지행위를 한 자 2. 제34조제1항제1호ㆍ제2호 또는 제5호에 해당하는 금지행위를 한 자 ② 제1항의 징역형과 벌금형은 병과할 수 있다.,2년 이하의 징역,5천만원 이하의 벌금,,,,,2026-09-26 06:25
방문판매 등에 관한 법률,방문판매법,법률,제62조(벌칙),벌칙(형사처벌),20250121,"제62조(벌칙) 다음 각 호의 어느 하나에 해당하는 자(제29조제3항에 따라 준용되는 경우를 포함한다)는 1년 이하의 징역 또는 3천만원 이하의 벌금에 처한다. <개정 2013.5.28, 2016.3.29, 2021.4.20> 1. 제5조제1항을 위반하여 신고를 하지 아니하거나 거짓으로 신고한 자 2. 제11조제1항제3호에 따른 금지행위를 한 자 3. 제12조제1항 또는 제26조제1항을 위반하여 휴업기간 또는 영업정지기간 중에 계속하여야 할 업무를 계속하지 아니한 자 4. 제13조제7항을 위반하여 자료를 제출하지 아니하거나 거짓 자료를 제출한 자 5. 제15조제1항에 따른 등록을 하지 아니하고 실질적으로 다단계판매원으로 활동한 자 6. 제15조제2항제1호 또는 제3호부터 제7호까지의 규정에 따라 다단계판매원으로 등록할 수 없는 자임에도 불구하고 다단계판매원으로 등록한 자 7. 제15조제2항제2호를 위반하여 미성년자를 다단계판매원으로 가입시킨 다단계판매자 8. 제15조제3항에 따른 다단계판매원 등록증에 거짓 사실을 적은 자 9. 제15조제4항을 위반하여 다단계판매원 등록부를 거짓으로 작성한 자 10. 제23조제1항제9호에 따른 금지행위를 한 자 11. 제33조에 따른 재화등의 거래기록 등을 거짓으로 작성한 자",1년 이하의 징역,3천만원 이하의 벌금,,,,,2026-09-26 06:25
방문판매 등에 관한 법률,방문판매법,법률,제63조(벌칙),벌칙(형사처벌),20250121,"제63조(벌칙) 다음 각 호의 어느 하나에 해당하는 자(제29조제3항에 따라 준용되는 경우를 포함한다)는 1천만원 이하의 벌금에 처한다. 1. 제6조제3항을 위반하여 성명 등을 거짓으로 밝힌 자 2. 제7조제2항, 제16조 또는 제30조제2항에 따른 계약서를 발급할 때 거짓 내용이 적힌 계약서를 발급한 자 3. 제11조제1항제4호 또는 제7호에 따른 금지행위를 한 자 4. 제34조제1항제3호ㆍ제4호 또는 제7호에 따른 금지행위를 한 자",,1천만원 이하의 벌금,,,,,2026-09-26 06:25
방문판매 등에 관한 법률,방문판매법,법률,제64조(벌칙),벌칙(형사처벌),20250121,"제64조(벌칙) 제57조제5항에 따라 준용되는 「독점규제 및 공정거래에 관한 법률」 제119조를 위반한 자는 2년 이하의 징역 또는 200만원 이하의 벌금에 처한다. <개정 2018.6.12, 2020.12.29>",2년 이하의 징역,200만원 이하의 벌금,,,,,2026-09-26 06:25
방문판매 등에 관한 법률,방문판매법,법률,제65조(양벌규정 등),양벌규정,20250121,"제65조(양벌규정 등) ① 법인의 대표자나 법인 또는 개인의 대리인, 사용인, 그 밖의 종업원이 그 법인 또는 개인의 업무에 관하여 제58조부터 제63조까지의 어느 하나에 해당하는 위반행위를 하면 그 행위자를 벌하는 외에 그 법인 또는 개인에게도 해당 조문의 벌금형을 과(科)한다. 다만, 법인 또는 개인이 그 위반행위를 방지하기 위하여 해당 업무에 관하여 상당한 주의와 감독을 게을리하지 아니한 경우에는 그러하지 아니하다. ② 제58조부터 제63조까지의 어느 하나에 해당하는 위반행위를 한 자 또는 제1항에 따라 벌금형이 부과되는 법인 또는 개인이 이미 공정거래위원회 또는 시ㆍ도지사의 처분을 받거나 소비자의 피해를 보상한 경우에는 제58조부터 제63조까지의 규정에 따른 형을 감경하거나 면제할 수 있다.",,,,,,,2026-09-26 06:25
방문판매 등에 관한 법률,방문판매법,법률,제66조(과태료),과태료,20250121,"제66조(과태료) ① 사업자 또는 사업자단체가 제1호 또는 제2호에 해당하는 경우에는 3천만원 이하, 제3호에 해당하는 경우에는 5천만원 이하의 과태료를 부과하고, 사업자 또는 사업자단체의 임원 또는 종업원, 그 밖의 이해관계인이 제1호 또는 제2호에 해당하는 경우에는 500만원 이하, 제3호에 해당하는 경우에는 1천만원 이하의 과태료를 부과한다. <신설 2018.6.12, 2020.12.29> 1. 제57조제2항에 따라 준용되는 「독점규제 및 공정거래에 관한 법률」 제81조제1항제1호에 따른 출석처분을 받은 당사자 중 정당한 사유 없이 출석하지 아니한 자 2. 제57조제2항에 따라 준용되는 「독점규제 및 공정거래에 관한 법률」 제81조제1항제3호 또는 같은 조 제6항에 따른 보고 또는 필요한 자료나 물건을 제출하지 아니하거나 거짓으로 보고하거나 거짓 자료나 물건을 제출한 자 3. 제57조제2항에 따라 준용되는 「독점규제 및 공정거래에 관한 법률」 제81조제2항 및 제3항에 따른 조사를 거부ㆍ방해 또는 기피한 자 ② 다음 각 호의 어느 하나에 해당하는 자(제29조제3항에 따라 준용되는 경우를 포함한다)에게는 1천만원 이하의 과태료를 부과한다. <개정 2018.6.12> 1. 제9조를 위반하여 재화등의 대금을 환급하지 아니하거나 환급에 필요한 조치를 하지 아니한 자 2. 제11조제1항제6호, 제23조제1항제4호 또는 제34조제1항제6호에 따른 금지행위를 한 자 3. 제11조제1항제8호, 제23조제1항제6호 또는 제34조제1항제8호에 따른 금지행위를 한 자 4. 제13조제2항 또는 제3항을 위반하여 신고를 하지 아니한 자 5. 제15조제3항에 따른 다단계판매원 등록증 또는 같은 조 제5항에 따른 다단계판매원 수첩을 발급하지 아니한 자 6. 제15조제4항을 위반하여 다단계판매원 등록부를 작성하지 아니한 자 또는 다단계판매원의 신원을 확인할 수 있도록 하지 아니한 자 7. 제23조제1항제10호에 따른 금지행위를 한 자 8. 제32조를 위반하여 위약금을 과다하게 청구하거나 대금 환급을 거부한 자 9. 제42조제2항을 위반하여 소비자에게 전화권유판매를 한 자 10. 삭제<2018.6.12> 11. 삭제<2018.6.12> 12. 삭제<2018.6.12> ③ 다음 각 호의 어느 하나에 해당하는 자(제29조제3항에 따라 준용되는 경우를 포함한다)에게는 500만원 이하의 과태료를 부과한다. <개정 2018.6.12> 1. 제5조제2항 및 제3항에 따른 신고를 하지 아니하거나 거짓으로 신고한 자 2. 제6조제1항을 위반하여 방문판매원등의 명부를 작성하지 아니하거나 같은 조 제2항을 위반하여 방문판매원의 신원을 확인할 수 있도록 하지 아니한 자 또는 같은 조 제3항을 위반하여 성명 등을 밝히지 아니한 자 3. 제7조제2항, 제16조 또는 제30조제2항에 따른 계약서를 발급하지 아니한 자 3의2. 제7조의2제1항을 위반하여 소비자의 동의를 받아 통화내용 중 계약에 관한 사항을 계약일부터 3개월 이상 보존하지 아니하거나 같은 조 제2항을 위반하여 소비자의 통화내용 열람 요청을 따르지 아니한 자 4. 제20조제2항을 위반하여 후원수당의 산정 및 지급 기준을 변경한 자 5. 제20조제4항을 위반하여 후원수당의 산정ㆍ지급 명세 등의 열람을 허용하지 아니한 자 6. 제30조제3항을 위반하여 소비자에게 계약 종료일을 통지하지 아니한 자 7. 제33조에 따른 재화등의 거래기록 등을 소비자가 열람할 수 있도록 하지 아니한 자 ④ 제57조제1항에 따라 준용되는 「독점규제 및 공정거래에 관한 법률」 제66조를 위반하여 질서유지의 명령을 따르지 아니한 자에게는 100만원 이하의 과태료를 부과한다. <개정 2018.6.12, 2020.12.29> ⑤ 제1항부터 제4항까지에 따른 과태료는 행정청이 부과ㆍ징수한다. 다만, 다단계판매 및 후원방문판매와 관련된 규정에 따른 과태료는 공정거래위원회 또는 시ㆍ도지사가 부과ㆍ징수한다. <개정 2018.6.12> ⑥ 제1항부터 제4항까지에 따른 과태료의 부과기준은 대통령령으로 정한다. <개정 2018.6.12>",,,5천만원 이하의 과태료 / 1천만원 이하의 과태료 / 500만원 이하의 과태료 / 100만원 이하의 과태료,,,,2026-09-26 06:25
방문판매 등에 관한 법률,방문판매법,법률,제67조(과태료에 관한 규정 적용의 특례),과태료,20250121,제67조(과태료에 관한 규정 적용의 특례) 제66조의 과태료에 관한 규정을 적용할 때 제51조에 따라 과징금을 부과한 행위에 대해서는 과태료를 부과할 수 없다.,,,,,,,2026-09-26 06:25
가맹사업거래의 공정화에 관한 법률,가맹사업법,법률,제41조(벌칙),벌칙(형사처벌),20250121,"제41조(벌칙) ①제9조제1항의 규정에 위반하여 허위ㆍ과장의 정보제공행위나 기만적인 정보제공행위를 한 자는 5년 이하의 징역 또는 3억원 이하의 벌금에 처한다. <개정 2007.8.3, 2013.8.13> ②다음 각 호의 어느 하나에 해당하는 자는 3년 이하의 징역 또는 1억원 이하의 벌금에 처한다. <개정 2007.8.3, 2018.1.16, 2020.12.29> 1. 제12조의5를 위반하여 가맹점사업자에게 불이익을 주는 행위를 하거나 다른 사업자로 하여금 이를 행하도록 한 자 2. 제33조제1항에 따른 시정조치의 명령에 따르지 아니한 자 3. 제37조제4항의 규정에 의하여 준용되는 「독점규제 및 공정거래에 관한 법률」 제119조를 위반한 자 ③다음 각 호의 어느 하나에 해당하는 자는 2년 이하의 징역 또는 5천만원 이하의 벌금에 처한다. <개정 2007.8.3, 2013.8.13> 1. 제6조의5제1항을 위반하여 가맹점사업자로부터 예치가맹금을 직접 수령한 자 2. 제7조제3항을 위반하여 가맹금을 수령하거나 가맹계약을 체결한 자 3. 제15조의2제6항을 위반하여 가맹점사업자피해보상보험계약 등을 체결하였다는 사실을 나타내는 표지 또는 이와 유사한 표지를 제작하거나 사용한 자 ④ 제29조의2를 위반하여 가맹거래사 등록증을 빌려주거나 빌린 자 또는 이를 알선한 자는 1년 이하의 징역 또는 1천만원 이하의 벌금에 처한다. <신설 2022.1.4> ⑤제6조의5제4항을 위반하여 거짓이나 그 밖의 부정한 방법으로 예치가맹금의 지급을 요청한 자는 예치가맹금의 2배에 상당하는 금액 이하의 벌금에 처한다. <신설 2007.8.3, 2022.1.4>",5년 이하의 징역 / 3년 이하의 징역 / 2년 이하의 징역 / 1년 이하의 징역,3억원 이하의 벌금 / 1억원 이하의 벌금 / 5천만원 이하의 벌금 / 1천만원 이하의 벌금,,,,,2026-09-26 06:25
표시ㆍ광고의 공정화에 관한 법률,표시광고법,법률,제9조(과징금),과징금,20250121,"제9조(과징금) ① 공정거래위원회는 제3조제1항을 위반하여 표시ㆍ광고 행위를 한 사업자등에 대하여는 대통령령으로 정하는 매출액(대통령령으로 정하는 사업자의 경우에는 영업수익을 말한다. 이하 같다)에 100분의 2를 곱한 금액을 초과하지 아니하는 범위에서 과징금을 부과할 수 있다. 다만, 그 위반행위를 한 자가 매출액이 없거나 매출액을 산정하기 곤란한 경우로서 대통령령으로 정하는 사업자등인 경우에는 5억원을 초과하지 아니하는 범위에서 과징금을 부과할 수 있다. ② 공정거래위원회는 제6조제1항 본문을 위반하여 사업자의 표시ㆍ광고 행위를 제한하는 행위를 한 사업자단체에 대하여는 5억원의 범위에서 과징금을 부과할 수 있다. ③ 공정거래위원회는 제1항이나 제2항에 따라 과징금을 부과하는 경우에는 다음 각 호의 사항을 고려하여야 한다. 1. 위반행위의 내용 및 정도 2. 위반행위의 기간 및 횟수 3. 위반행위로 인하여 취득한 이익의 규모 4. 사업자등이 소비자의 피해를 예방하거나 보상하기 위하여 기울인 노력의 정도 ④ 제3조제1항을 위반한 사업자인 법인이 합병을 하는 경우 그 법인이 한 위반행위는 합병 후 존속하는 법인이나 합병으로 설립된 법인이 한 행위로 보아 과징금을 부과ㆍ징수한다. ⑤ 제1항이나 제2항에 따른 과징금의 부과기준은 대통령령으로 정한다.",,,,,,,2026-09-26 06:25
표시ㆍ광고의 공정화에 관한 법률,표시광고법,법률,제17조(벌칙),벌칙(형사처벌),20250121,제17조(벌칙) 다음 각 호의 어느 하나에 해당하는 자는 2년 이하의 징역 또는 1억5천만원 이하의 벌금에 처한다. 1. 제3조제1항을 위반하여 부당한 표시ㆍ광고 행위를 하거나 다른 사업자등으로 하여금 하게 한 사업자등 2. 제6조제3항 또는 제7조제1항에 따른 명령에 따르지 아니한 자,2년 이하의 징역,1억5천만원 이하의 벌금,,,,,2026-09-26 06:25
표시ㆍ광고의 공정화에 관한 법률,표시광고법,법률,제18조(벌칙),벌칙(형사처벌),20250121,제18조(벌칙) 제12조를 위반하여 직무상 알게 된 사업자등의 비밀을 누설하거나 이 법 시행을 위한 목적 외의 용도로 이용한 사람은 2년 이하의 징역 또는 2천만원 이하의 벌금에 처한다. <개정 2017.11.28>,2년 이하의 징역,2천만원 이하의 벌금,,,,,2026-09-26 06:25
약관의 규제에 관한 법률,약관법,법률,제32조(벌칙),벌칙(형사처벌),20240807,제32조(벌칙) 제17조의2제2항에 따른 명령을 이행하지 아니한 자는 2년 이하의 징역 또는 1억원 이하의 벌금에 처한다.,2년 이하의 징역,1억원 이하의 벌금,,,,,2026-09-26 06:25
약관의 규제에 관한 법률,약관법,법률,제33조(양벌규정),양벌규정,20240807,"제33조(양벌규정) 법인의 대표자나 법인 또는 개인의 대리인, 사용인, 그 밖의 종업원이 그 법인 또는 개인의 업무에 관하여 제32조의 위반행위를 하면 그 행위자를 벌하는 외에 그 법인 또는 개인에게도 해당 조문의 벌금형을 과(科)한다. 다만, 법인 또는 개인이 그 위반행위를 방지하기 위하여 해당 업무에 관하여 상당한 주의와 감독을 게을리하지 아니한 경우에는 그러하지 아니하다.",,,,,,,2026-09-26 06:25
약관의 규제에 관한 법률,약관법,법률,제34조(과태료),과태료,20240807,"제34조(과태료) ① 다음 각 호의 어느 하나에 해당하는 자에게는 5천만원 이하의 과태료를 부과한다. <개정 2012.2.17, 2018.6.12> 1. 제19조의3제8항을 위반하여 표준약관과 다른 내용을 약관으로 사용하면서 표준약관 표지를 사용한 자 2. 제20조제1항에 따른 조사를 거부ㆍ방해 또는 기피한 사업자 또는 사업자단체 ② 사업자 또는 사업자단체의 임원 또는 종업원, 그 밖의 이해관계인이 제20조제1항에 따른 조사를 거부ㆍ방해 또는 기피한 경우에는 1천만원 이하의 과태료를 부과한다. <신설 2018.6.12> ③ 다음 각 호의 어느 하나에 해당하는 자에게는 500만원 이하의 과태료를 부과한다. <개정 2012.2.17, 2018.6.12> 1. 제3조제2항을 위반하여 고객에게 약관의 내용을 밝히지 아니하거나 그 약관의 사본을 내주지 아니한 자 2. 제3조제3항을 위반하여 고객에게 약관의 중요한 내용을 설명하지 아니한 자 3. 제19조의3제6항을 위반하여 표준약관과 다르게 정한 주요 내용을 고객이 알기 쉽게 표시하지 아니한 자 ④ 제30조의2제1항에 따라 준용되는 「독점규제 및 공정거래에 관한 법률」 제66조를 위반하여 질서유지의 명령을 따르지 아니한 자에게는 100만원 이하의 과태료를 부과한다. <신설 2018.6.12, 2020.12.29> ⑤ 제1항부터 제4항까지의 규정에 따른 과태료는 대통령령으로 정하는 바에 따라 공정거래위원회가 부과ㆍ징수한다. <개정 2018.6.12>",,,5천만원 이하의 과태료 / 1천만원 이하의 과태료 / 500만원 이하의 과태료 / 100만원 이하의 과태료,,,,2026-09-26 06:25
대규모유통업에서의 거래 공정화에 관한 법률 시행령,대규모유통업법 시행령,대통령령,제29조의2(과태료 부과기준),과태료,20240206,"제29조의2(과태료 부과기준) 법 제41조제1항부터 제5항까지의 규정에 따른 과태료의 부과기준은 별표 2와 같다. <개정 2018.1.9, 2018.9.11>",,,,,과태료 부과기준(제29조의2 관련),"[과태료 부과기준(제29조의2 관련)]
■ 대규모유통업에서의 거래 공정화에 관한 법률 시행령 [별표 2] <개정 2021. 12. 28.> 과태료 부과기준(제29조의2 관련) 1. 일반기준 가. 위반행위의 횟수에 따른 과태료의 가중된 부과기준은 최근 3년간 같은 위 반행위로 과태료 부과처분을 받은 경우에 적용한다. 이 경우 기간의 계산은 위반행위에 대하여 과태료 부과처분을 받은 날과 그 처분 후 다시 같은 위 반행위를 하여 적발된 날을 기준으로 한다. 나. 가목에 따라 가중된 부과처분을 하는 경우 가중처분의 적용 차수는 그 위 반행위 전 부과처분 차수(가목에 따른 기간 내에 과태료 부과처분이 둘 이 상 있었던 경우에는 높은 차수를 말한다)의 다음 차수로 한다. 다. 공정거래위원회는 다음의 어느 하나에 해당하는 경우에는 제2호에 따른 과태료 금액의 2분의 1의 범위에서 그 금액을 줄일 수 있다. 다만, 과태료 를 체납하고 있는 위반행위자에 대해서는 그렇지 않다. 1) 위반행위자가 「질서위반행위규제법 시행령」 제2조의2제1항 각 호의 어느 하나에 해당하는 경우 2) 위반행위가 사소한 부주의나 오류로 인한 것으로 인정되는 경우 3) 위반행위자가 법 위반상태를 시정하거나 해소하기 위하여 노력한 것이 인정되는 경우 4) 그 밖에 위반행위의 정도, 위반행위의 동기와 그 결과 등을 고려하여 줄 일 필요가 있다고 인정되는 경우 2. 개별기준 (단위: 만원) ┌─────────────────────┬─────┬───────────┐ │위반행위 │근거 법조 │과태료 금액 │ │ │문 ├───┬───┬───┤ │ │ │1차 │2차 │3차 │ │ │ │위반 │위반 │이상 │ │ │ │ │ │위반 │ ├─────────────────────┼─────┼───┼───┼───┤ │가. 법 제6조제8항을 위반하여 계약서 등 │법 제41조 │300 │500 │1,000 │ │중요 서류를 보관하지 않은 경우 │제4항 │ │ │ │ ├───────────┬─────────┼─────┼───┼───┼───┤ │나. 법 제30조제2항에 │1) 대규모유통업자 │법 제41조 │500 │1,000 │2,000 │ │따른 자료를 제출하 │ │제1항제1호│ │ │ │ │지 않거나 거짓의 ├─────────┼─────┼───┼───┼───┤ │자료를 제출한 경우 │2) 대규모유통업자 │법 제41조 │50 │100 │200 │ │ │의 임원 │제2항 │ │ │ │ │ ├─────────┼─────┼───┼───┼───┤ │ │3) 대규모유통업자 │법 제41조 │50 │100 │200 │ │ │의 종업원 및 그 │제3항 │ │ │ │ │ │밖의 이해관계인 │ │ │ │ │ ├───────────┼─────────┼─────┼───┼───┼───┤ │다. 법 제30조제4항을 │1) 대규모유통업자 │법 제41조 │2,500 │5,000 │10,000│ │위반하여 납품업자 │ │제1항제2호│ │ │ │ │등으로 하여금 자료 ├─────────┼─────┼───┼───┼───┤ │를 제출하지 않게 │2) 대규모유통업자 │법 제41조 │250 │500 │1,000 │ │하거나 거짓 자료를 │의 임원 │제2항 │ │ │ │ │제출하도록 요구한 ├─────────┼─────┼───┼───┼───┤ │경우 │3) 대규모유통업자 │법 제41조 │125 │250 │500 │ │ │의 종업원 및 그 │제3항 │ │ │ │ │ │밖의 이해관계인 │ │ │ │ │ ├───────────┴─────────┼─────┼───┼───┼───┤ │라. 법 제38조제1항에 따라 준용되는 「독 │법 제41조 │50 │75 │100 │ │점규제 및 공정거래에 관한 법률」 제 │제5항 │ │ │ │ │66조에 위반하여 질서유지 명령을 따르 │ │ │ │ │ │지 않은 경우 │ │ │ │ │ ├───────────┬─────────┼─────┼───┼───┼───┤ │마. 법 제38조제3항에 │1) 대규모유통업자 │법 제41조 │2,000 │5,000 │10,000│ │따라 준용되는 「독 │ │제1항제3호│ │ │ │ │점규제 및 공정거래 ├─────────┼─────┼───┼───┼───┤ │에 관한 법률」 제 │2) 대규모유통업자 │법 제41조 │200 │500 │1,000 │ │81조제1항제1호를 │의 임원 │제2항 │ │ │ │ │위반하여 정당한 사 ├─────────┼─────┼───┼───┼───┤ │유 없이 출석하지 │3) 대규모유통업자 │법 제41조 │200 │500 │1,000 │ │않은 경우 │의 종업원 및 그 │제3항 │ │ │ │ │ │밖의 이해관계인 │ │ │ │ │ ├───────────┼─────────┼─────┼───┼───┼───┤ │바. 법 제38조제3항에 │1) 대규모유통업자 │법 제41조 │2,000 │5,000 │10,000│ │따라 준용되는 「독 │ │제1항제4호│ │ │ │ │점규제 및 공정거래 ├─────────┼─────┼───┼───┼───┤ │에 관한 법률」 제 │2) 대규모유통업자 │법 제41조 │200 │500 │1,000 │ │81조제1항제3호 또 │의 임원 │제2항 │ │ │ │ │는 같은 조 제6항에 ├─────────┼─────┼───┼───┼───┤ │따른 보고 또는 필 │3) 대규모유통업자 │법 제41조 │200 │500 │1,000 │ │요한 자료나 물건을 │의 종업원 및 그 │제3항 │ │ │ │ │제출하지 않거나 거 │밖의 이해관계인 │ │ │ │ │ │짓으로 보고 또는 │ │ │ │ │ │ │자료나 물건을 제출 │ │ │ │ │ │ │한 경우 │ │ │ │ │ │ ├───────────┼─────────┼─────┼───┼───┼───┤ │사. 법 제38조제3항에 │1) 대규모유통업자 │법 제41조 │10,000│15,000│20,000│ │따라 준용되는 「독 │ │제1항제5호│ │ │ │ │점규제 및 공정거래 ├─────────┼─────┼───┼───┼───┤ │에 관한 법률」 제 │2) 대규모유통업자 │법 제41조 │2,500 │3,500 │5,000 │ │81조제2항에 따른 │의 임원 │제2항 │ │ │ │ │조사를 거부ㆍ방해 ├─────────┼─────┼───┼───┼───┤ │ㆍ기피한 경우 │3) 대규모유통업자 │법 제41조 │2,500 │3,500 │5,000 │ │ │의 종업원 및 그 │제3항 │ │ │ │ │ │밖의 이해관계인 │ │ │ │ │ └───────────┴─────────┴─────┴───┴───┴───┘",2026-09-26 06:25
대규모유통업에서의 거래 공정화에 관한 법률 시행령,대규모유통업법 시행령,대통령령,제28조(과징금),과징금,20240206,제28조(과징금) ① 법 제35조에 따른 과징금의 부과기준은 별표 1과 같다. <개정 2018.1.9> ② 제1항에서 규정한 사항 외에 과징금의 부과에 필요한 사항은 공정거래위원회가 정하여 고시한다.,,,,,과징금의 부과기준(제28조제1항 관련),"[과징금의 부과기준(제28조제1항 관련)]
■ 대규모유통업에서의 거래 공정화에 관한 법률 시행령 [별표 1] <개정 2024. 2. 6.> 과징금의 부과기준(제28조제1항 관련) 1. 과징금 부과 여부 결정 가. 과징금은 위반행위의 내용 및 정도를 우선적으로 고려하고 시장상황 등 을 종합적으로 고려하여 그 부과 여부를 결정하되, 다음의 어느 하나에 해당하는 경우에는 과징금을 부과한다. 1) 위반행위에 따른 대규모유통업에서의 공정거래질서 저해효과가 중대한 경우 2) 다수의 납품업자등에게 미치는 영향이 큰 경우 3) 위반행위가 악의적으로 행해진 경우 4) 그 밖에 1)부터 3)까지의 규정에 준하는 경우로서 공정거래위원회가 정 하여 고시하는 경우 나. 가목에도 불구하고 대규모유통업자가 법 제8조제1항 또는 제2항을 위반 한 경우로서 법 제29조에 따른 공정거래위원회의 조사가 개시된 날부터 30일 이내에 납품업자등에게 상품판매대금 또는 상품대금(법 제8조제3항 에 따른 이자를 포함한다)을 모두 지급한 경우에는 과징금을 부과하지 않 을 수 있다. 2. 과징금 산정기준 과징금은 위반행위의 내용과 정도 등을 고려하여 산정하되, 가목에 따른 산 정기준에 나목에 따른 조정을 거쳐 다목에 따라 부과과징금을 산정한다. 가. 위반행위의 유형에 따른 산정기준 1) 법 제35조제1항에 따른 위반행위를 그 내용 및 정도에 따라 ""중대성이 약한 위반행위"", ""중대한 위반행위"", ""매우 중대한 위반행위""로 구분하고, 위반행위의 중대성의 정도별로 2)의 기준에 따라 산정한다. 2) 관련 납품대금(법 제35조제1항 본문에 따른 납품대금으로서 대규모유통 업자의 위반행위와 관련된 상품 매입액 또는 이에 준하는 금액을 말한 다) 또는 관련 임대료(법 제35조제1항 본문에 따른 연간 임대료로서 매 장임차인이 위반사업자에게 지급해야 하는 위반기간의 임대료를 1년의 기간으로 환산한 금액을 말한다)에 위반사업자의 위반금액의 비율(공정 거래위원회가 정하여 고시하는 금액의 비율을 말한다)을 곱한 금액에 부 과기준율(공정거래위원회가 정하여 고시하는 부과기준율을 말한다)을 곱 하여 산정한다. 다만, 관련 납품대금 또는 관련 임대료나 위반금액의 비 율을 산정하기 곤란한 경우에는 5억원 이내에서 중대성의 정도를 고려하 여 산정할 수 있다. 나. 위반행위의 기간ㆍ횟수, 자진시정ㆍ조사협력 여부 등을 고려하여 가중의 경우 산정기준의 100분의 50의 범위에서 공정거래위원회가 정하여 고시 하는 기준에 따라 가중할 수 있고, 감경의 경우 산정기준의 100분의 70 의 범위에서 공정거래위원회가 정하여 고시하는 기준에 따라 감경할 수 있다. 다. 부과과징금 결정단계에서 고려 요인 1) 나목에서 조정한 금액이 위반사업자의 현실적 부담능력이나 위반행위가 시장에 미치는 효과, 그 밖에 시장 또는 경제적 여건 및 위반행위로 인 하여 취득한 이익의 규모 등을 충분히 반영하지 못하여 과중하다고 인정 되는 경우에는 그 금액의 100분의 50의 범위에서 감경하여 부과과징금으 로 정할 수 있다. 다만, 위반사업자의 과징금 납부능력의 현저한 부족, 위반사업자가 속한 시장·산업 여건의 현저한 변동 또는 지속적 악화, 그 밖에 이에 준하는 사유로 불가피하게 100분의 50을 초과하여 감경하는 것이 타당하다고 인정되는 경우에는 100분의 50을 초과하여 감경할 수 있다. 2) 위반사업자가 채무 지급불능 또는 지급정지 상태에 있거나 부채의 총액 이 자산의 총액을 초과하는 등의 사유로 인하여 위반사업자가 객관적으 로 과징금을 납부할 능력이 없다고 인정되는 경우에는 과징금을 면제할 수 있다. 3) 1) 또는 2)에 따라 과징금을 감액하거나 면제하는 경우에는 공정거래위 원회의 의결서에 그 이유를 명시하여야 한다. 3. 그 밖에 과징금 부과에 필요한 세부적인 기준과 방법 등은 공정거래위원회가 정하여 고시한다.",2026-09-26 06:25
대리점거래의 공정화에 관한 법률 시행령,대리점법 시행령,대통령령,제20조(과태료 부과기준),과태료,20240206,제20조(과태료 부과기준) 법 제32조제1항부터 제3항까지의 규정에 따른 과태료의 부과기준은 별표 3과 같다. <개정 2022.6.7>,,,,,과태료의 부과기준(제20조 관련),"[과태료의 부과기준(제20조 관련)]
■ 대리점거래의 공정화에 관한 법률 시행령 [별표 3] <개정 2022. 6. 7.> 과태료의 부과기준(제20조 관련) 1. 일반기준 가. 위반행위의 횟수에 따른 과태료의 가중된 부과기준은 최근 3년간 같은 위반행위 로 과태료 부과처분을 받은 경우에 적용한다. 이 경우 기간의 계산은 위반행위에 대하여 과태료 부과처분을 받은 날과 그 처분 후 다시 같은 위반행위를 하여 적발 된 날을 기준으로 한다. 나. 가목에 따라 가중된 부과처분을 하는 경우 가중처분의 적용 차수는 그 위반행위 전 부과처분 차수(가목에 따른 기간 내에 과태료 부과처분이 둘 이상 있었던 경우 에는 높은 차수를 말한다)의 다음 차수로 한다. 다. 공정거래위원회는 다음의 어느 하나에 해당하는 경우 제2호에 따른 과태료 금액 의 100분의 50 범위에서 그 금액을 감경할 수 있다. 다만, 과태료를 체납하고 있는 위반행위자의 경우에는 그러하지 아니하다. 1) 위반행위자가 「질서위반행위규제법 시행령」 제2조의2제1항 각 호의 어느 하 나에 해당하는 경우 2) 위반행위가 사소한 부주의나 오류로 인한 것으로 인정되는 경우 3) 위반행위자의 법 위반상태를 시정하거나 해소하기 위한 노력이 인정되는 경우 4) 그 밖에 위반행위의 정도, 위반행위의 동기와 그 결과 등을 고려하여 감경할 필 요가 있다고 인정되는 경우 2. 개별기준 ┌────────────────────────┬─────┬───────────┐ │위반행위 │근거 │과태료 금액 │ │ │법조문 ├───┬───┬───┤ │ │ │1차 │2차 │3차 │ │ │ │위반 │위반 │이상 │ │ │ │ │ │위반 │ ├────────────────────────┼─────┼───┼───┼───┤ │가. 공급업자가 법 제5조제1항에 따른 대리점거래 │법 제32조 │1,250 │2,500 │5,000 │ │계약서 제공 의무를 위반하거나 같은 조 제2항 │제1항제4호│만원 │만원 │만원 │ │을 위반하여 대리점거래 계약서에 서명 또는 기 │ │ │ │ │ │명날인을 하지 않은 경우 │ │ │ │ │ ├────────────────────────┼─────┼───┼───┼───┤ │나. 공급업자가 법 제5조제3항을 위반하여 대리점 │법 제32조 │250 │500 │1,000 │ │거래 계약서를 보관하지 않은 경우 │제1항제5호│만원 │만원 │만원 │ ├────────────────────────┼─────┼───┼───┼───┤ │다. 법 제27조제1항에 따라 준용되는 「독점규제 │법 제32조 │50 │75 │100 │ │및 공정거래에 관한 법률」 제66조에 따른 질서 │제3항 │만원 │만원 │만원 │ │유지명령에 응하지 않은 경우 │ │ │ │ │ ├────────────────────────┼─────┼───┼───┼───┤ │라. 공급업자가 법 제27조제2항에 따라 준용되는 │법 제32조 │2,000 │5,000 │1억원 │ │독점규제 및 공정거래에 관한 법률」 제81조제 │제1항제2호│만원 │만원 │ │ │1항제1호를 위반하여 정당한 사유 없이 2회 이 │ │ │ │ │ │상 출석하지 않은 경우 │ │ │ │ │ ├────────────────────────┼─────┼───┼───┼───┤ │마. 공급업자가 법 제27조제2항에 따라 준용되는 │법 제32조 │2,000 │5,000 │1억원 │ │「독점규제 및 공정거래에 관한 법률」 제81조 │제1항제3호│만원 │만원 │ │ │제1항제3호 또는 같은 조 제6항에 따른 보고 또 │ │ │ │ │ │는 필요한 자료나 물건의 제출을 정당한 사유 │ │ │ │ │ │없이 하지 않거나, 거짓의 보고 또는 자료나 물 │ │ │ │ │ │건을 제출한 경우 │ │ │ │ │ ├────────────────────────┼─────┼───┼───┼───┤ │바. 공급업자가 법 제27조제2항에 따라 준용되는 │법 제32조 │1억원 │1억 │2억원 │ │「독점규제 및 공정거래에 관한 법률」 제81조 │제1항제1호│ │5,000 │ │ │제2항에 따른 조사를 정당한 사유 없이 거부ㆍ │ │ │만원 │ │ │방해 또는 기피한 경우 │ │ │ │ │ ├────────────────────────┼─────┼───┼───┼───┤ │사. 공급업자의 임원 또는 종업원이나 그 밖의 이 │법 제32조 │200 │500 │1,000 │ │해관계인이 라목에 해당하는 경우 │제2항 │만원 │만원 │만원 │ ├────────────────────────┼─────┼───┼───┼───┤ │아. 공급업자의 임원 또는 종업원이나 그 밖의 이 │법 제32조 │200 │500 │1,000 │ │해관계인이 마목에 해당하는 경우 │제2항 │만원 │만원 │만원 │ ├────────────────────────┼─────┼───┼───┼───┤ │자. 공급업자의 임원 또는 종업원이나 그 밖의 이 │법 제32조 │2,500 │3,500 │5,000 │ │해관계인이 바목에 해당하는 경우 │제2항 │만원 │만원 │만원 │ ├────────────────────────┼─────┼───┼───┼───┤ │차. 공급업자가 법 제27조의2제2항에 따른 자료를 │법 제32조 │500 │1,000 │2,000 │ │제출하지 않거나 거짓의 자료를 제출한 경우 │제1항제6호│만원 │만원 │만원 │ ├────────────────────────┼─────┼───┼───┼───┤ │카. 공급업자의 임원 또는 종업원이나 그 밖의 이 │법 제32조 │50 │100 │200 │ │해관계인이 차목에 해당하는 경우 │제2항 │만원 │만원 │만원 │ └────────────────────────┴─────┴───┴───┴───┘",2026-09-26 06:25
대리점거래의 공정화에 관한 법률 시행령,대리점법 시행령,대통령령,제19조(과징금 부과기준),과징금,20240206,"제19조(과징금 부과기준) ① 법 제25조제1항 본문에서 ""대통령령으로 정하는 법 위반 금액""이란 다음 각 호의 구분에 따른 금액을 말한다. 1. 법 제6조를 위반한 경우: 대리점에 구입하도록 강제한 상품 또는 용역의 가액 2. 법 제7조를 위반한 경우: 대리점에 제공하도록 강요한 금전ㆍ물품ㆍ용역, 그 밖의 경제상 이익의 가액 3. 법 제9조를 위반하여 대리점에 끼친 불이익으로서 다음 각 목의 구분에 따른 금액 가. 제6조제5호의 행위: 삭감하거나 지급하지 아니한 판매장려금의 금액 나. 제6조제7호의 행위: 반품을 거부한 물품의 가액 다. 제6조제8호의 행위: 대리점에 부담시킨 반품에 든 비용 4. 그 밖에 법 위반 금액 산정이 가능한 위반행위: 산정된 금액 ② 법 제25조제1항에 따른 과징금의 부과기준은 별표 2와 같다. <개정 2022.6.7> ③ 이 영에 규정한 사항 외에 과징금의 부과에 필요한 세부기준은 공정거래위원회가 정하여 고시한다.",,,,,과징금의 부과기준(제19조제2항 관련),"[과징금의 부과기준(제19조제2항 관련)]
■ 대리점거래의 공정화에 관한 법률 시행령 [별표 2] <개정 2023. 6. 7.> 과징금의 부과기준(제19조제2항 관련) 1. 과징금 부과 여부의 결정 과징금은 위반행위의 내용 및 정도, 기간 및 횟수, 위반행위로 인하여 취득한 이익의 규모 등을 종합적으로 고려하여 그 부과 여부를 결정하되, 그 구체적인 사항은 공정 거래위원회가 정하여 고시한다. 2. 과징금의 산정기준 공정거래위원회는 가목에 따른 기본 산정기준에 나목에 따른 위반행위의 기간 및 횟 수에 따른 조정과 다목에 따른 위반행위의 성격 등에 따른 조정을 거쳐 라목에 따른 부과과징금을 산정한다. 가. 기본 산정기준 위반행위의 내용 및 정도에 따라 위반행위의 중대성 정도를 ""중대성이 약한 위반 행위"", ""중대한 위반행위"", ""매우 중대한 위반행위""로 구분하고, 법 위반 금액 산정 이 가능한 경우에는 법 위반금액에 위반행위의 중대성의 정도별로 정하는 부과기 준율을 곱하여 산정하고, 법 위반금액 산정이 곤란한 경우에는 5억원 이내에서 중 대성의 정도를 고려하여 산정하되, 그 구체적인 사항은 공정거래위원회가 정하여 고시한다. 나. 위반행위의 기간 및 횟수에 따른 조정(이하 ""1차 조정""이라 한다) 위반행위의 기간 및 횟수를 고려하여 기본 산정기준의 100분의 100 범위에서 공정 거래위원회가 정하여 고시하는 기준에 따라 조정한다. 다. 위반행위의 성격 등에 따른 조정(이하 ""2차 조정""이라 한다) 위반행위의 성격, 자진 시정, 조사협력 등의 사유를 고려하여 1차 조정된 산정기준 의 100분의 70 범위에서 공정거래위원회가 정하여 고시하는 기준에 따라 조정한 다. 라. 부과과징금 1) 과징금이 위반사업자의 현실적 부담능력, 그 위반행위가 시장에 미치는 영향, 그 밖의 시장 또는 경제여건 및 위반행위로 인하여 취득한 이익의 규모 등을 충 분히 반영하지 못하여 과중하다고 인정되는 경우에는 2차 조정된 산정기준의 100분의 50 범위에서 감경하여 부과과징금으로 정할 수 있다. 다만, 위반사업자 의 과징금 납부능력의 현저한 부족, 위반사업자가 속한 시장ㆍ산업 여건의 현저 하거나 지속적인 악화, 경제위기, 그 밖에 이에 준하는 사유로 불가피하게 100분 의 50을 초과하여 감경하는 것이 타당하다고 인정되는 경우에는 100분의 50을 초과하여 감경할 수 있다. 2) 위반사업자가 채무 지급불능 또는 지급정지 상태에 있거나 부채의 총액이 자산 의 총액을 초과하는 등의 사유로 인하여 위반사업자가 객관적으로 과징금을 납 부할 능력이 없다고 인정되는 경우에는 과징금을 면제할 수 있다. 3) 2차 조정된 산정기준을 감면하는 경우에는 공정거래위원회의 의결서에 그 이유 를 명시하여야 한다. 3. 과징금 부과에 관한 세부기준 기본 산정기준에 적용되는 부과기준율, 법 위반 금액 산정에 대한 세부 기준, 1차 조 정 및 2차 조정, 그 밖에 과징금의 부과에 필요한 세부적인 기준과 방법 등에 대해서 는 공정거래위원회가 정하여 고시한다.",2026-09-26 06:25
약관의 규제에 관한 법률 시행령,약관법 시행령,대통령령,제14조(과태료의 부과기준),과태료,20231221,제14조(과태료의 부과기준) 법 제34조제1항부터 제4항까지의 규정에 따른 과태료의 부과기준은 별표와 같다. <개정 2018.11.20>,,,,,,,2026-09-26 06:25
중대재해 처벌 등에 관한 법률,중대재해처벌법,법률,제7조(중대산업재해의 양벌규정),양벌규정,20220127,"제7조(중대산업재해의 양벌규정) 법인 또는 기관의 경영책임자등이 그 법인 또는 기관의 업무에 관하여 제6조에 해당하는 위반행위를 하면 그 행위자를 벌하는 외에 그 법인 또는 기관에 다음 각 호의 구분에 따른 벌금형을 과(科)한다. 다만, 법인 또는 기관이 그 위반행위를 방지하기 위하여 해당 업무에 관하여 상당한 주의와 감독을 게을리하지 아니한 경우에는 그러하지 아니하다. 1. 제6조제1항의 경우: 50억원 이하의 벌금 2. 제6조제2항의 경우: 10억원 이하의 벌금",,50억원 이하의 벌금 / 10억원 이하의 벌금,,,,,2026-09-26 06:25
중대재해 처벌 등에 관한 법률,중대재해처벌법,법률,제11조(중대시민재해의 양벌규정),양벌규정,20220127,"제11조(중대시민재해의 양벌규정) 법인 또는 기관의 경영책임자등이 그 법인 또는 기관의 업무에 관하여 제10조에 해당하는 위반행위를 하면 그 행위자를 벌하는 외에 그 법인 또는 기관에게 다음 각 호의 구분에 따른 벌금형을 과(科)한다. 다만, 법인 또는 기관이 그 위반행위를 방지하기 위하여 해당 업무에 관하여 상당한 주의와 감독을 게을리하지 아니한 경우에는 그러하지 아니하다. 1. 제10조제1항의 경우: 50억원 이하의 벌금 2. 제10조제2항의 경우: 10억원 이하의 벌금",,50억원 이하의 벌금 / 10억원 이하의 벌금,,,,,2026-09-26 06:25
