의원명,제목,언론사,링크,발행일,요약,관련보도수
김성환,"개각에도 여론 악화되자… 李, 김용범 실장 사표 수리",chosun.com,https://www.chosun.com/politics/politics_general/2026/09/02/N3VS27ZRNVCEZBYZ6KUFGQAR7M/?utm_source=naver&utm_medium=referral&utm_campaign=naver-news,2026-09-02,기후에너지부 장관 기용,1
김남근,쿠팡 현장조사 거부에…'온플법' 재논의 급물살,edaily.co.kr,https://www.edaily.co.kr/News/Read?newsId=01662966645576184&mediaCodeNo=257&utm_source=naver&utm_medium=referral&utm_campaign=news_syndication&utm_content=original_article,2026-09-02,온라인플랫폼법 제정 촉구 질의,1
권영진,하루 3.2명꼴… 주검으로 돌아온 실종자들,seoul.co.kr,https://www.seoul.co.kr/news/society/2026/09/02/20260902014009?wlog_tag3=naver,2026-09-02,실종자 현황 자료 제출받아,1
강명구,첫날은 '협치'로 시동...'예산·입법 전쟁' 돌입,ytn.co.kr,https://www.ytn.co.kr/_ln/0101_202609020056585299,2026-09-02,행안위 야당 간사로 회의 참석,1
곽규택,"날 세운 조국 “李 임기후 재개될 2심, 유죄 가능성 매우 높아”",donga.com,https://www.donga.com/news/Politics/article/all/20260902/134587019/2,2026-09-02,김의겸 의원 법사위 간사 선임 비판,1
김교흥,'1달 가입+119달 추납' 외국인 3명뿐…실제 수령 국내거주 1명,yna.co.kr,https://www.yna.co.kr/view/AKR20260901172700530?input=1195m,2026-09-02,외국인 추납 신청 급증 지적,1
김기표,"강민구 “정청래 세력이 김기표 작업” 메시지… 김민석, 계파 갈등 폭...",segye.com,https://www.segye.com/newsView/20260901521364?OutUrl=naver,2026-09-02,윤리감찰단장 관련 발언 논란,1
김기표,"“정청래 세력서 김기표 작업”…김민석, 강민구 즉시 해임",dt.co.kr,https://www.dt.co.kr/article/12081562?ref=naver,2026-09-02,윤리감찰단장 관련 발언 논란,1
김기표,“정청래 세력이 작업한듯” 문자… 강민구 부단장 해임,donga.com,https://www.donga.com/news/Politics/article/all/20260902/134587014/2,2026-09-02,윤리감찰단장 관련 발언 논란,1
강선영,‘용혜인 겸직’ 논란에… 與지도부서도 “비례대표직 사퇴가 맞다”,donga.com,https://www.donga.com/news/Politics/article/all/20260902/134587025/2,2026-09-02,용혜인 후보자 자격 지적,1
김기표,“정청래 세력들이 작업” 문자…강민구 부단장 해임,joongang.co.kr,https://www.joongang.co.kr/article/25458262,2026-09-02,윤리감찰단장 관련 발언 논란,1
김민석,"“정청래 세력서 김기표 작업”…김민석, 강민구 즉시 해임",dt.co.kr,https://www.dt.co.kr/article/12081562?ref=naver,2026-09-02,강민구 윤리감찰단 부단장 해임,1
김민석,“정청래 세력이 작업한듯” 문자… 강민구 부단장 해임,donga.com,https://www.donga.com/news/Politics/article/all/20260902/134587014/2,2026-09-02,강민구 윤리감찰단 부단장 해임,1
김민석,"""늘 완벽할 순 없다""…1주택자 거주 구분 손볼 듯",news.sbs.co.kr,https://news.sbs.co.kr/news/endPage.do?news_id=N1008733019&plink=ORI&cooper=NAVER,2026-09-02,1주택자 거주·비거주 구분 폐지 요청,1
강선영,"""비례대표제 취지 무너뜨려""‥여당서도 '사퇴론'",imnews.imbc.com,https://imnews.imbc.com/replay/2026/nw2500/article/6848955_36989.html,2026-09-02,용혜인 후보자 지명 철회 요구,1
권영진,"국민의힘, 언제까지 공천 지분 싸움만 할 것인가",yeongnam.com,https://www.yeongnam.com/web/view.php?key=20260901021455865,2026-09-02,원내대표 멱살 잡이로 당원권 정지,1
곽규택,"곽규택 국회의원 ""해수부 임대주택 48세대 중 3세대만 입주""",daily.hankooki.com,https://daily.hankooki.com/news/articleView.html?idxno=1401533,2026-09-01,해수부 공무원 임대주택 저조한 입주 지적,1
김교흥,외국인 국민연금 추납 심사 강화…‘국내 실거주’ 따진다,kukinews.com,https://www.kukinews.com/article/view/kuk202609010102,2026-09-01,외국인 국민연금 추납 자료 공개,1
김교흥,"이 대통령 ""수년간 방치된 외국인 연금 추납…해줄 의무 없다""",news.jtbc.co.kr,https://news.jtbc.co.kr/article/NB12316101?influxDiv=NAVER,2026-09-01,외국인 연금 추납 급증 관련 자료 공개,1
권칠승,정기국회 첫날 與野 정책위 회동… “민생공약 추려 신속 입법”,biz.chosun.com,https://biz.chosun.com/policy/politics/assembly/2026/09/01/KKXKLMR72BEGHPXMN6ITCTPJEY/?utm_source=naver&utm_medium=original&utm_campaign=biz,2026-09-01,여야 정책위 회동서 민생공약 신속 입법 강조,1
김교흥,李대통령 “우리나라만 해줄 의무 없다”…외국인 연금 추납 문턱 높인...,seoul.co.kr,https://www.seoul.co.kr/news/society/2026/09/01/20260901500200?wlog_tag3=naver,2026-09-01,외국인 연금 추납 현황 자료 공개,1
곽규택,해수부 직원 지원한다며 48채 매입…계약은 단 3채,kmib.co.kr,https://www.kmib.co.kr/article/view.asp?arcid=9000008053&cp=nv,2026-09-01,해수부 임대주택 매입 실적 저조 질타,1
김교흥,청년 세대 피땀 흘려 중국 노인 부양?…국민연금 외국인 추납 '뒷북 대응...,thepublic.kr,https://www.thepublic.kr/news/articleView.html?idxno=317086,2026-09-01,외국인 연금 추납 신청 증가 자료 발표,1
곽규택,與 법사위 간사에 김의겸 내정... 野 “‘청담동 괴담’ ‘흑석대감’ ...,chosun.com,https://www.chosun.com/politics/assembly/2026/09/01/YLR25HD3BBEDVE35J72GJ2GJWU/?utm_source=naver&utm_medium=referral&utm_campaign=naver-news,2026-09-01,법사위 여당 간사 내정 비판,1
김교흥,"李 대통령 '외국인 연금 추납' 개선 지시…""우리만 할 의무 없어""",hankyung.com,https://www.hankyung.com/article/2026090171307,2026-09-01,외국인 국민연금 추납 현황 자료 공개,1
강명구,"행안위, 이태원 특조위 1년 연장…의용소방대원 정년 연장",natv.go.kr,https://www.natv.go.kr/natv/news/newsView.do?newsId=514097,2026-09-01,불법 주정차 무인 단속 법안 발의,1
권향엽,"권향엽 의원, ""광양 남부학술림 명확한 관리 주체 확정 필요""",view.asiae.co.kr,https://view.asiae.co.kr/article/2026090110440575428,2026-09-01,광양 남부학술림 명확한 관리 주체 확정 요구,1
김종민,"""행정수도 특별법 연내 제정은 국민의 명령""…국회에 울린 '세종 완성' ...",tournews21.com,https://www.tournews21.com/news/articleView.html?idxno=142280,2026-09-01,행정수도 특별법 연내 제정 결의,1
강명구,"정점식 “李대통령, 당장 경찰청장부터 임명해야”",siminilbo.co.kr,https://www.siminilbo.co.kr/news/newsview.php?ncode=1160286107038913,2026-09-01,경찰청장 조속 임명 촉구 질의,1
김승원,"정점식 ""김승원, '李 재판 취소' 총대 멜 최적임자…지명철회 0순위""",mt.co.kr,https://www.mt.co.kr/politics/2026/09/01/2026090109153391224,2026-09-01,법무부 장관 후보자 지명,1
강명구,"국회 행안위, 이태원참사 특별법 개정안 의결…본회의 넘으면 '특조위 ...",news.sbs.co.kr,https://news.sbs.co.kr/news/endPage.do?news_id=N1008732084&plink=ORI&cooper=NAVER,2026-09-01,이태원참사 특별법 개정안 행안위 의결 반대,1
강명구,경찰 수사 권한 커지는데...불송치 불복 늘고 재수사 5건 중 1건 '송치',fnnews.com,https://www.fnnews.com/news/202609011137153630,2026-09-01,경찰 불송치 결정 4년 만에 49.2% 증가 지적,1
강명구,「M포토」 행안위 전체회의서 위원장과 대화하는 이해식-강명구,m-economynews.com,https://www.m-economynews.com/news/article.html?no=70309,2026-09-01,행안위 전체회의서 여야 간사 대화,1
강명구,"경찰청장 대행 ""제주 사건 사인 뒤집은 적 없어…모든 가능성 수사""",mt.co.kr,https://www.mt.co.kr/politics/2026/09/01/2026090111433158679,2026-09-01,경찰청장 임명 촉구 및 치안 공백 비판,1
강명구,"與, '7대 범죄 보완수사' 중수청법 행안위 상정…국힘 ""땜질식 처방""",mt.co.kr,https://www.mt.co.kr/politics/2026/09/01/2026090112315122766,2026-09-01,중수청법 개정안 상정에 땜질식 처방 비판,1
강명구,"행안위, '7대 범죄 보완수사' 중수청법 상정…野 ""與도 경찰 못 믿어""",news1.kr,https://www.news1.kr/politics/assembly/6276123,2026-09-01,중수청법 상정 관련 여당 비판,1
강민국,"국회 정무위 '홈플러스·티메프 사태' 방지 대규모유통업법 개정 박차,...",businesspost.co.kr,https://www.businesspost.co.kr/BP?command=article_view&num=446096,2026-09-01,대규모유통업법 개정안 발의 추진,1
강민국,"세제개편안 입법예고 반대 13배…강민국 ""국민 뜻 무시한 독선""",kukinews.com,https://www.kukinews.com/article/view/kuk202609010116,2026-09-01,2026년 세제개편안 입법예고 반대 비판,1
강명구,"與, ‘7대범죄 보완수사 요구’ 중수청법 행안위 단독상정…野 “땜질식...",sedaily.com,https://www.sedaily.com/article/20085891?ref=naver,2026-09-01,중수청법 개정안 관련 행안위 질의,1
김건,"김건 의원 ""바이오데이터 연결해 AI 신약·치료로…'새 동의보감' 만들...",newspim.com,https://www.newspim.com/news/view/20260901000394,2026-09-01,바이오데이터 활용 제도적 지원 강조,1
박선원,"박선원 ""용혜인, 비례대표 사퇴 진지하게 고민해야…여론도 그렇다""",newspim.com,https://www.newspim.com/news/view/20260901000207,2026-09-01,용혜인 비례대표 사퇴 촉구,1
고동진,"""고카페인 먹으면 공부 잘한다?""…어린이 대상 광고 금지법 발의",ibabynews.com,https://www.ibabynews.com/news/articleView.html?idxno=154119,2026-09-01,고카페인 어린이 오인 광고 금지법 발의,1
김상훈,"20세 미만 미수거래 2억원…증권업계, 잇따라 미성년자 거래 제한",etnews.com,https://www.etnews.com/20260901000064,2026-09-01,10대 증권사 미성년자 미수금 잔고 증가 자료 공개,1
김윤덕,"""혐오시설 몰아넣나"" 이번엔 강남 뿔났다...'용산 대신 탄천'도 난항",mt.co.kr,https://www.mt.co.kr/estate/2026/09/01/2026083114010637513,2026-09-01,국토교통부 장관에 임명,1
김민석,"37분 만에 끝낸 민주당티비, ""잠 온다""는 말에 김민석이 내놓은 답",ohmynews.com,https://www.ohmynews.com/NWS_Web/View/at_pg.aspx?CNTN_CD=A0003263492&CMPT_CD=P0010&utm_source=naver&utm_medium=newsearch&utm_campaign=naver_news,2026-09-01,민주당TV 첫방송 출연해 방향성 설명,1
김민석,"'김민석표' 민주당TV 첫 방송 동접자 5.5만명…""기조방송 되길 희망""",view.asiae.co.kr,https://view.asiae.co.kr/article/2026090109275704666,2026-09-01,민주당TV 첫방송 동접자 5.5만명 기록,1
강민국,"강민국 국회의원 ""정부 세제개편안 찬성의견 3% 불과"" 비판",gukjenews.com,https://www.gukjenews.com/news/articleView.html?idxno=3680795,2026-09-01,정부 세제개편안 비판 및 반대 표명,1
강선영,"강선영 ""용혜인, 전문성 부족에 특권도 안내려놔…피해자 보호도 모순""",mt.co.kr,https://www.mt.co.kr/politics/2026/09/01/2026090109451214268,2026-09-01,용혜인 장관 후보자 전문성 부족 비판,1
강준현,"""행정수도 특별법 연내 제정하라"" 국회 총결집",ccreview.co.kr,https://www.ccreview.co.kr/news/articleView.html?idxno=356298,2026-09-01,행정수도 특별법 연내 제정 촉구,1
김승원,"국힘 ""李대통령, 김승원·용혜인 후보자 지명 철회해야""(종합)",news1.kr,https://www.news1.kr/politics/assembly/6275801,2026-09-01,법무부 장관 후보자 지명 철회 요구,1
김승원,"인터뷰 전문: 김종인 “이 대통령, 정책실장 대체할 마땅한 사람 찾지 ...",ichannela.com,https://www.ichannela.com/news/main/news_detailPage.do?publishId=000000548023,2026-09-01,법무부 장관 지명 관련 논란,1
김승원,"국힘 ""지명 철회 0순위는 김승원‥대통령, '재판받겠다' 선언하라""",imnews.imbc.com,https://imnews.imbc.com/news/2026/politics/article/6848752_36911.html,2026-09-01,법무부 장관 지명 철회 촉구,1
김승원,"정점식 ""지명 철회 0순위는 김승원 법무부 장관 후보자""",metroseoul.co.kr,http://www.metroseoul.co.kr/article/20260901500059,2026-09-01,법무부 장관 후보자 지명 철회 요구,1
박홍배,“3연임 만장일치·연임 75% 동의도 과하다”… 금융지주 회장 규...,seoul.co.kr,https://www.seoul.co.kr/news/economy/2026/09/01/20260901031001?wlog_tag3=naver,2026-09-01,금융지주 회장 연임 요건 강화법 발의,1
박해철,바이오매스로 농어촌 에너지 자립 모색…규제 개선 과제 논의,nongup.net,http://www.nongup.net/news/articleView.html?idxno=33633,2026-09-01,바이오매스로 농어촌 에너지 자립 모색 토론회 개최,1
서미화,"장애인건강주치의 시범사업 8년째, 참여 0.4% 수준",whosaeng.com,http://www.whosaeng.com/173287,2026-09-01,장애인건강주치의 시범사업 참여율 저조 지적,1
박홍배,"박홍배 ""통합 LCC, 부산 거점 기능 지켜야""",gukjenews.com,https://www.gukjenews.com/news/articleView.html?idxno=3680793,2026-09-01,통합 LCC 부산 거점 기능 유지 촉구,1
박홍배,"박홍배 ""통합 LCC 본사 부산으로""…정부·산은 역할 촉구",pointdaily.co.kr,https://www.pointdaily.co.kr/news/articleView.html?idxno=317444,2026-09-01,통합 LCC 본사 부산 유치 촉구,1
박홍배,새벽배송 근로시간 제한에 택배기사 97% 반대,weeklytoday.com,http://www.weeklytoday.com/news/articleView.html?idxno=792390,2026-09-01,야간작업 제한 산업안전보건법 발의,1
박홍배,"대형마트 새벽배송 '공회전'...""1000억 기금? 과해"" 업계도 '부정적'",mt.co.kr,https://www.mt.co.kr/living/2026/09/01/2026083119434328336,2026-09-01,새벽배송 야간작업 제한법 발의,1
김승원,"정점식 “李 공소 취소 최적임자 골라…김승원, 지명 철회 0순위”",donga.com,https://www.donga.com/news/Politics/article/all/20260901/134581494/2,2026-09-01,법무부 장관 후보자 지명 철회 요구,1
박홍배,배달 근로자도 반대하는 '새벽 배송 제한'…획일적 규제 멈춰야,hankyung.com,https://www.hankyung.com/article/2026083145781,2026-09-01,새벽배송 제한 법안 발의,1
복기왕,"""행정수도 완성, 국가 대전환 출발점""... 국회 앞 1천여 명의 함성",ohmynews.com,https://www.ohmynews.com/NWS_Web/View/at_pg.aspx?CNTN_CD=A0003263405&CMPT_CD=P0010&utm_source=naver&utm_medium=newsearch&utm_campaign=naver_news,2026-09-01,행정수도 특별법 연내 통과 추진,1
권칠승,"민주·국힘 정책위 상견례…""선거 공통공약 빠르게 처리하자""",news1.kr,https://www.news1.kr/politics/assembly/6276110,2026-09-01,민주·국힘 정책위 상견례서 선거 공통공약 처리 합의,1
김성환,"수소 포기 수순?…기후부, 2년 연속 청정수소예산 한푼도 안써",ekn.kr,https://www.ekn.kr/web/view.php?key=20260831022008620,2026-09-01,기후부 청정수소예산 집행률 비판,1
김소희,“자회사 처우도 원청서 책임져라”…현대차 ‘영업사원’ 교섭은 피했...,biz.heraldcorp.com,https://biz.heraldcorp.com/article/10858295?ref=naver,2026-09-01,노란봉투법 교섭요구 현황 지적,1
김승수,"대구시당위원장 김승수 단독 출마, 국민의힘 내부 변화 예고",gokorea.kr,https://www.gokorea.kr/news/articleView.html?idxno=876763,2026-09-01,국민의힘 대구시당위원장 단독 추대,1
박해철,"박해철 ""외국인 노동자 산재, 국가적 안전위기 수준""",gukjenews.com,https://www.gukjenews.com/news/articleView.html?idxno=3680780,2026-09-01,외국인 노동자 산재 국가적 안전위기 수준 경고,1
권향엽,"권향엽 의원 ""광양백운산 남부학술림 관리체계 재정립해야""",newspim.com,https://www.newspim.com/news/view/20260901000597,2026-09-01,광양백운산 남부학술림 관리체계 재정립 촉구,1
곽규택,"국민의힘, 용혜인·김승원 장관 후보자 맹공…""민심 역행 인사""",view.asiae.co.kr,https://view.asiae.co.kr/article/2026090100034681294,2026-09-01,용혜인 장관 후보직 사퇴 촉구,1
권칠승,여야 정책위 협의체 가동… 쟁점 법안엔 일부 ‘신경전’,kukinews.com,https://www.kukinews.com/article/view/kuk202609010080,2026-09-01,여야 정책위 협의체 가동 및 공통공약 해법 모색,1
김선민,9월 정기국회 시작…복지위 보건의료 법안 어디까지 왔나,docdocdoc.co.kr,http://www.docdocdoc.co.kr/news/articleView.html?idxno=3042296,2026-09-01,응급의료법 개정안 대표발의,1
김재섭,"김재섭 의원, 서울아레나 개장 전 관광 인프라 지원 법안 발의",financialreview.co.kr,http://www.financialreview.co.kr/news/articleView.html?idxno=44498,2026-09-01,서울아레나 인근 관광 인프라 지원 법안 발의,1
김남희,조희대 부친상에 잠시 멈춘 ‘제청권 갈등’…갈등 불씨는 남아,sedaily.com,https://www.sedaily.com/article/20085515?ref=naver,2026-09-01,조희대 대법원장 부친상 조문,1
김장겸,"사전투표 폐지·투표일 이틀로 연장…김장겸, 국민주권보장법 발의",dt.co.kr,https://www.dt.co.kr/article/12081269?ref=naver,2026-09-01,국민주권보장법 대표발의,1
김윤덕,"성평등부, AI 딥페이크 성범죄 대응 회의",safetimes.co.kr,https://www.safetimes.co.kr/news/articleView.html?idxno=245322,2026-09-01,국토부 장관 국외 출장,1
김윤덕,김용범 靑정책실장 사의…李 대통령 사표 수리,asiatime.co.kr,https://www.asiatime.co.kr/article/20260901500052,2026-09-01,국토교통부 장관 교체,1
김우영,"'지원하는 국가' 에서 '투자하는 국가' 로…""기업가형 국가 위한 R&D 체계...",pinpointnews.co.kr,https://www.pinpointnews.co.kr/news/articleView.html?idxno=482435,2026-09-01,국가연구개발혁신법 개정안 대표발의,1
김승원,법무장관 후보자와 기소유예 [김태훈의 의미 또는 재미],segye.com,https://www.segye.com/newsView/20260901503517?OutUrl=naver,2026-09-01,법무부 장관 후보자 지명,1
고동진,고카페인 식품 '공부 효과' 광고 막는다,wolyo.co.kr,https://www.wolyo.co.kr/news/articleView.html?idxno=317150,2026-09-01,어린이 식생활안전관리법 개정안 대표발의,1
고동진,“공부 잘하려면 고카페인?”…어린이 현혹 광고 막는다,biz.heraldcorp.com,https://biz.heraldcorp.com/article/10858147?ref=naver,2026-09-01,고카페인 식품 공부 효과 광고 제한법 발의,1
고동진,"""어린이 고카페인 광고·판촉 제한법 국회 제출""...고카페인 식품 '학업...",pinpointnews.co.kr,https://www.pinpointnews.co.kr/news/articleView.html?idxno=482429,2026-09-01,어린이 고카페인 광고 제한법 발의,1
곽규택,'이상한 임대주택 선정'에 해수부 직원 입주는 단 3세대,kookje.co.kr,http://www.kookje.co.kr/news2011/asp/newsbody.asp?code=0100&key=20260901.99099000030,2026-09-01,임대주택 선정 방식 지적,1
강선영,"국방장관, 여직원에 부적절한 발언 국방홍보원장 ‘서면주의’ ...",sedaily.com,https://www.sedaily.com/article/20085354?ref=naver,2026-09-01,국방홍보원장 부적절 발언 지적,1
강명구,"TK의원들, 물가부터 안보까지 李 정부 정조준",kbmaeil.com,https://www.kbmaeil.com/article/20260901500721,2026-09-01,제주 실종 사건 관련 정부 질의,1
김상훈,"한국 국세청, 2027년 가상자산 과세 앞두고 개인 지갑 추적 소프트웨어...",wikitree.co.kr,https://www.wikitree.co.kr/articles/1156339,2026-09-01,국세청 가상자산 추적 소프트웨어 도입 계획 제출,1
권칠승,반복되는 영유아 학대...'검진 의무화' 입법 추진,ytn.co.kr,https://www.ytn.co.kr/_ln/0103_202609010407218942,2026-09-01,영유아 건강검진 의무화 법안 추진,1
김민석,'친청' 지우기 나선 김민석…총선 2년 앞두고 '공천 물갈이' 시동거나,dailian.co.kr,https://www.dailian.co.kr/news/view/1684709/?sc=Naver,2026-09-01,당 대표 특보단 등 주요 인선 단행,1
김민석,9월 1일(화),newspim.com,https://www.newspim.com/news/view/20260901000005,2026-09-01,민주당 대표 일정 소화,1
김미애,철도역 식음료매장 임대수입 4년 새 124% 증가…매장 수는 감소,yna.co.kr,https://www.yna.co.kr/view/AKR20260831154800001?input=1195m,2026-09-01,철도역 식음료매장 임대수입 증가 지적,1
김남희,"“김어준과 정면승부” 민주당TV, 동접자수 얼마일까 [오늘의 여의도]",edaily.co.kr,https://www.edaily.co.kr/News/Read?newsId=02197606645575856&mediaCodeNo=257&utm_source=naver&utm_medium=referral&utm_campaign=news_syndication&utm_content=original_article,2026-09-01,조희대 대법원장 부친상 조문,1
고동진,"고동진 의원, 고카페인 식품 '학업능력 향상' 광고 금지법 발의",financialreview.co.kr,http://www.financialreview.co.kr/news/articleView.html?idxno=44499,2026-09-01,고카페인 식품 학업능력 향상 광고 금지법 발의,1
김승원,용혜인·강신철·김승원 '삼각편대',newstown.co.kr,http://www.newstown.co.kr/news/articleView.html?idxno=714266,2026-09-01,법무부 장관 후보자 지명,1
김민석,"정청래·친청계 지역구 경쟁자들, 김민석 체제서 당직 중용 '눈길'",mt.co.kr,https://www.mt.co.kr/politics/2026/09/01/2026083113373480952,2026-09-01,당직 인선서 친청계 인사 중용,1
김남희,조희대 부친상… ‘대법관 재제청’ 논란 잠시 소강,chosun.com,https://www.chosun.com/national/court_law/2026/09/01/KGH4WPYJRZCFVF5G3SQZMQS5EY/?utm_source=naver&utm_medium=referral&utm_campaign=naver-news,2026-09-01,조희대 대법원장 부친상 조문,1
김승수,국민의힘 차기 대구시당위원장 김승수 내정,biz.heraldcorp.com,https://biz.heraldcorp.com/article/10858247?ref=naver,2026-09-01,국민의힘 대구시당위원장 내정,1
김성회,“수술비 빌려달라” “중고 휴대전화 매매”… 도박-빚투에 민간...,donga.com,https://www.donga.com/news/Society/article/all/20260831/134579583/2,2026-09-01,군인 범죄 자료 국방위 제출 받아,1
강선영,"국민의힘 ""김승원·용혜인 장관 후보 지명 철회하라""... 개각 두고 여야...",insight.co.kr,https://www.insight.co.kr/news/571351,2026-09-01,장관 후보자 지명 철회 요구,1
강민국,정부 세제개편안 국민 찬성 3.1% 불과…입법예고 기간 ‘반대 의견’ 쏟...,kookje.co.kr,http://www.kookje.co.kr/news2011/asp/newsbody.asp?code=0300&key=20260901.99099000116,2026-09-01,세제개편안 입법예고 반대 의견 집중 지적,1
강민국,정부 세제개편안 찬성 3.1% 불과…강민국 “독소 조항 원점 재검토해야...,biz.heraldcorp.com,https://biz.heraldcorp.com/article/10858784?ref=naver,2026-09-01,세제개편안 독소조항 원점 재검토 촉구,1
김은혜,LH 매입임대 공실 다시 4%대…연말까지 3%대로 낮춘다,news1.kr,https://www.news1.kr/realestate/general/6273111,2026-09-01,LH 매입임대 공실률 저감 촉구,1
김승원,"정점식 ""이재명 대통령, 김승원 지명 철회하고 '재판받겠다' 선언해야""",news.sbs.co.kr,https://news.sbs.co.kr/news/endPage.do?news_id=N1008731317&plink=ORI&cooper=NAVER,2026-09-01,법무부 장관 지명 철회 요구 받아,1
곽규택,"용혜인·김승원 임명 논란, 국민의힘 집중 비판의 이유는?",gokorea.kr,https://www.gokorea.kr/news/articleView.html?idxno=876794,2026-09-01,용혜인 후보자 사퇴 촉구 비판,1
곽규택,해수부 직원용 임대주택 48가구 중 해수부 직원 입주 3가구,yna.co.kr,https://www.yna.co.kr/view/AKR20260901070000051?input=1195m,2026-09-01,해수부 임대주택 선정 과정 의문 제기,1
곽규택,"용혜인 사면초가... 급기야 민주당도 용혜인 공격 시작 ""동의할 수 없다...",wikitree.co.kr,https://www.wikitree.co.kr/articles/1156392,2026-09-01,용혜인 후보자 인사청문회 자격 비판,1
김승원,"정점식 ""지명 철회 0순위 김승원 …공소취소 최적임자 고른 것""",yonhapnewstv.co.kr,http://www.yonhapnewstv.co.kr/news/AKR20260901095145yDx,2026-09-01,법무부 장관 지명 철회 촉구,1
구자근,"구자근 의원, 소상공인 홍보 방송 규제 푼다…법 개정안 발의",kyongbuk.co.kr,https://www.kyongbuk.co.kr/news/articleView.html?idxno=4082747,2026-09-01,소상공인 홍보 방송 규제 완화법 대표발의,1
구자근,“절반이 폐업” 경북 소상공인 위기 속 ‘소상공인 패키지법’ 발의 눈...,kbmaeil.com,https://www.kbmaeil.com/article/20260901500644,2026-09-01,소상공인 패키지법 대표발의,1
구자근,소상공인연합회 홍보 콘텐츠 제작 근거 신설,hidomin.com,https://www.hidomin.com/news/articleView.html?idxno=719357,2026-09-01,소상공인연합회 홍보 콘텐츠 제작 근거법 발의,1
구자근,"구자근, 소상공인 홍보·방송 송출 지원법 대표 발의",news1.kr,https://www.news1.kr/local/daegu-gyeongbuk/6275904,2026-09-01,소상공인 홍보·방송 송출 지원법 대표발의,1
권영진,"경찰청장 대행 ""제주 실종자 사인 뒤집지 않아""...국과수 감정 설명",newspim.com,https://www.newspim.com/news/view/20260901000989,2026-09-01,제주 실종자 관련 경찰 입장 질의,1
권영진,"경찰청장 대행, 제주 실종자 사인에 “경찰이 입장 바꿨단 말 동의 못해...",khan.co.kr,https://www.khan.co.kr/article/202609011433001,2026-09-01,제주 실종자 사인 관련 경찰 질의,1
권영진,"경찰청장 대행 ""제주 실종 사망 원인, 경찰 입장 뒤집었다 생각 안 해""",imnews.imbc.com,https://imnews.imbc.com/news/2026/politics/article/6848811_36911.html,2026-09-01,제주 실종 사건 관련 경찰 질의,1
권영진,"경찰청장 대행 ""제주 사건 사인 뒤집은 적 없어…모든 가능성 수사""",mt.co.kr,https://www.mt.co.kr/politics/2026/09/01/2026090111433158679,2026-09-01,제주 사건 경찰 수사 관련 질의,1
권칠승,'與정책위의장 1호 민생 법안'…2세 미만 영유아 건강검진 의무화,mt.co.kr,https://www.mt.co.kr/politics/2026/09/01/2026090114501881780,2026-09-01,2세 미만 영유아 건강검진 의무화 법안 발의,1
권칠승,정기국회 100일 대장정 돌입...여야 '민생 협치' 속 곳곳 대립각,m-economynews.com,https://www.m-economynews.com/news/article.html?no=70304,2026-09-01,여야 정기국회 대립각 속 민생 강조,1
곽규택,"부산 이전 해수부 직원용 임대주택 48가구 매입, 입주는 고작 3가구",newsis.com,https://www.newsis.com/view/NISX20260901_0003771082,2026-09-01,해수부 직원용 임대주택 저조한 입주 지적,1
권칠승,"여야 정책위, 교집합 민생 입법 과제 우선 처리키로",sisafocus.co.kr,http://www.sisafocus.co.kr/news/articleView.html?idxno=364446,2026-09-01,여야 정책위 민생 입법 과제 우선 처리 합의,1
권칠승,"여야 정책위, 정기국회 첫날 협의체 가동…""총선·지선 공통 공약 우선...",view.asiae.co.kr,https://view.asiae.co.kr/article/2026090114141343815,2026-09-01,여야 정책위 연석회의서 민생 성과 강조,1
권칠승,"여야 정책위 손 맞잡았다…""민생이 중요, 상시 소통 채널 가동하자""",news.tf.co.kr,https://news.tf.co.kr/read/ptoday/2360372.htm,2026-09-01,여야 정책위 상시 소통 채널 가동 합의,1
권칠승,여야 정책위 “선거 공통 공약 신속 합의 처리”…보완수사권 등에는 이...,news.kbs.co.kr,https://news.kbs.co.kr/news/pc/view/view.do?ncd=8651551&ref=A,2026-09-01,여야 정책위 선거 공통 공약 신속 처리 합의,1
권칠승,"여야 정책위 ""대선·총선·지선 공통공약은 합의 처리 노력""",metroseoul.co.kr,http://www.metroseoul.co.kr/article/20260901500172,2026-09-01,여야 정책위 의장단 연석회의 개최,1
강민국,‘2026년 세제개편안’ 국민 찬성의견 3% 불과…입법예고 ‘반대’ 비등,viva100.com,https://www.viva100.com/article/20260901500935,2026-09-01,세제개편안 반대 여론 대국민 저항으로 규정,1
김승원,정점식 “김승원 법무장관 지명은 ‘공소 취소 최우선’ 대국민 메시지...,news.kbs.co.kr,https://news.kbs.co.kr/news/pc/view/view.do?ncd=8651293&ref=A,2026-09-01,법무부 장관 후보자 지명 철회 요구,1
문대림,"문대림 의원, 행안위 및 민주당 경찰개혁추진단과 제주 실종사건 공동 ...",weeklytrade.co.kr,https://weeklytrade.co.kr/news/view.html?section=1&category=160&item=&no=101213,2026-09-01,제주 실종 사건 점검 및 대책 논의,1
김승원,"정점식 “김승원 법무장관 후보자, 李대통령 공소취소 최적임자 고른 것...",biz.chosun.com,https://biz.chosun.com/policy/politics/assembly/2026/09/01/FUEZK33PMNE3NIIMZ5O4O6ZHA4/?utm_source=naver&utm_medium=original&utm_campaign=biz,2026-09-01,법무부 장관 후보자 지명 비판,1
김남희,민주당 경찰개혁추진단 공동단장 맡은 김남희 의원,news1.kr,https://www.news1.kr/photos/8082560,2026-09-01,경찰개혁추진단 공동단장 회의 발언,1
강선영,여권에서도 '용혜인' 의원 겸직 논란,ggilbo.com,https://www.ggilbo.com/news/articleView.html?idxno=1179046,2026-09-01,용혜인 의원 겸직 지적,1
강선영,"커지는 용혜인 비례대표 겸직 논란…여당서도 ""당연히 사퇴해야""",mbn.co.kr,http://www.mbn.co.kr/pages/news/newsView.php?news_seq_no=5216284,2026-09-01,용혜인 겸직 논란 비판,1
강선영,"여당 내부서도 ""용혜인 비례의원 사퇴해야""‥후폭풍 계속",imnews.imbc.com,https://imnews.imbc.com/replay/2026/nwdesk/article/6848907_37004.html,2026-09-01,용혜인 후보자 지명 철회 촉구,1
강선영,"범여권 '반대론' 확산에 ""지명 철회"" 요구까지…野, '용혜인 방지법' 발...",news.tvchosun.com,https://news.tvchosun.com/site/data/html_dir/2026/09/01/2026090190223.html,2026-09-01,용혜인 지명 철회 요구,1
강선영,“지지율 떨어지는데”…여권에서도 커지는 ‘용혜인 의원직 사퇴’ 목...,news.kbs.co.kr,https://news.kbs.co.kr/news/pc/view/view.do?ncd=8651976&ref=A,2026-09-01,용혜인 의원직 사퇴 촉구,1
강선영,"“사퇴” 공세에…용혜인, 침묵 버티기?",ichannela.com,https://www.ichannela.com/news/main/news_detailPage.do?publishId=000000548184,2026-09-01,용혜인 의원 법안 발의 비판,1
강명구,TK행정통합 이슈 다시 불붙나?,yeongnam.com,https://www.yeongnam.com/web/view.php?key=20260901027315921,2026-09-01,TK행정통합법 통과 촉구,1
강명구,"""경찰 못 믿나"" 야당 반발 속 중수청법 상정…이태원 특조위 연장안 통...",idaegu.co.kr,https://www.idaegu.co.kr/news/articleView.html?idxno=558264,2026-09-01,중수청법 개정안 지적,1
강명구,"경찰청장 대행, 제주 실종 사인에 ""경찰 입장 뒤집은 거 아냐""",hankyung.com,https://www.hankyung.com/article/2026090176107,2026-09-01,경찰청장 임명 지연 비판,1
서영교,9월 1일 화요일 국회,jeonmae.co.kr,https://www.jeonmae.co.kr/news/articleView.html?idxno=1288896,2026-09-01,가사소송법 전부개정안 통과 촉구,1
김남희,민주당 경찰개혁추진단 김남희 공동위원장,yna.co.kr,https://www.yna.co.kr/view/PYH20260901174900013?input=1196m,2026-09-01,경찰개혁추진단 공동위원장 회의 발언,2
김남희,"이언주 의원, '전기차 생산세액공제법' 발의…국내 생산 전기차 최대 40...",energydaily.co.kr,https://www.energydaily.co.kr/news/articleView.html?idxno=202730,2026-09-01,'전기차 생산세액공제법' 공동발의,1
김승원,"정점식 ""김승원은 지명 철회 0순위…공소 취소 초강경파""",mbn.mk.co.kr,http://mbn.mk.co.kr/pages/news/newsView.php?category=mbn00006&news_seq_no=5216110,2026-09-01,법무부 장관 지명 철회 촉구,1
김승원,"정점식 ""김승원 지명, 李 최우선 과제가 공소 취소라는 메시지""",iminju.net,http://www.iminju.net/news/articleView.html?idxno=168835,2026-09-01,법무부 장관 지명 비판 및 철회 요구,1
김승원,"국힘 “김승원 지명, 李 공소취소 대국민 메시지…지명 철회 0순위”",etoday.co.kr,https://www.etoday.co.kr/news/view/2620352,2026-09-01,법무부 장관 후보자 지명,1
김민석,"김민석 ""민주당TV, 당 기조 전하는 '기조방송' 됐으면""",shinailbo.co.kr,https://www.shinailbo.co.kr/news/articleView.html?idxno=5057000,2026-09-01,민주당TV 첫방송서 기조방송 희망 밝혀,1
김승원,"국힘, 지명철회 0순위 '김승원' 지목…""공소취소 최적임자 골라""",newstomato.com,http://www.newstomato.com/ReadNews.aspx?no=1312088&inflow=N,2026-09-01,지명철회 0순위 지목 및 자격 비판,1
박지혜,해상풍력 이어 태양광·육상풍력도 계획입지 TF 추진,e2news.com,http://www.e2news.com/news/articleView.html?idxno=333763,2026-09-01,재생에너지 계획입지 토론회 개최,1
김승원,"정점식 ""김승원, 李 공소취소 최적임자…법무장관 지명 철회해야""",news.tf.co.kr,https://news.tf.co.kr/read/ptoday/2360210.htm,2026-09-01,법무부 장관 지명 철회 요구 받아,1
김남희,"이언주 의원, ‘전기차 생산세액공제법’ 발의…대당 최대 400만원",sentv.co.kr,https://www.sentv.co.kr/article/view/sentv202609010139,2026-09-01,‘전기차 생산세액공제법’ 공동 발의 참여,1
김교흥,"李 “외국인 연금 추납, 우리나라만 해줄 의무 없다”",donga.com,https://www.donga.com/news/Politics/article/all/20260901/134581928/2,2026-09-01,외국인 연금 추납 관련 통계 제출,1
김남국,"與김우영 ""'지원 중심 R&D'에서 '투자형 R&D'로""…관련 법 대표발의",news.tvchosun.com,https://news.tvchosun.com/site/data/html_dir/2026/09/01/2026090190090.html,2026-09-01,'투자형 R&D' 지원 개정안 공동발의,1
김남희,"與 경찰개혁단 첫 회의…김민석 ""과잉 없다는 관점서 개혁안 만들라""(종...",news1.kr,https://www.news1.kr/politics/assembly/6276590,2026-09-01,경찰개혁단 첫 회의서 수사 현장 지적,1
김남희,"김민석 ""총리 시절 경찰개혁안 당부했지만 만족할 안 나와...자체개혁 어...",newspim.com,https://www.newspim.com/news/view/20260901001071,2026-09-01,경찰개혁추진단 공동단장 임명,1
강선영,"여야, 2기 개각 인선 공방 계속 ""국정 공백 최소화"" vs ""용혜인은 미끼""",ajunews.com,https://www.ajunews.com/view/20260901165733842,2026-09-01,용혜인 후보자 겸직 지적,1
강선영,용혜인 의원직 유지에…최민희 “비례 2번 할 정도로 실력 있는 것”,donga.com,https://www.donga.com/news/Politics/article/all/20260901/134581805/1,2026-09-01,용혜인 후보자 자격 미달 비판,1
강승규,"CPTPP 수산업 피해 국회서 집중 제기…""장관직 걸겠다는 의지 있어야""",hdhy.co.kr,https://www.hdhy.co.kr/news/articleView.html?idxno=35181,2026-09-01,해수부 업무보고서 수산업 피해 제기,1
강승규,농협법·농지법 개정 쟁점···식량주권법...,agrinet.co.kr,https://www.agrinet.co.kr/news/articleView.html?idxno=406865,2026-09-01,중앙회장 선거 혼합형 선거제 도입안 발의,1
김성원,“소비자 선택 전에 AI 구매 추천 받을 경쟁력 갖춰야”,biz.heraldcorp.com,https://biz.heraldcorp.com/article/10858836?ref=naver,2026-09-01,온라인유통산업발전포럼 토론회서 AI 유통 강조,1
김성원,"""AI 쇼핑 시대, 브랜드 경쟁의 룰이 바뀐다""",it.chosun.com,https://it.chosun.com/news/articleView.html?idxno=2023092169222,2026-09-01,온라인유통산업발전포럼 정책토론회 개최,1
김성원,"“AI 쇼핑 시대…K상품, '브랜드'로 장기 육성해야”",etnews.com,https://www.etnews.com/20260901000270,2026-09-01,온라인유통산업발전포럼 정책토론회 개최,1
김성원,"‘우리 제품, AI에 발견될 수 있나’…온라인 유통 생존조건 된 AI",kidd.co.kr,https://kidd.co.kr/news/247252,2026-09-01,온라인유통산업발전포럼 정책토론회 주최,1
김성원,"유통업계 ""검색에서 '발견'의 시대로…AI에 선택받는 브랜드 경쟁력 확...",econovill.com,https://www.econovill.com/news/articleView.html?idxno=749550,2026-09-01,온라인유통산업발전포럼 정책토론회 개최,1
김기표,"김민석, ""鄭세력들"" 발언 논란 강민구 與윤리감찰단 부단장 해임 지시",slist.kr,https://www.slist.kr/news/articleView.html?idxno=762939,2026-09-01,윤리감찰단장 관련 발언 논란,1
권칠승,영유아 검진 2번 빠지면 지자체서 가정 방문…'아동학대 사각지대' 차단,wolyo.co.kr,https://www.wolyo.co.kr/news/articleView.html?idxno=317216,2026-09-01,아동복지법·아동수당법 개정안 대표발의,1
권영진,직선제 한발 물러선 장동혁…다음 뇌관은 '당원평가 50%' 당무감사,news1.kr,https://www.news1.kr/politics/assembly/6276010,2026-09-01,당원권 정지로 사고 당협 분류,1
권영진,"경찰청장 대행, 제주 실종 사인에 ""경찰 입장 뒤집은 거 아냐""",hankyung.com,https://www.hankyung.com/article/2026090176107,2026-09-01,제주 실종자 사인 혼선 질의,1
권영진,국힘 당협위원장 직선제 '반쪽 출발',00news.co.kr,http://www.00news.co.kr/news/articleView.html?idxno=106276,2026-09-01,당원권 정지로 공모 대상 제외,1
권영진,"“일 많아질라” A경장, 실종 25건 더 덮었다",ichannela.com,https://www.ichannela.com/news/main/news_detailPage.do?publishId=000000548177,2026-09-01,실종 사건 경찰 부실 대응 추궁,1
권영진,제주 실종자 사인 놓고 국회 공방…경찰청장 대행 “입장...,kwangju.co.kr,http://www.kwangju.co.kr/article.php?aid=1788267900802933339,2026-09-01,제주 실종자 사인 놓고 경찰청장 질의,1
곽규택,"이태원참사 특조위 활동 1년 연장…법사위, 개정안 의결",nocutnews.co.kr,https://www.nocutnews.co.kr/news/6571704?utm_source=naver&utm_medium=article&utm_campaign=20260901061519,2026-09-01,이태원참사 특조위 법사위 의결 절차 비판,1
곽규택,"법사위, 이태원참사 특조위 1년 연장 의결… 與간사 김의겸 호선",view.asiae.co.kr,https://view.asiae.co.kr/article/2026090118471822503,2026-09-01,법사위 이태원참사 특조위 의결 및 여당 간사 비판,1
곽규택,"법사위, '특조위 1년 연장' 이태원참사 특별법 개정안 의결",news.sbs.co.kr,https://news.sbs.co.kr/news/endPage.do?news_id=N1008732822&plink=ORI&cooper=NAVER,2026-09-01,이태원참사 특별법 처리 절차 비판,2
곽규택,"이태원 참사 특별조사위 1년 연장, 여당 간사 선임 논쟁까지 겹친 국회...",gokorea.kr,https://www.gokorea.kr/news/articleView.html?idxno=876849,2026-09-01,이태원참사 특조위 연내 의결 과정 비판,1
곽규택,"법사위, '특조위 활동 1년 연장' 이태원참사 특별법 개정안 의결",etoday.co.kr,https://www.etoday.co.kr/news/view/2620724,2026-09-01,이태원참사 특별법 개정안 처리 절차 비판,1
고민정,"""애초에 공정하지 않았다"" vs ""삼권분립 위배""... 대법관 재제청 두고 폭...",news.ifm.kr,https://news.ifm.kr/news/articleView.html?idxno=478388,2026-09-01,대법관 재제청 관련 헌법 위배 지적,1
고동진,"고동진 의원, 어린이 고카페인 광고·판촉 막는다...'학업능력 향상' 오...",news2day.co.kr,https://www.news2day.co.kr/article/20260901500302,2026-09-01,어린이 고카페인 광고 및 판촉 제한 법안 발의,1
강준현,"세종시 ""행정수도 특별법 연내 제정 촉구""...국회서 범국민...",sisajournal.com,https://www.sisajournal.com/news/articleView.html?idxno=385497,2026-09-01,행정수도 특별법 연내 제정 촉구,1
강준현,행정수도 세종의 마지막 단추… 세종지방법원 건립 본격화,ccnnews.co.kr,http://www.ccnnews.co.kr/news/articleView.html?idxno=414276,2026-09-01,세종지방법원 건립 본격화 강조,1
강준현,'행정수도 완성' 운명의 9월 국회…특별법·세종시법 주목,cctoday.co.kr,https://www.cctoday.co.kr/news/articleView.html?idxno=2235910,2026-09-01,9월 정기국회 행정수도 특별법 심사 전망 긍정,1
강준현,"""24년 기다렸다""…빗속 800명, 국회 향해 행정수도특별법 제정 촉구",ngonews.kr,https://www.ngonews.kr/news/articleView.html?idxno=236939,2026-09-01,행정수도특별법 연내 제정 촉구,1
김남희,與 경찰개혁추진단 첫 회의…김민석 “‘6대 폐단’ 막을 통제장치 설계...,biz.chosun.com,https://biz.chosun.com/policy/politics/assembly/2026/09/01/MXXJ5UKUI5FKFEGLLHUYFEJIBQ/?utm_source=naver&utm_medium=original&utm_campaign=biz,2026-09-01,경찰개혁추진단 1차 회의 참석,1
김남희,"與, 경찰 개혁 추진단 공식 출범 ""제 식구 감싸기 등 폐단 뿌리 뽑겠다...",ajunews.com,https://www.ajunews.com/view/20260901164232777,2026-09-01,경찰 개혁 추진단 공동단장 발언,1
김남희,"與경찰개혁추진단 ""피해자·일선 경찰 등 현장 목소리 충분히 들을 것""",mt.co.kr,https://www.mt.co.kr/politics/2026/09/01/2026090115393891542,2026-09-01,경찰개혁추진단 현장 목소리 청취 강조,1
김종민,"""행정수도 완성, 국가 대전환 출발점""... 국회 앞 1천여 명의 함성",ohmynews.com,https://www.ohmynews.com/NWS_Web/View/at_pg.aspx?CNTN_CD=A0003263405&CMPT_CD=P0010&utm_source=naver&utm_medium=newsearch&utm_campaign=naver_news,2026-09-01,행정수도 완성 즉각 추진 촉구,1
김준형,의원총회에서 발언하는 조국혁신당 김준형 원내대표,yna.co.kr,https://www.yna.co.kr/view/PYH20260901031400013?input=1196m,2026-09-01,조국혁신당 의원총회서 발언,3
김준형,조국혁신당 의원총회에서 발언하는 김준형 원내대표,yna.co.kr,https://www.yna.co.kr/view/PYH20260901031300013?input=1196m,2026-09-01,조국혁신당 의원총회서 발언,3
김준형,발언하는 김준형 원내대표,newsis.com,https://www.newsis.com/view/NISI20260901_0021417982,2026-09-01,조국혁신당 의원총회서 발언,3
김준형,"성평등부, AI 딥페이크 성범죄 대응 회의",safetimes.co.kr,https://www.safetimes.co.kr/news/articleView.html?idxno=245322,2026-09-01,당 의원총회 및 긴급 간담회 참석,1
김준형,9월 1일(화),newspim.com,https://www.newspim.com/news/view/20260901000005,2026-09-01,당 의원총회 및 정기회 개회식 참석,1
김태규,"김태규 ""李대통령 재판 멈춘 이유 물을 때마다 달라...법 아닌 법원이 막...",newspim.com,https://www.newspim.com/news/view/20260901000202,2026-09-01,예결위서 법원행정처장 대상 질의,1
문진석,"비정기 세무조사, 정기조사보다 건당 추징액 3배…'강도' 높아졌다",greened.kr,https://www.greened.kr/news/articleView.html?idxno=348891,2026-09-01,법인 비정기 세무조사 추징액 증가 지적,1
문진석,전세대출도 부익부? 소득 상위 30%가 대출 67% 쓸어갔다,kmib.co.kr,https://www.kmib.co.kr/article/view.asp?arcid=9000007923&cp=nv,2026-09-01,저소득층 전세대출 보완 대책 촉구,1
강준현,"""행정수도 특별법 연내 제정은 국민의 명령""…국회에 울린 '세종 완성' ...",tournews21.com,https://www.tournews21.com/news/articleView.html?idxno=142280,2026-09-01,행정수도 특별법 연내 제정 촉구,1
김민석,김민석 표 민주당TV 첫선…김어준과 동시간대 방송,dt.co.kr,https://www.dt.co.kr/article/12081339?ref=naver,2026-09-01,당 공식 유튜브 민주당TV 첫선,1
김민석,"김민석, 민주당TV '민티07' 첫방송 출연…""민주당 기조방송 될 것""",mt.co.kr,https://www.mt.co.kr/politics/2026/09/01/2026090108250243931,2026-09-01,민주당TV 아침 프로그램 첫방 출연,1
곽규택,"곽규택 의원, "" 해수부 직원용 임대주택이라더니…48세대 중 실제 입주...",fntoday.co.kr,https://www.fntoday.co.kr/news/articleView.html?idxno=391718,2026-09-01,해수부 임대주택 실제 입주 저조 비판,1
김교흥,"외국인 국민연금 추납, 등록보다 실거주 따진다…복지부 상호주의 추진",e-science.co.kr,https://www.e-science.co.kr/news/articleView.html?idxno=134494,2026-09-01,외국인 국민연금 추납 실거주 요건 추진,1
김기표,"李, 비서실장 보내 조희대 부친상 조문… 재제청 갈등 ‘임시 휴전’",seoul.co.kr,https://www.seoul.co.kr/news/politics/2026/09/01/20260901005004?wlog_tag3=naver,2026-09-01,조희대 대법원장 부친상 조문,1
김기표,조희대 부친상… ‘대법관 재제청’ 논란 잠시 소강,chosun.com,https://www.chosun.com/national/court_law/2026/09/01/KGH4WPYJRZCFVF5G3SQZMQS5EY/?utm_source=naver&utm_medium=referral&utm_campaign=naver-news,2026-09-01,조희대 대법원장 부친상 조문,1
김민석,"김민석, 민티 첫방서 ""공부하는 정치로""…""5.8만 동접, 상승이 미래""(종...",news1.kr,https://www.news1.kr/politics/assembly/6275813,2026-09-01,유튜브 채널 민주당TV 첫방송 출범,1
김영배,與는 민심 악화 우려… 부동산 세제 정부안 넘어오면 손볼 태세,chosun.com,https://www.chosun.com/politics/assembly/2026/09/01/VVHQ2TKEQZCG3EYPAR5ZKBLZZI/?utm_source=naver&utm_medium=referral&utm_campaign=naver-news,2026-09-01,부동산 세제 1주택자 보호 건의,1
김기현,"김기현 의원 ""광주비엔날레 대만관 논란...李정부, 주권국가로 中에 항...",newspim.com,https://www.newspim.com/news/view/20260901000178,2026-09-01,광주비엔날레 대만관 논란 관련 입장 표명,1
김윤덕,공공기관 지방 이전하면 수도권 대학생 일자리 없어진다,ddaily.co.kr,https://www.ddaily.co.kr/page/view/2026083116450030273,2026-09-01,국토교통부 장관직 수행,1
김종민,"세종시의회, 행정수도특별법 연내 제정 촉구",ccreview.co.kr,https://www.ccreview.co.kr/news/articleView.html?idxno=356307,2026-09-01,행정수도특별법 연내 제정 촉구,1
강준현,"""행정수도 완성, 국가 대전환 출발점""... 국회 앞 1천여 명의 함성",ohmynews.com,https://www.ohmynews.com/NWS_Web/View/at_pg.aspx?CNTN_CD=A0003263405&CMPT_CD=P0010&utm_source=naver&utm_medium=newsearch&utm_campaign=naver_news,2026-09-01,행정수도 특별법 대표발의 및 제정 촉구,1
강준현,"세종시의회, 행정수도특별법 연내 제정 촉구",ccreview.co.kr,https://www.ccreview.co.kr/news/articleView.html?idxno=356307,2026-09-01,행정수도특별법 연내 제정 촉구 결의,1
강준현,"""행정수도 완성 더는 미룰 수 없다""…세종시의회, 범국민 결의대회 총출...",gukjenews.com,https://www.gukjenews.com/news/articleView.html?idxno=3680798,2026-09-01,행정수도 완성 범국민 결의대회 공동 주최,1
김현정,흑자기업 상폐 논란에 '시총 착시' 손본다,mt.co.kr,https://www.mt.co.kr/stock/2026/09/01/2026083120121547967,2026-09-01,코스닥 흑자기업 상폐 우려 지적,1
김종민,"""행정수도 특별법 연내 제정하라"" 국회 총결집",ccreview.co.kr,https://www.ccreview.co.kr/news/articleView.html?idxno=356298,2026-09-01,행정수도 특별법 연내 제정 촉구,1
김남희,"민주당 ""경찰 6대 폐단 뿌리째 뽑아내야…민주적 통제 강화""",sidae.com,https://www.sidae.com/article/2026090115342529763,2026-09-01,경찰개혁추진단 공동단장 맡아,1
김재섭,"""원외 어려워"" 의원직 사퇴 거부‥""귀족 행세""",imnews.imbc.com,https://imnews.imbc.com/replay/2026/nwtoday/article/6848691_37012.html,2026-09-01,용혜인 후보자 '귀족 행세' 비판,1
김남희,"檢 수사권 재편 한 달 앞…與 경찰개혁 첫 회의, ‘6대 폐단’ 통제장치...",dt.co.kr,https://www.dt.co.kr/article/12081480?ref=naver,2026-09-01,경찰개혁추진단 1차 회의 참석,1
김남희,"與 경찰개혁단 첫 회의…김민석 ""6대 폐단 뿌리 뽑는 방법 강구해야""",news1.kr,https://www.news1.kr/politics/assembly/6276472,2026-09-01,경찰개혁단 회의서 수사 현장 문제 지적,1
김남희,"민주, 경찰개혁 시동…김민석 ""경찰 6대 폐단 뿌리 뽑아야""",shinailbo.co.kr,https://www.shinailbo.co.kr/news/articleView.html?idxno=5057379,2026-09-01,경찰개혁추진단 공동단장으로 현장 개혁 강조,1
김남희,김민석 “경찰 제 식구 감싸기·무단 종결 막을 대책 모두 강구해야”,edaily.co.kr,https://www.edaily.co.kr/News/Read?newsId=04683846645575856&mediaCodeNo=257&utm_source=naver&utm_medium=referral&utm_campaign=news_syndication&utm_content=original_article,2026-09-01,경찰개혁추진단 공동단장 활동,1
김남희,'6대 폐단' 뿌리 뽑는 경찰개혁 외치는 민주당...경찰개혁추진단 출범 ...,news.tf.co.kr,https://news.tf.co.kr/read/photomovie/2360586.htm,2026-09-01,경찰개혁추진단 1차 회의 참석,1
김남희,'경찰개혁' 고심하는 김민석 민주당 대표 [포토],news.tf.co.kr,https://news.tf.co.kr/read/photomovie/2360588.htm,2026-09-01,경찰개혁추진단 1차 회의 참석,1
김남희,민주당 경찰개혁추진단 1차 회의에서 인사하는 김민석 대표,yna.co.kr,https://www.yna.co.kr/view/PYH20260901172300013?input=1196m,2026-09-01,경찰개혁추진단 1차 회의 참석,1
김승원,"정점식 ""김승원, 지명 철회 0순위⋯'공소취소 담당' 장관""",inews24.com,http://www.inews24.com/view/2000393,2026-09-01,법무부 장관 지명 철회 요구 받아,1
김승원,"정점식 ""李대통령, 지명 철회 0순위는 김승원…공소취소 최적임자 골라...",news1.kr,https://www.news1.kr/politics/assembly/6275686,2026-09-01,법무부 장관 지명 철회 요구 받아,1
김승원,"정점식 ""李대통령, 김승원 지명 철회하고 '재판받겠다' 선언해야""",news.einfomax.co.kr,https://news.einfomax.co.kr/news/articleView.html?idxno=4432792,2026-09-01,법무부 장관 지명 철회 요구 받아,2
김승원,"정점식 ""공소 취소 노리는 김승원, '지명 철회 0순위' … 법무장관 자격...",newdaily.co.kr,https://www.newdaily.co.kr/site/data/html/2026/09/01/2026090100070.html,2026-09-01,법무부 장관 지명 철회 요구 받아,1
김승원,"정점식 ""李 김승원 법무 지명, 국정 최우선 과제 '공소취소' 대국민 메시...",newsis.com,https://www.newsis.com/view/NISX20260901_0003770824,2026-09-01,법무부 장관 후보자 지명 비판 받아,1
김승원,78년 검찰청 역사 속으로…내달 2일 공소청·중수청 동시 출범,jeonmae.co.kr,https://www.jeonmae.co.kr/news/articleView.html?idxno=1288895,2026-09-01,법무부 장관 후보자 지명,1
김동아,“새벽배송 푼다더니”…답보하는 대형마트 규제완화 논의,edaily.co.kr,https://www.edaily.co.kr/News/Read?newsId=03640806645575856&mediaCodeNo=257&utm_source=naver&utm_medium=referral&utm_campaign=news_syndication&utm_content=original_article,2026-09-01,대형마트 새벽배송 허용 개정안 발의,1
김대식,"트럼프, 한국에 불만 토로…국민의힘 ""한미관계 무너지면 민생도""",sidae.com,https://www.sidae.com/article/2026090110143239871,2026-09-01,한미관계 우려 및 트럼프 발언 지적,1
김남희,"이언주, '전기차 생산세액공제법' 발의…국내 생산 1대당 최대 400만원 ...",sejungilbo.com,https://www.sejungilbo.com/news/articleView.html?idxno=59907,2026-09-01,'전기차 생산세액공제법' 공동 발의,1
김남희,"與 경찰개혁추진단 출범…김민석 ""경찰 6대 폐단 뿌리 뽑아야""",newsis.com,https://www.newsis.com/view/NISX20260901_0003771933,2026-09-01,경찰개혁추진단 공동단장 선임,1
김기표,조희대 부친상에 잠시 멈춘 ‘제청권 갈등’…갈등 불씨는 남아,sedaily.com,https://www.sedaily.com/article/20085515?ref=naver,2026-09-01,조희대 대법원장 부친상 조문,1
김승원,"정점식 “李, 김승원 지명철회하고 ‘재판받겠다’ 선언해야”",joongang.co.kr,https://www.joongang.co.kr/article/25457985,2026-09-01,법무부 장관 지명 철회 및 재판 선언 촉구,1
문진석,조달업체 부당이득 10년간 615억…허위서류 제출로만 177억,newsis.com,https://www.newsis.com/view/NISX20260831_0003770138,2026-09-01,조달업체 부당이득 적발 현황 공개,1
박선원,"박선원 ""용혜인, 당연히 비례대표 사퇴해야…여론도 그렇다""",newsis.com,https://www.newsis.com/view/NISX20260901_0003770926,2026-09-01,용혜인 의원 비례대표 사퇴 요구,1
박선원,"박선원 ""용혜인, 다음 순번 선관위 등록…당연히 비례대표직 사퇴해야""",mt.co.kr,https://www.mt.co.kr/politics/2026/09/01/2026090108571060201,2026-09-01,용혜인 비례대표직 사퇴 촉구,1
김현정,“3연임 만장일치·연임 75% 동의도 과하다”… 금융지주 회장 규...,seoul.co.kr,https://www.seoul.co.kr/news/economy/2026/09/01/20260901031001?wlog_tag3=naver,2026-09-01,금융지주 회장 연임 규제 개정안 발의,1
김위상,어둠 속 환경미화원… 사망사고에도 야간·2인 작업 빈번,kado.net,https://www.kado.net/news/articleView.html?idxno=2069743,2026-09-01,청소 종사자 산재 현황 자료 공개,1
김윤,9월 정기국회 시작…복지위 보건의료 법안 어디까지 왔나,docdocdoc.co.kr,http://www.docdocdoc.co.kr/news/articleView.html?idxno=3042296,2026-09-01,의약품 수급 정보 공개 약사법 개정안 발의,1
강선영,용혜인 '의원직 유지'·김승원 '공소취소'…2기 개각 인청 '전운',mt.co.kr,https://www.mt.co.kr/politics/2026/09/01/2026083117085418770,2026-09-01,장관 후보자 의원직 유지 비판,1
김태규,9월 1일 화요일 국회,jeonmae.co.kr,https://www.jeonmae.co.kr/news/articleView.html?idxno=1288896,2026-09-01,실종사건 경찰 은폐 관련 기자회견,1
김주영,바이오매스로 농어촌 에너지 자립 모색…규제 개선 과제 논의,nongup.net,http://www.nongup.net/news/articleView.html?idxno=33633,2026-09-01,농어촌 에너지 자립 규제 개선 토론회 개최,1
김교흥,“한 달 일하고 10년치 몰아내 평생 연금?”…외국인 추납 80% ‘중국동...,segye.com,https://www.segye.com/newsView/20260901500939?OutUrl=naver,2026-09-01,외국인 국민연금 추납 급증 지적,1
박지혜,"정부 ""2030년 재생에너지 100GW, 국가가 입지부터 책임진다""",energydaily.co.kr,https://www.energydaily.co.kr/news/articleView.html?idxno=202706,2026-09-01,제1차 재생에너지 기본계획 토론회 개최,1
박성훈,"‘상폐·사기·미신고 거래소’ 삼중고…한국 코인시장, 투자자 보호 구...",coinreaders.com,http://coinreaders.com/255804,2026-09-01,거래소 알트코인 무더기 상장폐지 지적,1
박지원,식약처 소송 패소율 확 줄었다…올해 상반기엔 '전무',news1.kr,https://www.news1.kr/bio/welfare-medical/6275313,2026-09-01,식약처 소송 패소율 관련 자료 제출받아 공개,1
복기왕,"""행정수도 특별법 연내 제정은 국민의 명령""…국회에 울린 '세종 완성' ...",tournews21.com,https://www.tournews21.com/news/articleView.html?idxno=142280,2026-09-01,행정수도 특별법 연내 제정 촉구,1
서영석,"""최근 4년간 요양기관 839곳서 건강보험 거짓청구 345억원 적발""",sportschosun.com,https://www.sportschosun.com/life/2026-09-01/202609010100004580000077,2026-09-01,최근 4년간 요양기관 건보 거짓청구 적발,1
서미화,"장애인건강주치의 지지부진 '낮은 수가' 탓? ""주장애관리 중심 개편 필...",ablenews.co.kr,https://www.ablenews.co.kr/news/articleView.html?idxno=233005,2026-09-01,장애인건강주치의 시범사업 낮은 수가 지적,1
김종양,주식 팔아 번 돈…집 사는 데 8조 썼다,joongang.co.kr,https://www.joongang.co.kr/article/25457943,2026-09-01,증시 자금 부동산 유입 비판,1
박성훈,상반기 채무조정 신청자 10만명 육박,chosun.com,https://www.chosun.com/economy/economy_general/2026/09/01/3PNNNJFNT5G2DENDGZFTOX7XHM/?utm_source=naver&utm_medium=referral&utm_campaign=naver-news,2026-09-01,상반기 채무조정 확정자 9만여 명 집계,1
문대림,"문대림 의원, 빈집 활용 높이고 바가지요금 잡는다... '농어촌정비법' ...",weeklytrade.co.kr,https://weeklytrade.co.kr/news/view.html?section=1&category=160&item=&no=101219,2026-09-01,'농어촌정비법 개정안' 대표발의,1
박충권,"""전쟁 수순""?…북한군 연쇄 남하·무기 전방 배치·안보 위기 총정리",ajunews.com,https://www.ajunews.com/view/20260901093055196,2026-09-01,외교통일위원회서 북한 위협 질의,1
김승원,김승원 법무장관 후보자 청문회 준비단 적선동 둥지…단장에 기조실장,news1.kr,https://www.news1.kr/society/court-prosecution/6275671,2026-09-01,법무부 장관 청문회 준비단 구성,1
김승원,김승원 법무부 장관 후보자 인청준비단 구성…3일 첫 출근,newsis.com,https://www.newsis.com/view/NISX20260901_0003772130,2026-09-01,법무부 장관 후보자 청문준비단 첫 출근,1
박성훈,국힘 박성훈 '고위험 금융상품 출시 전 스트레스테스트 의무화' 법안 발...,mt.co.kr,https://www.mt.co.kr/politics/2026/09/01/2026090109052299371,2026-09-01,고위험 금융상품 스트레스테스트 의무화법 발의,1
박용갑,게임법 경품 규제 완화될까…게임산업법 개정안 연이어 발의,inews24.com,http://www.inews24.com/view/2000353,2026-09-01,게임산업법 개정안 발의,1
박은정,"서영교-박은정 의원, 가사소송법 전부개정안 통과 촉구 기자회견",newsis.com,https://www.newsis.com/view/NISI20260901_0021418002,2026-09-01,가사소송법 전부개정안 통과 촉구,3
박은정,가정 내 사회적 약자 보호 위한 가사소송법 개정 촉구 기자회견,news1.kr,https://www.news1.kr/photos/8081321,2026-09-01,가사소송법 전면 개정 촉구 기자회견,1
박은정,"서영교·박은정, 가사소송법 전면 개정 촉구 기자회견",news1.kr,https://www.news1.kr/photos/8081319,2026-09-01,가사소송법 전면 개정 촉구 기자회견,1
박은정,서영교·박은정 '사회적 약자 보호 위한 가사소송법 전면 개정',news1.kr,https://www.news1.kr/photos/8081320,2026-09-01,가사소송법 전면 개정 촉구 기자회견,1
김정호,민주 전국정당추진특위 위원장에 김정호… 강원 자생력 강화 지원,kado.net,https://www.kado.net/news/articleView.html?idxno=2069716,2026-09-01,전국정당추진특별위원회 위원장 임명,1
박정현,"고향사랑의 날 박람회 참여 지자체 3년 새 44.5%↓…""방문객 통계 부실""",news1.kr,https://www.news1.kr/local/daejeon-chungnam/6275542,2026-09-01,고향사랑의 날 박람회 지자체 참여 감소 지적,1
박성훈,"‘고금리에 더 못 버틴다’…고령층 채무조정, 3년 만 7배 ‘껑충’",dt.co.kr,https://www.dt.co.kr/article/12081268?ref=naver,2026-09-01,고령층 채무조정 확정자 급증 지적,1
박성훈,野박성훈 '고위험상품 출시 전 스트레스테스트' 자본시장법 발의,yna.co.kr,https://www.yna.co.kr/view/AKR20260831163700001?input=1195m,2026-09-01,고위험상품 스트레스테스트 의무화법 발의,1
박성훈,빗썸 상장 코인 474개…美 최대 코인베이스보다 71개 많다,sedaily.com,https://www.sedaily.com/article/20085474?ref=naver,2026-09-01,5대 거래소 5년간 1236개 코인 신규 상장,1
박선원,"박선원 ""용혜인, 의원 사퇴해야... 김승원 '공소 취소' 카드? 대통령 억...",ytn.co.kr,https://www.ytn.co.kr/_ln/0101_202609010742268290,2026-09-01,용혜인 의원직 사퇴 촉구,1
서영교,서영교 '35년 만의 가사소송법 개정 촉구 기자회견',news1.kr,https://www.news1.kr/photos/8081323,2026-09-01,가사소송법 전부개정안 통과 촉구,1
박지원,“월급 3300만원” 드디어 모셨다…은퇴의사 ‘쩐의 전쟁’,joongang.co.kr,https://www.joongang.co.kr/article/25457934,2026-09-01,의료취약지 시니어 의사 지원 체계 구축 촉구,1
박정현,"공무원 정치기본권 TF 재가동, 연내 입법 주목",labortoday.co.kr,https://www.labortoday.co.kr/news/articleView.html?idxno=236520,2026-09-01,공무원 정치기본권 보장법안 9월 발의 추진,1
박성훈,"박성훈 의원, '고위험 레버리지 ETF 안전장치법' 대표발의",intn.co.kr,http://www.intn.co.kr/news/articleView.html?idxno=2052945,2026-09-01,고위험 레버리지 ETF 안전장치법 대표발의,1
김승원,"""대장동 변호 사실 아냐"" 해명한 법무장관 후보자…'공소취소' 우려 지...",dailian.co.kr,https://www.dailian.co.kr/news/view/1685178/?sc=Naver,2026-09-01,대장동 변호 논란 해명,1
김승원,법무 김승원 청문준비단 종로에 둥지…3일 첫 출근(종합),news1.kr,https://www.news1.kr/society/court-prosecution/6276734,2026-09-01,법무부 장관 후보자 청문준비단 사무실 마련,1
김승원,"'비례직 유지 논란' 용혜인 與서도 ""의원직 사퇴하라""",mk.co.kr,https://www.mk.co.kr/article/12141611,2026-09-01,법무부 장관 후보자 지명 철회 요구 직면,1
김승원,"정점식 ""개각 지명철회 0순위는 김승원""",hankyung.com,https://www.hankyung.com/article/2026090174641,2026-09-01,야당서 법무부 장관 후보자 지명철회 요구,1
김영배,"정부, 비거주 1주택자 종부세 강화 철회…기본공제 12억원 유지",dailian.co.kr,https://www.dailian.co.kr/news/view/1685196/?sc=Naver,2026-09-01,비거주 1주택자 종부세 강화 철회 건의,1
김영배,"이 대통령, 비거주 1주택 종부세 유턴…""수도권 총선 표심 때문""",sidae.com,https://www.sidae.com/article/2026090116315278714,2026-09-01,비거주 1주택자 종부세제 개편안 점검 언급,1
김영배,"국회 인사청문회 정국 본격화… 용혜인·김승원 인선 후폭풍, 정국 뇌관...",idaegu.com,https://www.idaegu.com/news/articleView.html?idxno=665389,2026-09-01,법무부 장관 후보자 임명 관련 공소취소 우려 일축,1
김영배,김용범 정책실장 사퇴...'여론 악화' 때문인 듯 [정치 ON],ytn.co.kr,https://www.ytn.co.kr/_ln/0101_202609011625502590,2026-09-01,서울시당위원로서 비거주 1주택자 세제 지적,1
김영배,김승원 법무장관 후보자 전력 논란... 野 “공소취소 전담 장관” 반발,siminilbo.co.kr,https://www.siminilbo.co.kr/news/newsview.php?ncode=1160286005235899,2026-09-01,법무부 장관 후보자 전력 논란 엄호,1
김승원,"김승원 법무장관 후보자, 청문회 본격 돌입…3일 준비단 첫 출근",yna.co.kr,https://www.yna.co.kr/view/AKR20260901183300004?input=1195m,2026-09-01,법무부 장관 후보자 청문회 준비 돌입,1
남인순,"'창고형 약국' 명칭규제 법제화...메가팩토리, 내실다지기로 응수",pharmnews.com,https://www.pharmnews.com/news/articleView.html?idxno=305949,2026-09-01,'창고형 약국' 명칭규제 법안 발의,1
권칠승,"""100일의 여정 시작"" 정기국회 개회…與野, 대치 대신 협치로 시작",mt.co.kr,https://www.mt.co.kr/politics/2026/09/01/2026090114073780311,2026-09-01,정기국회 개회 및 여야 협치 강조,1
권칠승,100일간 정기국회 대장정…개각 인선 공방 계속,yonhapnewstv.co.kr,http://www.yonhapnewstv.co.kr/news/MYH2026090116531507Z,2026-09-01,정기국회 개회 및 개각 인선 공방,2
구자근,"소상공인 홍보 콘텐츠 제작 근거 신설...""광고비 부담 어려운 소상공인...",pinpointnews.co.kr,https://www.pinpointnews.co.kr/news/articleView.html?idxno=482446,2026-09-01,소상공인 홍보 콘텐츠 지원법 발의,1
김종양,주식·채권 팔아 집 샀다…올해 1~7월에만 8조 넘어,newsis.com,https://www.newsis.com/view/NISX20260901_0003770555,2026-09-01,올해 주택 구입 주식·채권 매각대금 8조 돌파,1
김종양,'부동산 대신 주식' 말했는데…주식· 채권 팔아 집 산 돈 올해만 벌써...,pinpointnews.co.kr,https://www.pinpointnews.co.kr/news/articleView.html?idxno=482452,2026-09-01,올해 주택 구입 주식·채권 매각대금 8조 돌파,1
김종양,주식·채권 팔아 마련한 8조원…절반 넘게 15억 이상 집 샀다,news1.kr,https://www.news1.kr/realestate/general/6275696,2026-09-01,주식·채권 매각대금 주택 구입 지적,1
김재원,국회(9월1일 화요일),newsis.com,https://www.newsis.com/view/NISX20260831_0003770379,2026-09-01,강원FC 원정응원단 예산 위법성 기자회견,1
강명구,"국민의힘 “대통령, 경찰청장 일부러 임명 안 하나…조속히 임명해야”",news.kbs.co.kr,https://news.kbs.co.kr/news/pc/view/view.do?ncd=8651297&ref=A,2026-09-01,경찰청장 조속 임명 촉구 질의,1
김재원,"성평등부, AI 딥페이크 성범죄 대응 회의",safetimes.co.kr,https://www.safetimes.co.kr/news/articleView.html?idxno=245322,2026-09-01,강원FC 원정응원단 예산 위법성 기자회견,1
김재원,게임법 경품 규제 완화될까…게임산업법 개정안 연이어 발의,inews24.com,http://www.inews24.com/view/2000353,2026-09-01,게임산업법 개정안 대표발의,1
김남희,"李, 비서실장 보내 조희대 부친상 조문… 재제청 갈등 ‘임시 휴전’",seoul.co.kr,https://www.seoul.co.kr/news/politics/2026/09/01/20260901005004?wlog_tag3=naver,2026-09-01,조희대 대법원장 부친상 조문,1
김선민,온열질환 사망자 ‘통계 사각지대’ 왜 많은가 했더니…“응급실에 실...,weekly.khan.co.kr,https://weekly.khan.co.kr/article/202609010600011,2026-09-01,온열질환 사망자 통계 사각지대 지적,1
김종양,"“올해 주식·채권 매각대금, 서울·경기 주택 구입에 몰렸다”",biz.heraldcorp.com,https://biz.heraldcorp.com/article/10858026?ref=naver,2026-09-01,주식·채권 매각대금 수도권 주택 구입 집중,1
김주영,'노동법안 101개' 줄줄이 기후노동위 상정,labortoday.co.kr,https://www.labortoday.co.kr/news/articleView.html?idxno=236521,2026-09-01,기후노동위 노동법안 상정,1
박선원,법무장관 인선 벌써 시끌…“재판 취소 올인” “대장동 변호 안 했다”,news.kbs.co.kr,https://news.kbs.co.kr/news/pc/view/view.do?ncd=8651047&ref=A,2026-09-01,김승원 법무장관 역할 강조,3
박성준,“깊은 위로의 말씀”…조희대 대법원장 부친상 빈소서 30분간 자리 지킨...,wikitree.co.kr,https://www.wikitree.co.kr/articles/1156350,2026-09-01,더불어민주당 수석대변인 임명,1
박정현,"공무원연맹 ""정치기본권 법안 9월 재발의 추진""",view.asiae.co.kr,https://view.asiae.co.kr/article/2026090106164134302,2026-09-01,공무원 정치기본권 법안 9월 재발의 추진,1
권영진,국민의힘 차기 대구시당위원장 김승수 내정,biz.heraldcorp.com,https://biz.heraldcorp.com/article/10858247?ref=naver,2026-09-01,멱살 논란으로 대구시당위원장 후보서 낙마,1
권영진,국힘 차기 대구시당위원장에 재선 김승수 의원…9월5일 선출,sisajournal.com,https://www.sisajournal.com/news/articleView.html?idxno=385432,2026-09-01,논란으로 대구시당위원장 후보서 사퇴,1
권영진,실종 신고 뒤 주검으로 돌아온 5403명…23명은 살해됐다,seoul.co.kr,https://www.seoul.co.kr/news/society/2026/09/01/20260901500328?wlog_tag3=naver,2026-09-01,실종 신고 후 사망자 5403명 자료 제출받아,1
권영진,"경찰청장 대행, 제주 실종 사인에 ""경찰 입장 뒤집었다 생각 안 해""",news1.kr,https://www.news1.kr/society/incident-accident/6276710,2026-09-01,행안위 회의서 제주 실종 수사 혼선 지적,1
곽규택,與 법사위 간사에 김의겸... 野 “‘청담동 괴담’ ‘흑석대감’ 적절하...,chosun.com,https://www.chosun.com/politics/assembly/2026/09/01/YLR25HD3BBEDVE35J72GJ2GJWU/?utm_source=naver&utm_medium=referral&utm_campaign=naver-news,2026-09-01,김의겸 법사위 간사 선임 비판,1
곽규택,"법사위, 신임 여당 간사에 김의겸 임명 건 의결…국힘 ""'흑석대감' 적절...",newsis.com,https://www.newsis.com/view/NISX20260901_0003772025,2026-09-01,김의겸 법사위 간사 임명 비판,1
곽규택,"'청담동·흑석동' 공방 끝에…법사위, 김의겸 與간사 선임",news1.kr,https://www.news1.kr/politics/assembly/6276651,2026-09-01,특별검사 집행 예산 지적,1
곽규택,해수부 직원용 임대주택 48가구에 직원 3가구 입주,news.knn.co.kr,https://news.knn.co.kr/news/article/191908,2026-09-01,해수부 직원용 임대주택 실태 지적,1
곽규택,"해수부 직원 임대주택인데, 정작 해수부 직원은 단 3세대",busan.com,https://www.busan.com/view/busan/view.php?code=2026090117162356136,2026-09-01,해수부 직원 임대주택 입주 현황 지적,1
곽규택,"곽규택, ""공무원연금공단 해수부 직원 임대주택 사업 검증해야""",busanmbc.co.kr,https://busanmbc.co.kr/01_new/new01_view.asp?idx=288576,2026-09-01,공무원연금공단 임대주택 사업 검증 촉구,1
강준현,[빚투 청구서] 스탁론 반대매매도 터졌다…7개월 만에 지난해 연...,ajunews.com,https://www.ajunews.com/view/20260901135340997,2026-09-01,스탁론 반대매매 위험 지적,1
곽규택,"김의겸 법사위 간사 되자 국힘 “술자리 괴담, 흑석 선생” 반발",joongang.co.kr,https://www.joongang.co.kr/article/25458167,2026-09-01,김의겸 법사위 간사 선임 반발,1
곽규택,“청담동 술자리 괴담 떠올라”·“격돌하던 시절 얘기”…김의겸 법사...,news.kbs.co.kr,https://news.kbs.co.kr/news/pc/view/view.do?ncd=8651699&ref=A,2026-09-01,김의겸 법사위 간사 선임 반발,1
곽규택,"법사위, '특조위 1년 연장' 이태원참사 특별법 개정안 의결(종합)",yna.co.kr,https://www.yna.co.kr/view/AKR20260901104751001?input=1195m,2026-09-01,이태원참사 특별법 개정안 의결,1
곽규택,"여야 법사위, 김의겸 신임 간사 임명 두고 충돌... “흑석대감”",edaily.co.kr,https://www.edaily.co.kr/News/Read?newsId=05179126645575856&mediaCodeNo=257&utm_source=naver&utm_medium=referral&utm_campaign=news_syndication&utm_content=original_article,2026-09-01,김의겸 법사위 간사 임명 반발,1
곽규택,"법사위, 진통 끝 '김의겸 여당 간사' 선임…""청담동 술자리 괴담 떠올라...",yonhapnewstv.co.kr,http://www.yonhapnewstv.co.kr/news/AKR202609011806194xz,2026-09-01,법사위 야당 간사 선임 반발,1
곽규택,"국회의장 ""남북국회회담 제안에 북측 전향적 화답 기대""",pressian.com,https://www.pressian.com/pages/articles/2026090116012266367?utm_source=naver&utm_medium=search,2026-09-01,법사위 간사 선임 표결 요구,1
고동진,"""산안법상 로봇 정의 신설해야""",koscaj.com,https://www.koscaj.com/news/articleView.html?idxno=326203,2026-09-01,산업안전보건법 개정안 발의,1
강준현,[빚투 청구서] 반대매매 4조8000억…7개월 만에 지난해 연간 두 배,ajunews.com,https://www.ajunews.com/view/20260901142517112,2026-09-01,반대매매 급증에 금융당국 경고,1
강준현,세종지방법원 설계 '그늘숲 법원' 확정…2031년 3월 개원,bzeronews.com,https://www.bzeronews.com/news/articleView.html?idxno=821983,2026-09-01,세종지방법원 설치법 대표발의,1
강준현,[빚투 청구서] 담보부족 94%가 반대매매로…50대 '마진콜' 가장 많...,ajunews.com,https://www.ajunews.com/view/20260901135124986,2026-09-01,마진콜 발생 계좌 현황 공개,1
서영석,건보 거짓청구 4년간 348억원…의원·치과의원서 76% 집중,apsk.co.kr,https://www.apsk.co.kr/news/articleView.html?idxno=540313,2026-09-01,4년간 요양기관 건보 거짓청구 348억 적발,1
박선원,"박선원 ""용혜인, 비례대표 다음 순번 있다…당연히 사퇴해야""",news1.kr,https://www.news1.kr/politics/assembly/6275551,2026-09-01,용혜인 비례대표 사퇴 권고,1
권칠승,'100일 대장정' 정기국회 개회…인사청문·슈퍼예산·개헌 격돌 예고,newsworks.co.kr,https://www.newsworks.co.kr/news/articleView.html?idxno=852310,2026-09-01,정기국회 개회 및 민생 협치 강조,1
곽규택,"민주당, 법사위 간사에 김의겸 내정… 野 ""청담동·흑석동 떠올라""",hidomin.com,https://www.hidomin.com/news/articleView.html?idxno=719462,2026-09-01,법사위 간사 내정자 자격 의문 제기,1
박성훈,알트코인 5년간 1236개… 3개중 1개꼴로 상장폐지 [코인 브리핑],segye.com,https://www.segye.com/newsView/20260831515559?OutUrl=naver,2026-09-01,알트코인 3개 중 1개 꼴 상장폐지 지적,1
권영진,"대구시당위원장 김승수 단독 출마, 국민의힘 내부 변화 예고",gokorea.kr,https://www.gokorea.kr/news/articleView.html?idxno=876763,2026-09-01,대구시당위원장 후보서 자진 사퇴,1
곽규택,"국회 법사위, '김의겸 간사'에 여야 충돌 끝 선임",ytn.co.kr,https://www.ytn.co.kr/_ln/0101_202609011741077816,2026-09-01,김의겸 법사위 간사 선임 지적,1
박성훈,"'코인 백화점 시대' 끝나나…디지털자산 거래소, 제도화 앞...",techm.kr,https://www.techm.kr/news/articleView.html?idxno=154794,2026-09-01,부실 알트코인 상장폐지 제도 개선 촉구,1
서영교,가정 내 사회적 약자 보호 위한 가사소송법 개정 촉구 기자회견,news1.kr,https://www.news1.kr/photos/8081321,2026-09-01,가사소송법 전부개정안 통과 촉구,1
박성훈,"고금리·고물가에…채무조정 신청, 상반기만 10만명",joongang.co.kr,https://www.joongang.co.kr/article/25457875,2026-09-01,상반기 채무조정 확정자 10만명 육박,1
박성훈,"채무조정, 상반기 9만7199명… 내수위축에 자영업자 타격",donga.com,https://www.donga.com/news/Economy/article/all/20260831/134578625/2,2026-09-01,내수 위축 속 상반기 채무조정 신청 증가 지적,1
강명구,'7대 범죄 보완수사' 중수청법 개정안 與 주도 행안위 상정,newsis.com,https://www.newsis.com/view/NISX20260901_0003772110,2026-09-01,중수청법 개정안 상정 관련 질의,1
강명구,"경찰청장 대행, 제주 실종 사인에 ""경찰 입장 뒤집었다 생각 안 해""",news1.kr,https://www.news1.kr/society/incident-accident/6276710,2026-09-01,경찰청장 임명 촉구 및 치안 공백 지적,1
강명구,경찰 불송치 결정에 이의신청 4년새 2배 늘었다,fnnews.com,https://www.fnnews.com/news/202609011810458774,2026-09-01,경찰 불송치 이의신청 자료 공개,1
강경숙,"조국혁신당 ""韓, '북미 정상회담' 美 설득하고 北 접점 만들어야""",newsis.com,https://www.newsis.com/view/NISX20260901_0003771030,2026-09-01,통일교 1심 선고 관련 정교유착 비판,1
강경숙,"여야 여성의원 ""여성 30% 이상 공천 의무화 선거법 개정 추진""(종합)",news1.kr,https://www.news1.kr/politics/assembly/6276334,2026-09-01,여성 30% 공천 의무화 선거법 추진,1
강경숙,"남인순 등 17인 ""선출직 공직자에 대한 도덕성 및 국민...",jeonmae.co.kr,https://www.jeonmae.co.kr/news/articleView.html?idxno=1286308,2026-09-01,선출직 도덕성 검증 법안 공동발의,1
김동아,"""1만원 이하 제외·1000억원 기금""…반쪽 규제에 갇힌 대형마트 새벽배...",ziksir.com,https://www.ziksir.com/news/articleView.html?idxno=144970,2026-09-01,대형마트 새벽배송 허용 개정안 대표발의,1
서영교,서영교 '가정 내 사회적 약자 위한 가사소송법 개정 촉구',news1.kr,https://www.news1.kr/photos/8081322,2026-09-01,가사소송법 전부개정안 통과 촉구,1
서영교,"서영교 의원, 가사소송법 전부개정안 통과 촉구 기자회견",newsis.com,https://www.newsis.com/view/NISI20260901_0021418003,2026-09-01,가사소송법 전부개정안 통과 촉구,3
서미화,"서미화 의원, ""낮은 수가 탓만 아니었다… 장애인건강주치의, 본사업 전...",welfarenews.net,https://www.welfarenews.net/news/articleView.html?idxno=210506,2026-09-01,장애인건강주치의 본사업 전 제도 개편 촉구,1
서미화,9월 정기국회 시작…복지위 보건의료 법안 어디까지 왔나,docdocdoc.co.kr,http://www.docdocdoc.co.kr/news/articleView.html?idxno=3042296,2026-09-01,의료급여법 및 건강보험법 개정안 대표발의,1
강민국,"""고치다 말았다""…국힘, 세제개편·예산안 '송곳검증' 예고",edaily.co.kr,https://www.edaily.co.kr/News/Read?newsId=05143046645575856&mediaCodeNo=257&utm_source=naver&utm_medium=referral&utm_campaign=news_syndication&utm_content=original_article,2026-09-01,수정 세제개편안 및 예산안 비판,1
박지원,“월급 3300만원” 드디어 모셨다…은퇴의사 ‘쩐의 전쟁’,joongang.co.kr,https://www.joongang.co.kr/article/25457934,2026-09-01,의료취약지 시니어 의사 지원 체계 구축 촉구,1
박지원,식약처 소송 패소율 확 줄었다…올해 상반기엔 '전무',news1.kr,https://www.news1.kr/bio/welfare-medical/6275313,2026-09-01,식약처 소송 패소율 제로 기록,1
박성훈,다 같이 오르던 불장은 옛말…알트코인 ‘쩐의 전쟁’,dailian.co.kr,https://www.dailian.co.kr/news/view/1684513/?sc=Naver,2026-09-01,상장 후 1년 내 퇴출 알트코인 38개 지적,1
박성훈,"""빚 갚은 내가 바보""...빌리고 또 빌리는데 '6조 탕감'?",edaily.co.kr,https://www.edaily.co.kr/News/Read?newsId=02748646645575856&mediaCodeNo=257&utm_source=naver&utm_medium=referral&utm_campaign=news_syndication&utm_content=original_article,2026-09-01,취약차주 채무조정·재기지원 대책 강화 촉구,1
서영교,"서영교-박은정 의원, 가사소송법 전부개정안 통과 촉구 기자회견",newsis.com,https://www.newsis.com/view/NISI20260901_0021418002,2026-09-01,가사소송법 전부개정안 통과 촉구,3
서영교,"서영교·박은정, 가사소송법 전면 개정 촉구 기자회견",news1.kr,https://www.news1.kr/photos/8081319,2026-09-01,가사소송법 전부개정안 통과 촉구,1
서영석,"건보 거짓청구 4년간 348억원…양방의원 최다, 수법도 다양",akomnews.com,https://www.akomnews.com/bbs/board.php?bo_table=news&wr_id=68217,2026-09-01,요양기관 4년간 348억 건보 거짓청구 적발,1
서영교,가사소송법 전면 개정 촉구하는 서영교 위원장,news1.kr,https://www.news1.kr/photos/8081326,2026-09-01,가사소송법 전부개정안 통과 촉구,1
서영교,서영교·박은정 '사회적 약자 보호 위한 가사소송법 전면 개정',news1.kr,https://www.news1.kr/photos/8081320,2026-09-01,가사소송법 전부개정안 통과 촉구,1
서영석,"건강보험 거짓청구, '진료일 부풀리기' 줄고 '하지 않은 진료' 늘었다",pinpointnews.co.kr,https://www.pinpointnews.co.kr/news/articleView.html?idxno=482487,2026-09-01,요양기관 건강보험 거짓청구 내역 공개,1
강준현,"""국가 균형발전 더는 못 미룬다""… 빗속 국회 뒤흔든 '행정수도 특별법...",ilyoseoul.co.kr,https://www.ilyoseoul.co.kr/news/articleView.html?idxno=521936,2026-09-01,행정수도 특별법 대표 발의,1
김승원,인사청문회·입법·예산 공방 예고… 與野 '100일 레이스' 돌입,asiatoday.co.kr,https://www.asiatoday.co.kr/kn/view.php?key=20260902010000528,2026-09-01,법무부 장관 후보자 인사청문회 정국 돌입,1
강명구,"행안위, 이태원 특조위 1년 연장…'중수청 설치법' 상정",natv.go.kr,https://www.natv.go.kr/natv/news/newsView.do?newsId=514101,2026-09-01,불법 주정차 과태료 부과 법안 발언,1
김영진,"후퇴한 부동산 세제와 맞물린 김용범 전격 퇴진…靑, 후임자 물색",view.asiae.co.kr,https://view.asiae.co.kr/article/2026090117590335287,2026-09-01,단일종목 레버리지 ETF 사태 책임론 제기,1
김병기,11개월째 결론 못낸 김병기 수사… 국수본 “곧 검찰 송치”,chosun.com,https://www.chosun.com/national/incident/2026/09/01/SSK7VNTWRRG6NAWVIBT7YSWPOE/?utm_source=naver&utm_medium=referral&utm_campaign=naver-news,2026-09-01,관련 사건 조속한 검찰 송치 방침,1
김병주,"첨단무기 도입, 속도 높인다···여야 '국방첨단전력사업법' 공동 발의",enewstoday.co.kr,http://www.enewstoday.co.kr/news/articleView.html?idxno=2465317,2026-09-01,국방첨단전력사업법 공동 발의,1
김병주,"이언주 의원, '전기차 생산세액공제법' 발의…국내 생산 전기차 최대 40...",energydaily.co.kr,https://www.energydaily.co.kr/news/articleView.html?idxno=202730,2026-09-01,전기차 생산세액공제법 공동 발의,1
김병주,"이언주, '전기차 생산세액공제법' 발의…국내 생산 1대당 최대 400만원 ...",sejungilbo.com,https://www.sejungilbo.com/news/articleView.html?idxno=59907,2026-09-01,전기차 생산세액공제법 공동 발의,1
김병주,"이언주 의원, ‘전기차 생산세액공제법’ 발의…대당 최대 400만원",sentv.co.kr,https://www.sentv.co.kr/article/view/sentv202609010139,2026-09-01,전기차 생산세액공제법 공동 발의,1
김병주,"김민석 ""개각 계기로 진보개혁 연대 속도""... 혁신당 합당은 ""당원 의사...",thepublic.kr,https://www.thepublic.kr/news/articleView.html?idxno=316999,2026-09-01,전작권 환수 추진단장 임명,1
김병주,친청계 ‘총선전 조국당과 합당론’에… 김민석 “당원 의사 확인해 처...,donga.com,https://www.donga.com/news/Politics/article/all/20260901/134579883/2,2026-09-01,전시작전권 환수 TF 단장 임명,1
김민전,"국회의장 ""남북국회회담 제안에 북측 전향적 화답 기대""",pressian.com,https://www.pressian.com/pages/articles/2026090116012266367?utm_source=naver&utm_medium=search,2026-09-01,대통령 재제청 요청 적합성 질의,1
김병주,"김민석, 李 지지율 30%대 하락 속 민생 드라이브… 당 장악력 강화도",hankookilbo.com,https://www.hankookilbo.com/news/article/A2026083117010004292?did=NA,2026-09-01,전시작전권 환수 TF 단장 임명,1
김상훈,"한국수출입은행 출자 펀드…모빌리티 투자 750억, 4년 넘게 미집행 왜? ...",the-today.com,https://www.the-today.com/news/articleView.html?idxno=89289,2026-09-01,수은 펀드 모빌리티 투자 미집행 질타,1
김상훈,상호금융도 가계대출 총량 배분 통지…고삐 풀릴라 당국 '촉각',news.bizwatch.co.kr,https://news.bizwatch.co.kr/article/finance/2026/09/01/0028,2026-09-01,상호금융 집단대출 증가세 당국 점검 촉구,1
김상훈,"'펀드 부실 방치' 수출입은행...황기연, 국감 소환되나",00news.co.kr,http://www.00news.co.kr/news/articleView.html?idxno=106267,2026-09-01,수출입은행 펀드 부실 관리 전면 강화 주문,1
김상훈,"""법에 없는 양도·대여 기준, 고시 위임은 위법""…가상자산 과세...",edaily.co.kr,https://www.edaily.co.kr/News/Read?newsId=03676886645575856&mediaCodeNo=257&utm_source=naver&utm_medium=referral&utm_campaign=news_syndication&utm_content=original_article,2026-09-01,가상자산 과세 유예 및 제도 정비 촉구,1
김석기,대법관 제청 갈등 속 조희대 대법원장 부친상···여야 지도...,cnbnews.com,https://www.cnbnews.com/news/articleView.html?idxno=1013688,2026-09-01,조희대 대법원장 부친상 조문,1
김석기,조희대 대법원장 부친상에 각계 조문 행렬… 정치권·사법부 잇단 발길,segye.com,https://www.segye.com/newsView/20260901506659?OutUrl=naver,2026-09-01,조희대 대법원장 부친상 조문,1
김석기,“깊은 위로의 말씀”…조희대 대법원장 부친상 빈소서 30분간 자리 지킨...,wikitree.co.kr,https://www.wikitree.co.kr/articles/1156350,2026-09-01,조희대 대법원장 부친상 조문,1
김선교,군의관·공보의 복무단축법 속도내나…'점진적 단축안'도 거론,mt.co.kr,https://www.mt.co.kr/thebio/2026/09/01/2026090112453786532,2026-09-01,군 복무 기간 단축 법안 대표발의,1
김선교,내년 3월 선거 앞둔 지역농협···'비리·부실' 총체적 위기,enewstoday.co.kr,http://www.enewstoday.co.kr/news/articleView.html?idxno=2465322,2026-09-01,지역농협 추정손실액 증가 지적,1
김선민,"아이를 낳을 곳도, 아픈 아이를 치료할 곳도 사라지는 지역의 눈물",jjan.kr,https://www.jjan.kr/article/20260901500255,2026-09-01,소아청소년과 전문의 부족 현황 지적,1
김병주,민주 전국정당추진특위 위원장에 김정호… 강원 자생력 강화 지원,kado.net,https://www.kado.net/news/articleView.html?idxno=2069716,2026-09-01,전시작전권 환수 TF 단장 내정,1
김성원,"김성원, 이소영 중기부 장관 후보자 면담…""정책 역량·현장 이해도 살...",newspim.com,https://www.newspim.com/news/view/20260901000865,2026-09-01,중기부 장관 후보자 면담 실시,1
김민석,"與경찰개혁추진단 출범…""사건 암장 등 6대 폐단 뿌리 뽑겠다""",yna.co.kr,https://www.yna.co.kr/view/AKR20260901165600001?input=1195m,2026-09-01,경찰개혁추진단 첫 회의 참석,1
김남희,"민주 경찰개혁추진단 첫 회의...""6대 폐단 뿌리 뽑아야""",ytn.co.kr,https://www.ytn.co.kr/_ln/0101_202609011656385699,2026-09-01,경찰 수사 우려 해소 및 당정 협의 추진,1
권칠승,한 자리 모인 여야 정책위…'정례 모임' 협치 시동,shinailbo.co.kr,https://www.shinailbo.co.kr/news/articleView.html?idxno=5057315,2026-09-01,여야 정책위 정례 모임 추진,1
권칠승,"여야 정책위, 정기국회 첫날 손잡아...""선거 공통 공약 신속 처리""",ajunews.com,https://www.ajunews.com/view/20260901145415287,2026-09-01,여야 정책위 민생 법안 신속 처리 합의,1
권칠승,회의 참석하는 더불어민주당 정책위원회,gukjenews.com,https://www.gukjenews.com/news/articleView.html?idxno=3681122,2026-09-01,여야 정책위 연석회의 참석,1
김병주,핵잠 966억 첫 예산 편성…필수무기 확보 집중,dt.co.kr,https://www.dt.co.kr/article/12081464?ref=naver,2026-09-01,전작권 환수추진단 단장 임명,1
김병기,"김병기 13개 의혹 수사 1년 다 되도록 결론 없어... 국수본 ""조만간 송치...",thepublic.kr,https://www.thepublic.kr/news/articleView.html?idxno=316994,2026-09-01,13개 의혹 관련 경찰 수사 진행,1
권향엽,"남인순 등 17인 ""선출직 공직자에 대한 도덕성 및 국민...",jeonmae.co.kr,https://www.jeonmae.co.kr/news/articleView.html?idxno=1286308,2026-09-01,선출직 공직자 도덕성 강화 법안 발의,1
김병기,"장동혁 ""증시 도박판, 증권사만 돈 벌어…김용범 아들 증권사 근무 수사...",sisafocus.co.kr,http://www.sisafocus.co.kr/news/articleView.html?idxno=364431,2026-09-01,운영위원회 회의 진행 및 제지,1
고동진,"""공부 잘하려면 고카페인?""…어린이 대상 오인 광고 금지 추진",newsis.com,https://www.newsis.com/view/NISX20260901_0003772007,2026-09-01,어린이 고카페인 광고 금지법 발의,1
고동진,어린이 섭취 유도하는 고카페인 함유 식품 '학업능력 증진' 광고 막는다,foodnews.co.kr,http://www.foodnews.co.kr/news/articleView.html?idxno=119975,2026-09-01,고카페인 '학업능력 증진' 광고 금지법 발의,1
김승원,"與 내부서도 '용혜인 리스크' 우려… ""장관 가려면 비례 의원직 사퇴해...",newsgn.com,https://www.newsgn.com/news/articleView.html?idxno=571014,2026-09-01,법무부 장관 후보자 지명 및 인사청문회 준비,1
강준현,"과중 업무에 승진 적체까지…금융위, 올해만 15명 떠났다",ajunews.com,https://www.ajunews.com/view/20260901143906197,2026-09-01,금융위 퇴직자 현황 자료 제출 요구,1
강준현,세종지방법원 설계공모 당선작 '그늘숲 법원' 하반기 설계 착수,koscaj.com,https://www.koscaj.com/news/articleView.html?idxno=326196,2026-09-01,세종지방법원 설치법 대표발의,1
김교흥,"김교흥 의원, 청년 마약사범 60% 넘는데 재활 전담시설 6곳...교정·치료...",kmaeil.com,https://www.kmaeil.com/news/articleView.html?idxno=650265,2026-09-01,마약사범 재활시설 부족 지적,1
강준현,세종지방법원 설계공모 당선작은 '그늘숲 법원',newsis.com,https://www.newsis.com/view/NISX20260901_0003771846,2026-09-01,세종지방법원 설치법 대표발의,1
강선영,"국민의힘 ""용혜인, 정책 역량 턱없이 부족...장관 맡길 수 있나""",ytn.co.kr,https://www.ytn.co.kr/_ln/0101_202609011029138176,2026-09-01,용혜인 후보자 정책 역량 부족 및 법안 재탕 지적,1
강선영,"국민의힘 “‘비례대표 유지’ 용혜인, 특혜 연장 자기모순…지명 철회...",news.kbs.co.kr,https://news.kbs.co.kr/news/pc/view/view.do?ncd=8651319&ref=A,2026-09-01,용혜인 후보자 비례대표 유지 비판 및 지명 철회 촉구,1
강선영,"용혜인 총체적 무능 난도질한 강선영 ""전문성·역량 부족 자격 미달""",thepublic.kr,https://www.thepublic.kr/news/articleView.html?idxno=317013,2026-09-01,용혜인 후보자 성평등가족부 장관 자격 미달 비판,1
강선영,"안규백 ""마오쩌둥 어록 내 좌우명"" ""탈영? 하늘에 부끄럼 없다...",news.tvchosun.com,https://news.tvchosun.com/site/data/html_dir/2026/09/01/2026090190094.html,2026-09-01,안규백 후보자 방위병 복무 기간 관련 세부 자료 제출 요구,1
강선영,둘이 번걸아가며... 용혜인-박기홍 부부의 뭔가 좀 당황스러운 행적,wikitree.co.kr,https://www.wikitree.co.kr/articles/1156461,2026-09-01,용혜인 후보자 대표발의 법안 저조 비판 및 지명 철회 촉구,1
강선영,100일간 정기국회 대장정…입법·예산·청문 격돌,yonhapnewstv.co.kr,http://www.yonhapnewstv.co.kr/news/MYH20260901135017hkS,2026-09-01,성평등가족위 야당 간사로 용혜인 후보자 지명 철회 요구,1
강선영,"국힘 ""李대통령, 김승원·용혜인 후보자 지명 철회해야""(종합)",news1.kr,https://www.news1.kr/politics/assembly/6275801,2026-09-01,용혜인 후보자 지명 철회 요구 및 대표발의 실적 비판,1
김교흥,李 “다른 나라는 안 해주는데 왜 우리만?…외국인 연금 추납 폐지 검토...,mk.co.kr,https://www.mk.co.kr/article/12141192,2026-09-01,외국인 국민연금 추납 급증 지적,1
김교흥,‘한 달 가입 뒤 119개월 추납’ 논란···외국인 국민연금 실거주 심사...,khan.co.kr,https://www.khan.co.kr/article/202609011351001,2026-09-01,외국인 국민연금 추납 실거주 심사 촉구,1
김교흥,"이 대통령, ‘외국인 연금 추납’ 개정 검토 지시…“우리만 해줄 의무...",news.kbs.co.kr,https://news.kbs.co.kr/news/pc/view/view.do?ncd=8651547&ref=A,2026-09-01,외국인 연금 추납 관련 자료 공개,1
김상훈,①2030세대 허리 휠라,news.bizwatch.co.kr,https://news.bizwatch.co.kr/article/mobile/2026/08/31/0021,2026-09-01,가상자산 과세 2년 유예안 소득세법 개정안 발의,1
김민석,"김민석, 민주당TV '민티07' 첫방 출연…""공부하는 정치로""",news1.kr,https://www.news1.kr/politics/assembly/6275478,2026-09-01,당 공식 유튜브 '민티07' 첫방 출연,1
김민석,"김민석, 민주당TV 라이브 출연...""與 기조 방송 되길 희망... 솔직하게 전...",newspim.com,https://www.newspim.com/news/view/20260901000028,2026-09-01,민주당TV 라이브 첫 방송 게스트 출연,1
김남국,"김남국 의원, 예결위서 교권 침해 피해 교사 보호대책 촉구",m-i.kr,https://www.m-i.kr/news/articleView.html?idxno=1408248,2026-09-01,예결위서 교권 침해 교사 보호대책 촉구,1
김남국,"김남국 의원, 대학 기숙사·국공립 어린이집 확충 촉구",shinailbo.co.kr,https://www.shinailbo.co.kr/news/articleView.html?idxno=5056993,2026-09-01,예결위서 기숙사·어린이집 확충 촉구,1
김형동,'노동법안 101개' 줄줄이 기후노동위 상정,labortoday.co.kr,https://www.labortoday.co.kr/news/articleView.html?idxno=236521,2026-09-01,고용노동법안심사소위원장 선임,1
김용만,"김용범, 개각 하루 만에 퇴장…'ETF·부동산' 이중 악재 논란...",newspim.com,https://www.newspim.com/news/view/20260901000486,2026-09-01,레버리지 ETF 변동성 책임 및 배율 조정 질의,1
문금주,"""댐 주변 주민 희생에 정당한 보상을""…수계기금 개선 촉구",ikbc.co.kr,https://www.ikbc.co.kr/article/view/kbc202609010010,2026-09-01,수계기금 개선 및 댐 주변지역 발전 방안 촉구,1
권칠승,"여야 정책위 연석회의…""민생 법안부터 빠르게 처리"" 한목소리(종합)",news.einfomax.co.kr,https://news.einfomax.co.kr/news/articleView.html?idxno=4432874,2026-09-01,여야 정책위 연석회의 개최,1
김상훈,자동차 할부 대출 줄었는데 연체금 반년 만에 26% 급증…2500억원 육박,chosun.com,https://www.chosun.com/economy/stock-finance/2026/09/01/3W7RYQ6ZEFDW3L4ZQAWWZVCIH4/?utm_source=naver&utm_medium=referral&utm_campaign=naver-news,2026-09-01,상용차 할부금융 연체금 급증 자료 공개,1
김교흥,"李 ""다른 나라는 안 해주는데 우리만 해주나""…외국인 연금 손질",weekly.chosun.com,http://weekly.chosun.com/news/articleView.html?idxno=54863,2026-09-01,외국인 국민연금 추납 증가 지적,1
김용만,'올공 시위' 때문에 김용빈 콘서트도 취소됐다,nocutnews.co.kr,https://www.nocutnews.co.kr/news/6571417?utm_source=naver&utm_medium=article&utm_campaign=20260901025518,2026-09-01,올공 시위 관련 대관 행사 취소 내역 제출받아 공개,1
김영진,「M포토」 행안위 전체회의서 위원장과 대화하는 이해식-강명구,m-economynews.com,https://www.m-economynews.com/news/article.html?no=70309,2026-09-01,행안위 전체회의서 여야 간사와 대화,1
김영진,'7대 범죄 보완수사' 중수청법 개정안 與 주도 행안위 상정,newsis.com,https://www.newsis.com/view/NISX20260901_0003772110,2026-09-01,중수청법 개정안 행안위 상정 주도,1
김영진,"與, '7대 범죄 보완수사' 중수청법 행안위 상정…국힘 ""땜질식 처방""",mt.co.kr,https://www.mt.co.kr/politics/2026/09/01/2026090112315122766,2026-09-01,중수청법 행안위 상정…야당 반발,1
김영진,"행안위, '7대 범죄 보완수사' 중수청법 상정…野 ""與도 경찰 못 믿어""",news1.kr,https://www.news1.kr/politics/assembly/6276123,2026-09-01,"행안위, 7대 범죄 보완수사 중수청법 상정",1
김영호,"한상연, 중소물류창고 화재예방 위한 국회 토론회 성료",mt.co.kr,https://www.mt.co.kr/industry/2026/09/01/2026090113181811345,2026-09-01,물류시설 화재예방 국회 토론회 개최,1
김예지,'7대 범죄 보완수사' 중수청법 개정안 與 주도 행안위 상정,newsis.com,https://www.newsis.com/view/NISX20260901_0003772110,2026-09-01,중수청법 상정 과정에서 정보 접근 차단 지적,1
김예지,"한국DPI, 스페인과 '장애인당사자 주도 CRPD 모니터링' 한국형 추진방안...",ablenews.co.kr,https://www.ablenews.co.kr/news/articleView.html?idxno=233029,2026-09-01,장애인당사자 주도 모니터링 토론회 공동주최,1
김예지,"한국DPI. 스페인 장애인대표위원회(CERMI)와 함께 ""장애인당사자 주도 C...",welfarenews.net,https://www.welfarenews.net/news/articleView.html?idxno=210582,2026-09-01,장애인당사자 주도 모니터링 토론회 공동주최,1
김예지,"與, '7대 범죄 보완수사' 중수청법 행안위 상정…국힘 ""땜질식 처방""",mt.co.kr,https://www.mt.co.kr/politics/2026/09/01/2026090112315122766,2026-09-01,중수청법 속결 논의 및 보완수사권 문제 비판,1
김예지,"행안위, '7대 범죄 보완수사' 중수청법 상정…野 ""與도 경찰 못 믿어""",news1.kr,https://www.news1.kr/politics/assembly/6276123,2026-09-01,중수청법 공감대 없는 속결 논의 지적,1
김용만,"홍기원 등 11인 ""여권 제재 처분의 절차적 명확성과 신...",jeonmae.co.kr,https://www.jeonmae.co.kr/news/articleView.html?idxno=1286310,2026-09-01,여권 제재 처분 명확성 강화 법안 공동발의,1
김용만,'올공 시위' 석 달→'10억 이상' 환불 사태 속…공연 줄취소에 피눈물 흘...,tvreport.co.kr,https://www.tvreport.co.kr/star/article/1072592/,2026-09-01,올공 시위 여파 공연 취소 피해 현황 공개,1
김영진,"김영진 ""장윤기 사건ㆍ제주경찰 실종 허위종결…철저한 반성과 성찰""",lawleader.co.kr,http://www.lawleader.co.kr/news/articleView.html?idxno=19833,2026-09-01,형사사법 체계 반성과 성찰 촉구,1
김영진,"유재성 경찰청장 직무대행 ""경찰 수사역량과 공정성 갖추려 노력""",lawleader.co.kr,http://www.lawleader.co.kr/news/articleView.html?idxno=19834,2026-09-01,경찰수사 혁신 정책토론회 공동 주최,1
김영진,커진 수사권·비어 있는 통제…'신뢰 회복' 해...,ntoday.co.kr,https://www.ntoday.co.kr/news/articleView.html?idxno=129102,2026-09-01,경찰수사 혁신 정책토론회 개최,1
김영배,"김영배 “서울 시민만 20% 떨어져, 부동산 민심 가볍게 봤다”",biz.heraldcorp.com,https://biz.heraldcorp.com/article/10858420?ref=naver,2026-09-01,서울시장 선거 패배 원인으로 부동산 민심 지적,1
김성회,"펄어비스, '붉은사막 인핸스드' 공개…첫 할인으로 스팀 7위 안착",bloter.net,https://www.bloter.net/news/articleView.html?idxno=672386,2026-09-01,게임스컴 방문해 신작 체험,1
김성회,"펄어비스 '붉은사막 인핸스드' 효과, 판매량 증진 및 'IP 가치' 성장",khgames.co.kr,https://www.khgames.co.kr/news/articleView.html?idxno=307936,2026-09-01,게임스컴 국회 방문단 활동,1
김성회,흥행 2막 연 펄어비스 '붉은사막'…인핸스드 공개에 스팀 7위,sports.hankooki.com,https://sports.hankooki.com/news/articleView.html?idxno=6938804,2026-09-01,게임스컴 현장 시찰,1
김성회,게임 규제서 산업 육성으로…정치권 시선 바뀐다,ebn.co.kr,https://www.ebn.co.kr/news/articleView.html?idxno=1722283,2026-09-01,게임스컴 공식 방문,1
김승수,국힘 차기 대구시당위원장에 재선 김승수 의원…9월5일 선출,sisajournal.com,https://www.sisajournal.com/news/articleView.html?idxno=385432,2026-09-01,국민의힘 대구시당위원장 내정,1
김승원,"국회의장 ""남북국회회담 제안에 북측 전향적 화답 기대""",pressian.com,https://www.pressian.com/pages/articles/2026090116012266367?utm_source=naver&utm_medium=search,2026-09-01,법사위 여당 간사직 사임,1
김교흥,외국인 국민연금 추납 제동…'1+119' 막는다,mstoday.co.kr,https://www.mstoday.co.kr/news/articleView.html?idxno=102475,2026-09-01,외국인 국민연금 추납 급증 지적,1
김승원,1년여 만에 달라진 인사 방정식…이재명 2기 내각 ‘범여권·실행파’ ...,ilyo.co.kr,https://ilyo.co.kr/?ac=article_view&entry_id=512538,2026-09-01,법무부 장관 후보자로 지명,1
김승원,김승원 법무장관 후보자 청문회 준비단 구성…모레 첫 출근,mt.co.kr,https://www.mt.co.kr/society/2026/09/01/2026090117593890942,2026-09-01,법무부 장관 후보자 청문회 준비단 출근,1
김승원,"김승원 법무장관 후보자, 모레 청문회준비단 첫 출근",imnews.imbc.com,https://imnews.imbc.com/news/2026/society/article/6848895_36918.html,2026-09-01,법무부 장관 후보자 청문회 준비 돌입,1
김영진,"국회 행안위, 이태원참사 특별법 개정안 의결…본회의 넘으면 '특조위 ...",news.sbs.co.kr,https://news.sbs.co.kr/news/endPage.do?news_id=N1008732084&plink=ORI&cooper=NAVER,2026-09-01,"행안위, 이태원참사 특별법 개정안 의결",1
김성원,"국회 ""반도체 용수 해법, 농수자원에서 찾자""",hansbiz.co.kr,http://www.hansbiz.co.kr/news/articleView.html?idxno=860885,2026-09-01,반도체 용수 확보 대책 지적,1
김영진,‘ETF 사태’ 김용범 사퇴에…국힘 “아들 증권사 미래에셋 수사해야”...,ekn.kr,https://www.ekn.kr/web/view.php?key=20260901022059102,2026-09-01,레버리지 ETF 사태 책임론 사전 제기,1
김남희,與 경찰개혁 첫발…‘제 식구 감싸기·사건 암장’ 6대 폐단 손본다,kukinews.com,https://www.kukinews.com/article/view/kuk202609010181,2026-09-01,신뢰할 수 있는 수사체계 확립 추진,1
김남근,"(디저트제국의 두 얼굴)③(단독)연장 해도, 안 해도 걱정…'계륵' 된 SPC...",newstomato.com,http://www.newstomato.com/ReadNews.aspx?no=1312138&inflow=N,2026-09-01,프랜차이즈 가맹사업 구조 지적,1
김남국,"김남국 의원 ""대학 기숙사 수용률 20.9% 불과""",pressian.com,https://www.pressian.com/pages/articles/2026090110044369495?utm_source=naver&utm_medium=search,2026-09-01,대학 기숙사 수용률 20.9% 지적,1
김영진,"김유정 ""용혜인, 의원직·장관직 둘 중 하나 선...",natv.go.kr,https://www.natv.go.kr/natv/news/newsView.do?newsId=514099,2026-09-01,정책 실패 관련 책임론 거론,1
김교흥,"李 대통령 '외국인 국민연금 추납' 개선 지시…""납득 안된다""",hankyung.com,https://www.hankyung.com/article/2026090171307,2026-09-01,외국인 국민연금 추납 실태 지적,1
김문수,"與김우영 ""'지원 중심 R&D'에서 '투자형 R&D'로""…관련 법 대표발의",news.tvchosun.com,https://news.tvchosun.com/site/data/html_dir/2026/09/01/2026090190090.html,2026-09-01,투자형 R&D 개정안 공동발의,1
김남근,"(디저트제국의 두 얼굴)④""가맹본사 '통제' 관점은 전근대적…'관리'로...",newstomato.com,http://www.newstomato.com/ReadNews.aspx?no=1312156&inflow=N,2026-09-01,SPC 가맹사업 병폐 원인 분석,1
김남희,"與 경찰개혁추진단 가동…김민석 ""경찰 6대 폐단 뿌리 뽑아야""",newsworks.co.kr,https://www.newsworks.co.kr/news/articleView.html?idxno=852331,2026-09-01,경찰개혁추진단 공동단장으로 활동,1
김남희,김민석 “총리 시절 경찰개혁 당부했는데… 6대 폐단 뿌리 뽑아야”,chosun.com,https://www.chosun.com/politics/assembly/2026/09/01/FCVJSSIEQZDJHN27WYTUXYK2KA/?utm_source=naver&utm_medium=referral&utm_campaign=naver-news,2026-09-01,경찰개혁추진단 첫 회의서 현장 목소리 강조,1
김남희,"남인순 등 17인 ""선출직 공직자에 대한 도덕성 및 국민...",jeonmae.co.kr,https://www.jeonmae.co.kr/news/articleView.html?idxno=1286308,2026-09-01,선출직 공직자 도덕성 강화 법안 공동발의,1
김남희,"與경찰개혁추진단 출범…""사건 암장 등 6대 폐단 뿌리 뽑겠다""",yna.co.kr,https://www.yna.co.kr/view/AKR20260901165600001?input=1195m,2026-09-01,경찰개혁추진단 공동단장으로 출범,1
김남희,"민주당 경찰개혁추진단 첫 회의…""6대 폐단 뿌리 뽑는다""",hankyung.com,https://www.hankyung.com/article/202609016957i,2026-09-01,경찰개혁추진단 공동단장 발탁,1
김남희,"김민석 ""증거 은폐·사건 암장 등 경찰 6대 폐단 뿌리 뽑아야""",hankookilbo.com,https://www.hankookilbo.com/news/article/A2026090114230000961?did=NA,2026-09-01,경찰개혁 현실적 해결책 마련 강조,1
김남희,"민주당 경찰개혁추진단 첫 회의…김민석 “경찰 폐단 뿌리 뽑아야, 만족...",news.kbs.co.kr,https://news.kbs.co.kr/news/pc/view/view.do?ncd=8651683&ref=A,2026-09-01,경찰개혁추진단 공동단장으로 소통 강조,1
김남희,"김민석 ""6대 폐단 뿌리 뽑아야""…與 경찰개혁추진단 출범",yonhapnewstv.co.kr,http://www.yonhapnewstv.co.kr/news/AKR20260901173412kTC,2026-09-01,경찰 6대 폐단 근절 위한 추진단 활동,1
김남희,"김민석 ""경찰 제식구 감싸기, 사건암장 등 폐단 뿌리 뽑아야""",ohmynews.com,https://www.ohmynews.com/NWS_Web/View/at_pg.aspx?CNTN_CD=A0003263673&CMPT_CD=P0010&utm_source=naver&utm_medium=newsearch&utm_campaign=naver_news,2026-09-01,민주당 경찰개혁추진단 첫 회의 참석,1
김성회,지스타 외면한 3N2K… 신작은 모두 해외서 공개?,economytalk.kr,http://www.economytalk.kr/news/articleView.html?idxno=423873,2026-09-01,독일 게임스컴 현장 방문,1
김영진,"""모두의 AI 성패, 모두의 데이터에 달렸다""…관건은 흩어진 공공데이터...",ddaily.co.kr,https://www.ddaily.co.kr/page/view/2026090115115327178,2026-09-01,공공데이터 활용 세미나 공동 주최,1
김남희,"민주, 경찰개혁추진단 가동…""6대 폐단 뿌리 뽑겠다""",view.asiae.co.kr,https://view.asiae.co.kr/article/2026090117592948972,2026-09-01,민주당 경찰개혁추진단 공동단장 임명,1
김영진,결국 넘지 못한 'ETF·부동산' 책임론…김용범 전격 사의 왜?,mt.co.kr,https://www.mt.co.kr/politics/2026/09/01/2026090115151826120,2026-09-01,레버리지 ETF 사태 책임론 제기,2
김영진,"김선택 경찰수사심의위원장 ""경찰, 갑자기 큰 권한 가지는 것 아냐""",lawleader.co.kr,http://www.lawleader.co.kr/news/articleView.html?idxno=19835,2026-09-01,경찰수사 혁신 정책토론회 공동 주최,1
김영진,"與, ‘7대범죄 보완수사 요구’ 중수청법 행안위 단독상정…野 “땜질식...",sedaily.com,https://www.sedaily.com/article/20085891?ref=naver,2026-09-01,중수청법 행안위 단독 상정 처리,1
김영진,김용범 靑정책실장 전격 사퇴…'부동산 불안·레버리지 ETF 책임...,polinews.co.kr,https://www.polinews.co.kr/news/articleView.html?idxno=741881,2026-09-01,지지율 하락 원인으로 레버리지 ETF 지적,1
권칠승,"여야, 정기국회 첫날 정책위 연석회의... ""민생 공통공약 추려 신속입법...",lawissue.co.kr,http://www.lawissue.co.kr/view.php?ud=202609011546089695b3279dfb36_12,2026-09-01,여야 정책위 연석회의 개최,1
김성원,“새벽배송 푼다더니”…답보하는 대형마트 규제완화 논의,edaily.co.kr,https://www.edaily.co.kr/News/Read?newsId=03640806645575856&mediaCodeNo=257&utm_source=naver&utm_medium=referral&utm_campaign=news_syndication&utm_content=original_article,2026-09-01,대형마트 영업시간 제한 폐지법 발의,1
김종민,"""행정수도특별법 연내 제정은 국민 명령""",ggilbo.com,https://www.ggilbo.com/news/articleView.html?idxno=1178689,2026-08-31,행정수도특별법 연내 제정 촉구,1
권칠승,‘5극 3특’ 보완책 꺼낸 金…‘메가 텐’ 전면 가동해 정책 드라이브,mk.co.kr,https://www.mk.co.kr/article/12140376,2026-08-31,메가성장특위 상임부위원장 선임,1
강대식,불법 드론에… 김포-제주공항 상반기 159편 이착륙 지연,donga.com,https://www.donga.com/news/Economy/article/all/20260831/134572647/2,2026-08-31,올 상반기 불법 드론으로 인한 공항 이착륙 지연 현황 자료를 공개함,1
김준형,"네팔 실종자 수색 난항 계속…국회 외통위, 외교부 찾아 상황 점검",idomin.com,https://www.idomin.com/news/articleView.html?idxno=2013690,2026-08-31,네팔 실종자 수색 외교부 방문 점검,1
김준혁,'차세대 국가과학기술자' 1천명 키운다…연 5천만원 지원,nocutnews.co.kr,https://www.nocutnews.co.kr/news/6570941?utm_source=naver&utm_medium=article&utm_campaign=20260831064008,2026-08-31,박사후연구원 규정 고등교육법 개정안 대표발의,1
김승원,법무장관 지명 김승원 법사1소위 주재…지적하는 野,news1.kr,https://www.news1.kr/photos/8079904,2026-08-31,법무장관 지명자 법사소위 주재 논란,1
김교흥,"“국민연금 타먹는 법 알음알음 퍼졌다”…중국동포, 외국인 추납 80% 차...",seoul.co.kr,https://www.seoul.co.kr/news/society/2026/08/31/20260831500133?wlog_tag3=naver,2026-08-31,외국인 연금 추납 급증 지적,1
용혜인,성평등가족부 장관 후보 지명된 용혜인 의원,newsis.com,https://www.newsis.com/view/NISI20260831_0021416639,2026-08-31,성평등가족부 장관 후보자로 지명되어 국회 사무실로 출근함,1
권칠승,민주당의 '메가 성장 프로젝트'로 지방 균형 발전 가속화 되나,gokorea.kr,https://www.gokorea.kr/news/articleView.html?idxno=876714,2026-08-31,민주당 정책위의장으로 메가성장특위 참여,1
이해민,'이해민 의원 AI수석 발탁' 관련 발언하는 김준형 원내대표,yna.co.kr,https://www.yna.co.kr/view/PYH20260831035300013?input=1196m,2026-08-31,AI수석 임명과 관련해 조국혁신당 최고위원회의에서 발언함,1
이준석,"'이준석 사퇴' 개혁신당 ""차기 전대 차질 없이 준비…합당설 사실무근""",newsis.com,https://www.newsis.com/view/NISX20260831_0003769074,2026-08-31,대표직 사퇴로 인한 당 내외 위기 수습 착수,1
김종민,"""행정수도 세종"" 국회서 뭉친 충청권",news.mbccb.co.kr,http://news.mbccb.co.kr/home/sub.php?menukey=61&mod=view&RECEIVE_DATE=20260831&SEQUENCE=4433,2026-08-31,행정수도 특별법 입법 정당성 강조,1
이준석,"이준석 사퇴에 갈길 잃은 개혁신당…""자진 해산 전망까지""",kbsm.net,https://www.kbsm.net/news/view.php?idx=532069,2026-08-31,사퇴 이후 당의 진로와 존재 여부 불투명 보도,1
정동영,"국힘, 李대통령 개각에 “재판취소 올인 개각…민심 역주행“",etoday.co.kr,https://www.etoday.co.kr/news/view/2619859,2026-08-31,정동영 통일부 장관 유임 비판,1
김승원,"무엇을 위한 개각인가… 쇄신도, 안정도 그리고 미래도 보이지 않는다",mediawatch.kr,https://www.mediawatch.kr/news/article.html?no=260833,2026-08-31,법무부 장관 지명을 두고 정체성 논란 제기,1
이해민,부동산·주식 문제 최대 책임자는 그대로 뒀다,wikitree.co.kr,https://www.wikitree.co.kr/articles/1156123,2026-08-31,조국혁신당 의원에서 청와대 AI미래기획수석으로 기용됨,1
이해민,국토부 장관 후보자에 홍지선···경제부총리 등 6개 부처 개각,koscaj.com,https://www.koscaj.com/news/articleView.html?idxno=326130,2026-08-31,대통령비서실 AI미래기획수석비서관에 내정됨,1
배준영,"정부, '자발적 탄소시장법' 연내 제정 추진…내년 탄소크레딧 최대 20만...",newsis.com,https://www.newsis.com/view/NISX20260831_0003770157,2026-08-31,자발적 탄소시장법 연내 제정 추진,1
김종양,빗속 뚫고 국회 모인 충청 정치권·시민단체,00news.co.kr,http://www.00news.co.kr/news/articleView.html?idxno=106241,2026-08-31,행정수도특별법 연내 제정 건의,1
황운하,"백범 김구 선생 탄신 150주년 기념행사 열려…""나라사랑 정신, 오늘의 실...",news.tf.co.kr,https://news.tf.co.kr/read/national/2359659.htm,2026-08-31,백범 김구 선생 탄신 150주년 기념행사 참석,1
김종민,"김종민 의원 ""행정수도특별법 연내 제정…이제 실행할 때""",gukjenews.com,https://www.gukjenews.com/news/articleView.html?idxno=3680050,2026-08-31,행정수도특별법 연내 제정 촉구,1
김승원,집권 2년 차 중폭 개각‥왼쪽으로 젊어진 내각,imnews.imbc.com,https://imnews.imbc.com/replay/2026/nw930/article/6848461_36996.html,2026-08-31,법무부 장관 지명,1
용혜인,용혜인 성평등가족부 장관 후보자 출근,yna.co.kr,https://www.yna.co.kr/view/PYH20260831020300013?input=1196m,2026-08-31,성평등가족부 장관 후보자로 출근함,3
김민석,민주당 170석·국민의힘 118석…범여권 '18...,ilyoseoul.co.kr,https://www.ilyoseoul.co.kr/news/articleView.html?idxno=521805,2026-08-31,더불어민주당 대표로 언급됨,1
박지원,"박지원 ""김승원, 법무장관 돼도 국민여론 떠나 공소취소 밀어붙이진 않...",newsis.com,https://www.newsis.com/view/NISX20260831_0003768913,2026-08-31,김승원 법무장관 후보자에 대한 야권의 공소취소 추진 공세를 반박함,1
박홍배,"與, 새벽배송 月 12회 제한 추진… 쿠팡 기사 98% ""소득 줄어들어 반대""",financialpost.co.kr,https://www.financialpost.co.kr/news/articleView.html?idxno=272940,2026-08-31,새벽배송 제한 법안 발의,1
강승규,재해대응·농협법 개정·농특세 활용 등 현안 집중 질타,aflnews.co.kr,https://www.aflnews.co.kr/news/articleView.html?idxno=327153,2026-08-31,농협법 개정안의 문제점과 지역조합 대표성 등에 대해 질의함,1
김민석,"박시영 박시영TV대표, 이택수 리얼미터 대표: 李대통령...",ddanzi.com,http://www.ddanzi.com/893041202,2026-08-31,더불어민주당 김민석 지도부의 체제와 관련해 거론됨,1
고동진,수사관 5년간 1900명 떠났다…경찰 ‘숙련 인력’ 공백 우려,sedaily.com,https://www.sedaily.com/article/20085020?ref=naver,2026-08-31,의원실을 통해 경찰청에서 제출받은 수사 부서 퇴직 경찰관 자료를 공개함,1
김남근,(디저트제국의 두 얼굴)②(단독)SPC 점주 절반 이상 ‘매우 불만족’…...,newstomato.com,http://www.newstomato.com/ReadNews.aspx?no=1311998&inflow=N,2026-08-31,프랜차이즈 본사 유통마진 구조 비판,1
권칠승,"민주당, '메가텐' 띄워 정책 드라이브…민심 반등 승부수",iusm.co.kr,https://www.iusm.co.kr/news/articleView.html?idxno=1067211,2026-08-31,민주당 정책위의장 임명,1
김정호,"민주당, 영남 조직 재정비…전국정당추진위원장 김정호",kbmaeil.com,https://www.kbmaeil.com/article/20260831500286,2026-08-31,민주당 전국정당추진위원장으로 임명,1
주철현,주철현 “순천대 국립의대 추천 확정...대학병원 동시 건립 속도 낼 것...,beyondpost.co.kr,http://www.beyondpost.co.kr/view.php?ud=2026083109413452659aeda69934_30,2026-08-31,순천대 국립의대 선정에 동부권 대학병원 동시 추진 제안,1
김성회,민간인에 사기치는 군인 하루 4명꼴…휴대폰 허용 독됐나,donga.com,https://www.donga.com/news/Society/article/all/20260831/134576690/1,2026-08-31,군인 대민 범죄 현황 자료 공개,1
구자근,"구자근 ""KIAT 직원 절반이 1·2급…무보직만 136명""",kyongbuk.co.kr,https://www.kyongbuk.co.kr/news/articleView.html?idxno=4082605,2026-08-31,산업기술진흥원 고위직 무보직 지적,1
김준형,"기후재난시대, ‘에너지 기본권’ 세워야",dt.co.kr,https://www.dt.co.kr/article/12081189?ref=naver,2026-08-31,에너지 기본권 보장 법안 공동발의,1
김준형,"외통위, 네팔 홍수 대응 점검…""수색에 모든 수단 동원""",edaily.co.kr,https://www.edaily.co.kr/News/Read?newsId=03699846645552896&mediaCodeNo=257&utm_source=naver&utm_medium=referral&utm_campaign=news_syndication&utm_content=original_article,2026-08-31,네팔 홍수 대응 및 수색 작업 점검,1
김정호,"민주당, 전국정당추진위원장에 김정호…김용남 정책위 상임부의장",edaily.co.kr,https://www.edaily.co.kr/News/Read?newsId=03276726645552896&mediaCodeNo=257&utm_source=naver&utm_medium=referral&utm_campaign=news_syndication&utm_content=original_article,2026-08-31,전국정당추진특별위원장 임명,1
김정호,민주당 추가 당직 인선…정책위 상임부의장에 김용남,newstomato.com,http://www.newstomato.com/ReadNews.aspx?no=1311955&inflow=N,2026-08-31,민주당 전국정당추진특별위원장에 임명,1
김준환,"네팔 실종자 수색 난항 계속…국회 외통위, 외교부 찾아 상황 점검",idomin.com,https://www.idomin.com/news/articleView.html?idxno=2013690,2026-08-31,네팔 실종자 수색 외교부 방문 점검,1
서명옥,"우선구매 기념일 제정?…공공 구매비율 강제 법안은 아직[장애인, 일자...",ekn.kr,https://www.ekn.kr/web/view.php?key=20260831020208445,2026-08-31,공공 구매비율 강제 법안 소위 계류,1
김종민,"세종특별자치시, '행정수도 완성'... 범국민 특별법 제정 촉구",newsworker.co.kr,https://www.newsworker.co.kr/news/articleView.html?idxno=501824,2026-08-31,행정수도 특별법 연내 제정 결의,1
박홍배,"금투협, 레버리지 교육비로 85억 벌었다...작년의 12배",news.bizwatch.co.kr,https://news.bizwatch.co.kr/article/market/2026/08/31/0020,2026-08-31,레버리지 교육비 수입 자료 공개,1
김윤,첫만남이용권 '신청주의' 손본다…요건 충족하면 지급 추진,shinailbo.co.kr,https://www.shinailbo.co.kr/news/articleView.html?idxno=5056579,2026-08-31,첫만남이용권 신청주의 개선 법안 공동발의,1
김승수,차기 국민의힘 대구시당 위원장에 김승수 의원 내정,hidomin.com,https://www.hidomin.com/news/articleView.html?idxno=719258,2026-08-31,국민의힘 대구시당위원장 내정,1
문대림,빈집재생민박사업 도입 추진,jemin.com,https://www.jemin.com/news/articleView.html?idxno=842317,2026-08-31,농어촌정비법 개정안 대표발의,1
문대림,"문대림 의원, 농어촌 빈집 민박으로 푼다… '예약 뒤 가격인상' 최대 50...",fnnews.com,https://www.fnnews.com/news/202608311432153971,2026-08-31,농어촌 빈집 활용 민박 제도 개선 추진,1
문대림,농어촌 빈집 활용한 빈집재생민박사업 도입 및 참여 대상 확대 추진,pinpointnews.co.kr,https://www.pinpointnews.co.kr/news/articleView.html?idxno=482168,2026-08-31,'농어촌정비법' 일부개정법률안 대표발의,1
문금주,"농해수위, CPTPP 가입 대응책· 해양경찰청장 공석 등 지적",natv.go.kr,https://www.natv.go.kr/natv/news/newsView.do?newsId=514086,2026-08-31,CPTPP 가입 추진 관련 국내 수산업 피해 우려,1
김승원,오늘의 주요뉴스,news.sbs.co.kr,https://news.sbs.co.kr/news/endPage.do?news_id=N1008729924&plink=ORI&cooper=NAVER,2026-08-31,법무부 장관 지명 야당 비판,1
민병덕,"여야, 정기국회 첫날 정책협의체 가동…민생 공통입법 머리 맞댄다",news1.kr,https://www.news1.kr/politics/assembly/6274690,2026-08-31,정책위 상임부의장 임명,1
김승원,"정기국회 D-1…여야, 100일간 입법·예산·인사청문 전쟁 돌입",polinews.co.kr,https://www.polinews.co.kr/news/articleView.html?idxno=741714,2026-08-31,법무부 장관 지명에 야당 공세 강화,1
김재원,국민의힘 최고위원회의,sisafocus.co.kr,http://www.sisafocus.co.kr/news/articleView.html?idxno=364391,2026-08-31,최고위원회의서 용혜인 후보자 비판,1
박희승,"민주·국힘 정책위의장단, 정기국회 맞아 정책협의체 가동",yna.co.kr,https://www.yna.co.kr/view/AKR20260831081200001?input=1195m,2026-08-31,민주당 정책위의장단 회동 참석,1
김문수,순천대 절실한 '삼보일배' 통했나…전남광주특별시 국립의대 후보 선정,etoday.co.kr,https://www.etoday.co.kr/news/view/2619754,2026-08-31,순천대 의대 유치를 촉구하며 청와대 앞 삭발과 삼보일배 행진에 동참함,1
고동진,"고동진 의원, 국가핵심기술 산업스파이도 '외국 간첩죄' 적용 형법 개정...",ntoday.co.kr,https://www.ntoday.co.kr/news/articleView.html?idxno=129062,2026-08-31,국가핵심기술 산업스파이 '외국 간첩죄' 형법 개정안 발의,1
김선민,"“자배원, ‘8주룰’ 심사 결과 이유까지 밝혀야”…환자 이의제기권 추...",akomnews.com,https://www.akomnews.com/bbs/board.php?bo_table=news&wr_id=68198,2026-08-31,자배원 심사 결과 이유 명시 등을 담은 개정안을 공동발의함,1
김선민,못 받는 사각지대만 175만명… 117만 극빈층 통계가 던진 기초연금 과제,cbci.co.kr,https://www.cbci.co.kr/news/articleView.html?idxno=602232,2026-08-31,보건복지부 자료를 바탕으로 기초연금 수급자 현황과 사각지대 문제를 지적함,1
채현일,"“이러다 다 죽어” 제주 괴담 확산…범죄율 1위, 통계 보니",hani.co.kr,https://www.hani.co.kr/arti/area/area_general/1275394.html,2026-08-31,경찰청으로부터 제주 지역 외국인 피의자 비율 관련 자료를 제출받음,1
김선민,"기초연금 수급자 17% 소득 0원, 14%는 月 200만원↑",donga.com,https://www.donga.com/news/Society/article/all/20260830/134572611/2,2026-08-31,기초연금 수급자 중 소득인정액이 0원인 노인이 17%에 달한다고 밝힘,1
김태규,예결위서 대법관 재제청 공방…與 “대통령 임명권” 野 “제청권 침해...,kookje.co.kr,http://www.kookje.co.kr/news2011/asp/newsbody.asp?code=0100&key=20260831.99099009235,2026-08-31,대법관 재제청 관련 대통령 임명권 옹호,1
김건,"""새로운 한반도 전략은?"" 국회미래연구원, 외교안보포럼 개최",edaily.co.kr,https://www.edaily.co.kr/News/Read?newsId=02118886645552896&mediaCodeNo=257&utm_source=naver&utm_medium=referral&utm_campaign=news_syndication&utm_content=original_article,2026-08-31,국회미래연구원이 개최한 외교안보포럼에 참석함,1
안철수,"안철수·신상진, 성남시 분당 장애인시설 사망 사고 대책 논의…국회 법...",incheonilbo.com,https://www.incheonilbo.com/news/articleView.html?idxno=1330791,2026-08-31,성남시 분당 장애인시설 사망 사고 대책을 논의하기 위해 신상진 성남시장과 긴급 회의를 개최함,1
김기현,대지급금 소요 2030년 ‘1.2조’…30% 회수율에 재정부담 ‘쑥’,sedaily.com,https://www.sedaily.com/article/20084988?ref=naver,2026-08-31,고용노동부로부터 대지급금 회수율 하락 자료를 제출받음,1
박홍배,"'새벽배송 제한' 법안에 쿠팡파트너스연합회 ""98% 반대…생존권 박탈""",news.mtn.co.kr,https://news.mtn.co.kr/news-detail/2026083115190656299,2026-08-31,새벽배송 제한 법안 발의,1
김종민,"행정수도특별법, 9월 정기국회 분수령…충청권 넘어 전국 연대 “연내 ...",cfnews.kr,https://www.cfnews.kr/news/article.html?no=111571,2026-08-31,행정수도특별법 연내 제정 촉구,1
박홍배,대형마트-골목상권 '새벽배송' 놓고 정면충돌…택배 심야배송 제한도 격...,econovill.com,https://www.econovill.com/news/articleView.html?idxno=749397,2026-08-31,새벽배송 제한 산업안전보건법 개정안 발의,1
박홍배,"“3연임 만장일치 과하다” 금융지주 회장 규제, 막판까지 갈팡질팡",seoul.co.kr,https://www.seoul.co.kr/news/economy/2026/08/31/20260831500273?wlog_tag3=naver,2026-08-31,금융지주 회장 연임 규제 개정안 발의,1
박홍배,PK 의원 8명 국회 예결위 합류…부산 유일 與 소속 박홍배 포함,kookje.co.kr,http://www.kookje.co.kr/news2011/asp/newsbody.asp?code=0100&key=20260901.22005009102,2026-08-31,국회 예산결산특별위원회 합류,1
배준영,"자발적 탄소시장법 제정 방향은…기획처, 국회서 토론회",yna.co.kr,https://www.yna.co.kr/view/AKR20260831163300002?input=1195m,2026-08-31,자발적 탄소시장법 제정 토론회 개최,1
배준영,국회·정부 손잡았다…‘자발적 탄소시장법’ 제정 논의 본격화,m-economynews.com,https://www.m-economynews.com/news/article.html?no=70273,2026-08-31,자발적 탄소시장법 제정 토론회 공동 주최,1
복기왕,"국가균형성장의 핵심 '행정수도 완성', 충청권이 이룬다",joongdo.co.kr,https://www.joongdo.co.kr/web/view.php?key=20260831010009431,2026-08-31,행정수도 완성 특별법 제정 촉구,1
김승원,‘중폭 개각’ 여야 설전 계속…“젊고 유능한 후보자들” “‘민심 역...,news.kbs.co.kr,https://news.kbs.co.kr/news/pc/view/view.do?ncd=8650389&ref=A,2026-08-31,법무부 장관 후보자 지명,1
복기왕,"""행정수도특별법 연내 제정은 국민 명령""",ggilbo.com,https://www.ggilbo.com/news/articleView.html?idxno=1178689,2026-08-31,행정수도특별법 연내 제정 촉구,1
복기왕,"""행정수도 특별법 연내 제정"" … 충청권 한목소리",cctimes.kr,http://www.cctimes.kr/news/articleView.html?idxno=924558,2026-08-31,행정수도 특별법 연내 제정 지지 선언,1
김종민,"세종시의회, '행정수도 완성'... 범국민 특별법 제정 촉구",newsworker.co.kr,https://www.newsworker.co.kr/news/articleView.html?idxno=501814,2026-08-31,행정수도 특별법 제정 촉구 결의,1
복기왕,"충청 정치권·시민단체, 세종 행정수도 특별법 제정 한목소리",jeonmae.co.kr,https://www.jeonmae.co.kr/news/articleView.html?idxno=1288766,2026-08-31,세종 행정수도 특별법 제정 촉구,1
복기왕,"충청 민·관·정, 폭우 속 ""행정수도 특별법 연내 제정"" 외쳤다",dtnews24.com,http://www.dtnews24.com/news/articleView.html?idxno=814754,2026-08-31,행정수도 특별법 연내 제정 결의 참석,1
복기왕,"민주 메가성장특위 가동, 새만금 로봇·수소 '메가 전북' 시험대",jeollailbo.com,http://www.jeollailbo.com/news/articleView.html?idxno=809628,2026-08-31,민주당 권역별 책임의원에 충청 담당 임명,1
복기왕,"""행정수도특별법 반드시 연내 처리""...국회서 범국민 결의",newspim.com,https://www.newspim.com/news/view/20260831000992,2026-08-31,행정수도특별법 연내 처리 지지,1
배준영,"정부, 연말 자발적 탄소시장 거래소 개설…내년 크레딧 20만톤 구매",esgeconomy.com,https://www.esgeconomy.com/news/articleView.html?idxno=16550,2026-08-31,자발적 탄소시장법 제정 토론회 개최,1
복기왕,"""행정수도 특별법 연내 제정"" 범국민 결의대회를 개최",gukjenews.com,https://www.gukjenews.com/news/articleView.html?idxno=3680182,2026-08-31,행정수도 특별법 연내 제정 결의대회 참석,1
복기왕,"민주당, '메가텐' 띄워 정책 드라이브…민심 반등 승부수",iusm.co.kr,https://www.iusm.co.kr/news/articleView.html?idxno=1067211,2026-08-31,민주당 메가성장특위 충청권 책임위원 배치,1
복기왕,"세종특별자치시, '행정수도 완성'... 범국민 특별법 제정 촉구",newsworker.co.kr,https://www.newsworker.co.kr/news/articleView.html?idxno=501824,2026-08-31,행정수도 완성 범국민 특별법 제정 지지,1
최수진,"野 ""李대통령 지지율 30% 폭락…위헌적 방탄 특검 당장 폐기해야""",news1.kr,https://www.news1.kr/politics/assembly/6274212,2026-08-31,논평을 통해 대통령 지지율 하락과 위헌적 방탄 특검 폐기를 촉구함,1
김승원,"서영교 법사위원장 ""김승원 법무장관 지명 축하…검찰개혁 소신·능력 ...",newspim.com,https://www.newspim.com/news/view/20260831000260,2026-08-31,법무부 장관 지명 축하,1
이소영,"메인비즈협회 ""이소영 후보자, 中企 새 성장동력 마련에 중추적 역할 기...",view.asiae.co.kr,https://view.asiae.co.kr/article/2026083109194058071,2026-08-31,중소벤처기업부 장관 후보자 지명에 대해 중소기업계의 환영을 받음,1
김승원,"장동혁 “김승원 법무장관 지명, ‘李 재판 취소’에 올인하겠다는 뜻”",kmib.co.kr,https://www.kmib.co.kr/article/view.asp?arcid=9000007577&cp=nv,2026-08-31,법무부 장관 지명으로 '재판 취소 올인' 비판 받음,1
안철수,"안철수 의원, 장애인거주시설 인권·안전 관리 법제화 추진",enewstoday.co.kr,http://www.enewstoday.co.kr/news/articleView.html?idxno=2464639,2026-08-31,장애인거주시설 인권·안전 관리 법제화 추진,1
김희정,"KF·한독협회, 9월 2~4일 독일 에슈보른서 '제24차 한독포럼' 개최",pharmnews.com,https://www.pharmnews.com/news/articleView.html?idxno=305929,2026-08-31,제24차 한독포럼 참석,1
김민석,"野 ""李대통령 지지율 30% 폭락…위헌적 방탄 특검 당장 폐기해야""",news1.kr,https://www.news1.kr/politics/assembly/6274212,2026-08-31,야권의 방탄 특검 폐기 요구 대상 지목,1
김준형,'이해민 의원 AI수석 발탁' 관련 발언하는 김준형 원내대표,yna.co.kr,https://www.yna.co.kr/view/PYH20260831035300013?input=1196m,2026-08-31,이해민 의원 AI수석 발탁 관련 발언,1
장동혁,"장동혁 ""김승원 법무장관 지명 재판 취소 올인 뜻…민심 역주행 개각""",news1.kr,https://www.news1.kr/politics/assembly/6274321,2026-08-31,김승원 법무장관 지명 재판 취소용 비판,1
용혜인,"김용태 “김용범 유지, 김승원·용혜인 발탁…국민 바보 취급하는 정권...",ichannela.com,https://www.ichannela.com/news/main/news_detailPage.do?publishId=000000547785,2026-08-31,장관 지명에 2030 분노 및 정책 비판,1
김민석,'95%의 벽' 낮춘 지주택 … 10곳 중 7곳 사업 '탄력' [지주택의 재...,biz.newdaily.co.kr,https://biz.newdaily.co.kr/site/data/html/2026/08/28/2026082800204.html,2026-08-31,도심 주택공급 속도 관련 지주택 제도 개선 언급,1
용혜인,"용혜인, 관례 깨고 비례대표 의원직 유지할 듯…박지원 ""이해해줬으면""",mbn.mk.co.kr,http://mbn.mk.co.kr/pages/news/newsView.php?category=mbn00006&news_seq_no=5215868,2026-08-31,장관 후보자 지명 후 비례의원직 유지 관측,1
김승원,"박성준 ""김승원 '공소 취소 모임'은 의정활동…檢 잘못된 행태 수정은 ...",newsis.com,https://www.newsis.com/view/NISX20260831_0003769024,2026-08-31,공소취소 모임 활동 옹호,1
박지원,"용혜인, 관례 깨고 비례대표 의원직 유지할 듯…박지원 ""이해해줬으면""",mbn.mk.co.kr,http://mbn.mk.co.kr/pages/news/newsView.php?category=mbn00006&news_seq_no=5215868,2026-08-31,용혜인 의원직 유지 관련 입장 표명,1
서삼석,전남광주 국립의대 후보에 ‘순천대’ 선정…정부에 설립계획 제출,akomnews.com,https://www.akomnews.com/bbs/board.php?bo_table=news&wr_id=68199,2026-08-31,전남광주 국립의대 순천대 선정 유감 표명,1
서삼석,"서삼석 의원 ""순천대 의대 신설 유감""…서부권 의료대책 촉구",gukjenews.com,https://www.gukjenews.com/news/articleView.html?idxno=3679345,2026-08-31,순천대 의대 신설 선정에 깊은 유감 표명,1
안철수,"안철수 ""용혜인 장관 기용은 李정부 자폭카드""",news.tvchosun.com,https://news.tvchosun.com/site/data/html_dir/2026/08/31/2026083190070.html,2026-08-31,용혜인 장관 기용을 정권 자폭 카드로 규정하고 비판,1
용혜인,용혜인 지명에 공세 높인 안철수…“지지율 앞자리 2 찍을 것”,kmib.co.kr,https://www.kmib.co.kr/article/view.asp?arcid=9000007578&cp=nv,2026-08-31,성평등가족부 장관 후보자 지명 철회 요구받음,1
용혜인,용혜인 발탁의 의미는? 김승원 지명이 '공소취소'에 보내는 신호는?…오...,dailian.co.kr,https://www.dailian.co.kr/news/view/1684298/?sc=Naver,2026-08-31,성평등가족부 장관 후보자 발탁,1
안철수,"안철수 “‘혐오 장사꾼’ 용혜인 기용, 李정권 자폭카드 될 것”",joongang.co.kr,https://www.joongang.co.kr/article/25457634,2026-08-31,용혜인 장관 기용을 정권 자폭 카드로 비판하며 지명 철회 촉구,1
서미화,"서미화 의원, 아동학대 위험·의심 아동 4년 연속 10만 명대 지적",medigatenews.com,https://www.medigatenews.com/news/3219640125,2026-08-31,아동학대 위험·의심 아동 10만 명대 지적,1
박홍배,"민주 박홍배, 예결특위 보임 ""부산 예산 확보 최선 다할 것""",kookje.co.kr,http://www.kookje.co.kr/news2011/asp/newsbody.asp?code=0100&key=20260831.99099008826,2026-08-31,국회 예산결산특별위원회 위원 보임,1
안철수,"안철수, 용혜인에 직격탄…""성평등 장관 아닌 성차별 장관 될 것""",kizmom.com,https://www.kizmom.com/news/articleView.html?idxno=112431,2026-08-31,용혜인 장관 후보 지명 철회 요구 및 직격탄,1
박지원,"박지원 ""김승원, 공소취소 않을 것.. 김용범, 대통령에 가장 필요한 사...",jibs.co.kr,https://www.jibs.co.kr/news/articles/articlesDetail/65003?feed=na,2026-08-31,김승원 법무장관 지명 관련 야권 공세 방어,1
문금주,‘원팀’된 여야 의원들의 티키타카[소소한 복도통신],munhwa.com,https://www.munhwa.com/article/11613218?ref=naver,2026-08-31,국회의원 축구연맹 경기에서 닥공 전략을 밝힘,1
김민석,"""행정수도특별법 연내 제정하라""..정기국회 결판내자",tjb.co.kr,http://www.tjb.co.kr/sub0301/bodo/view/id/103038,2026-08-31,행정수도 특별법 연내 제정 촉구,1
김승수,국민의힘 대구시당위원장에 김승수 내정…'지도부 공백' 수습 수순,dkilbo.com,https://www.dkilbo.com/news/articleView.html?idxno=552821,2026-08-31,국민의힘 대구시당위원장 내정,1
김기현,대지급금 2030년 1조 원 돌파 전망…회수율 30% 벽 넘을까,news1.kr,https://www.news1.kr/economy/employment-labor/6274355,2026-08-31,대지급금 회수율 하락 지적,1
장동혁,"장동혁 ""국민 반대해도 李 재판취소에 올인…민심 역주행 개각""",news.einfomax.co.kr,https://news.einfomax.co.kr/news/articleView.html?idxno=4432594,2026-08-31,이재명 대통령 개각을 민심 역주행으로 규정,1
장동혁,조희대 대법원장 부친상…포항서 빈소 지켜 “외부 조문 사양”,wikitree.co.kr,https://www.wikitree.co.kr/articles/1156114,2026-08-31,대법관 재제청 요구 거부 촉구,1
곽규택,"코바코 노조 ""정부·국회, 방미통진흥원 졸속 처리 당장 중단해야""",mediaus.co.kr,https://www.mediaus.co.kr/news/articleView.html?idxno=317980,2026-08-31,방미통진흥원 졸속 처리 비판,1
김남준,'김어준 겸공' vs '민주당TV'···누가 이길까,cnbnews.com,https://www.cnbnews.com/news/articleView.html?idxno=1013457,2026-08-31,민주당TV 오픈 플랫폼 운영 방향 발표,1
김상훈,"수출입은행, 출자펀드 사후관리 '낙제점'… 10년 넘은 미청산 펀드 3조원",newsroad.co.kr,http://www.newsroad.co.kr/news/articleView.html?idxno=63600,2026-08-31,수출입은행 출자펀드 사후관리 부실 지적,1
김남준,국내외 기관 3곳 중 1곳 “올해 韓 경제성장률 3.5% 이상”,donga.com,https://www.donga.com/news/Economy/article/all/20260831/134576031/1,2026-08-31,국내외 기관 경제성장률 전망 분석 발표,1
김미애,"여야, 정기국회 정책위의장단 협의체 가동... 민생 공통 법안 처리 논의",lawissue.co.kr,http://www.lawissue.co.kr/view.php?ud=202608311450427902b3279dfb36_12,2026-08-31,정기국회 정책위의장단 협의체 참석,1
김예지,"김예지 의원, 장애인 표준사업장 인증 취소·고용유지 법안 발의",medigatenews.com,https://www.medigatenews.com/news/1259403592,2026-08-31,장애인고용촉진법 개정안 대표발의,1
김남준,달러도 엔화도 ‘세일’… 원화 강세에 주목받는 환테크,busan.com,https://www.busan.com/view/busan/view.php?code=2026083115344466490,2026-08-31,비금융 민간기업 환전 및 매도액 자료 공개,1
김남준,"""한은 3.3%도 낮다""…'주요 기관, 한국 성장률 역대급 상향",m-economynews.com,https://www.m-economynews.com/news/article.html?no=70271,2026-08-31,경제 회복을 위한 민간투자 및 내수 재정 지원 촉구,1
박지원,"박지원 ""김용범, 李대통령에 필요한 사람... 관료 출신 장관들 정책 속...",mt.co.kr,https://www.mt.co.kr/politics/2026/08/31/2026083108372117769,2026-08-31,단일종목 레버리지 ETF 도입 책임론이 불거진 김용범 실장을 옹호함,1
김문수,민주당 추가 인선…정책위 상임부의장 김용남·윤리감찰 부단장 강민구,mt.co.kr,https://www.mt.co.kr/politics/2026/08/31/2026083111071362678,2026-08-31,전국정당추진특위 수석부위원장 임명,1
이진숙,8월 31일 월요일 국회,jeonmae.co.kr,https://www.jeonmae.co.kr/news/articleView.html?idxno=1288417,2026-08-31,여성 현안 관련 기자회견을 개최함,1
박성훈,"“빚더미 짓눌린 서민”...고금리에 상반기 10만명, 5.7조 채무조정",dt.co.kr,https://www.dt.co.kr/article/12081063?ref=naver,2026-08-31,상반기 채무조정 확정자 10만명 및 5.7조 규모 발표,1
김승원,"'개각 발표' 직전 김승원 ""조희대, 남은 후보 중 재제청해야""…野 ""헌법...",news.tvchosun.com,https://news.tvchosun.com/site/data/html_dir/2026/08/31/2026083190015.html,2026-08-31,조희대 대법원장을 향해 남은 후보 중 대법관 제청을 촉구함,1
김승원,"장동혁 ""김승원 법무장관 지명 재판 취소 올인 뜻…민심 역주행 개각""",news1.kr,https://www.news1.kr/politics/assembly/6274321,2026-08-31,법무부 장관 지명 비판,1
안철수,"""'혐오 장사꾼' 용혜인 기용, 李정권 자폭 카드""…안철수, 성평등 장관 ...",dailian.co.kr,https://www.dailian.co.kr/news/view/1684354/?sc=Naver,2026-08-31,용혜인 장관 지명 철회 촉구하며 정권 자폭 카드 비판,1
김승수,아시아문화중심도시 예산 집행 부진…광주시 실집행률 ‘최저’ 기록,breaknews.com,http://www.breaknews.com/1232817,2026-08-31,아시아문화중심도시 예산 집행 부진 지적,1
김상훈,"② '제도 정비 아직인데 내년 세금 적절한가', 논란 격...",newspim.com,https://www.newspim.com/news/view/20260828000781,2026-08-31,국세청에 스테이킹·렌딩 보상 과세 여부와 소득 성격을 질의함,1
김기웅,"김기웅 의원, 야간·휴일 소아진료 확대 응급의료법 개정안 발의",news.skbroadband.com,https://news.skbroadband.com/news/articleView.html?idxno=236357,2026-08-31,야간 휴일 소아진료 응급의료법 발의,1
천하람,"천하람 ""개혁신당 멈춰설 수 없어…새 지도부 중심으로 쇄신""",news.einfomax.co.kr,https://news.einfomax.co.kr/news/articleView.html?idxno=4432605,2026-08-31,새 지도부 중심의 개혁신당 쇄신 강조,1
박성훈,"5대 코인거래소, 4년여간 1236개 상장·430개 퇴출…""상장 폭탄 돌리기""",sejungilbo.com,https://www.sejungilbo.com/news/articleView.html?idxno=59882,2026-08-31,5대 가상자산 거래소 상장 폭탄 돌리기 질타,1
김승원,"국힘 ""李 개각, 국정쇄신 거부…민심 역주행""",news.tf.co.kr,https://news.tf.co.kr/read/ptoday/2359663.htm,2026-08-31,신임 법무부 장관 후보자 지명에 야권 반발,1
정점식,부동산·주식 문제 최대 책임자는 그대로 뒀다,wikitree.co.kr,https://www.wikitree.co.kr/articles/1156123,2026-08-31,부동산·주식 정책 책임자 유임을 꼬리자르기 비판,1
한기호,양자(養子),ilyoseoul.co.kr,https://www.ilyoseoul.co.kr/news/articleView.html?idxno=521765,2026-08-31,안 장관의 발언 중 관용적 표현의 예시로 이름이 언급됨,1
권영진,국힘 ‘사고 당협’만 당원 직선제…“분열의 씨앗” 우려 목소리,hani.co.kr,https://www.hani.co.kr/arti/politics/politics_general/1275515.html,2026-08-31,당원권 정지 징계 지역 공천 경쟁,1
김기웅,"""밤에도 아이 진료받게""…달빛어린이병원 참여 확대 추진",ibabynews.com,https://www.ibabynews.com/news/articleView.html?idxno=154102,2026-08-31,달빛어린이병원 참여 확대 법안 추진,1
권영진,"국힘, 당협위원장 '전면 당원직선제' 도입 무산...'사고 당협' 단...",polinews.co.kr,https://www.polinews.co.kr/news/articleView.html?idxno=741758,2026-08-31,당원권 정지로 사고당협 분류,1
권칠승,"與메가성장 특위 공식 출범…""국가 명운, 일하는 민주당이 성공 담보""",mt.co.kr,https://www.mt.co.kr/politics/2026/08/31/2026083114325333968,2026-08-31,민주당 정책위의장 임명,1
김은혜,"""생존권 위협하는 경마공원 졸속 이전 멈춰라""",amnews.co.kr,http://www.amnews.co.kr/news/articleView.html?idxno=74213,2026-08-31,경마공원 졸속 이전 중단 촉구,1
권칠승,민주당 지도부 오는 9일 전북 찾는다…'국비 확보' 총력전 예고,jeonmin.co.kr,http://www.jeonmin.co.kr/news/articleView.html?idxno=446095,2026-08-31,민주당 지도부 전북 국비 확보 총력전 참석,1
권칠승,"여야, 정기국회 정책위의장단 협의체 가동... 민생 공통 법안 처리 논의",lawissue.co.kr,http://www.lawissue.co.kr/view.php?ud=202608311450427902b3279dfb36_12,2026-08-31,정기국회 정책위의장단 협의체 참석,1
김기웅,"TK 의원들, 지역 현안·민생 겨냥 입법 잇따라",idaegu.com,https://www.idaegu.com/news/articleView.html?idxno=665344,2026-08-31,야간·휴일 소아진료 공백 방지 법안 발의,1
박지원,"박지원 ""김승원, 공소취소 않을 것.. 김용범, 대통령에 가장 필요한 사...",jibs.co.kr,https://www.jibs.co.kr/news/articles/articlesDetail/65003?feed=na,2026-08-31,김승원 법무장관 지명자 옹호 및 공소취소 입장 방어,1
안철수,"안철수, 용혜인 장관 후보 지명에 “李 지지율 앞자리 2 찍을 것...",segye.com,https://www.segye.com/newsView/20260831504856?OutUrl=naver,2026-08-31,용혜인 장관 지명에 정권 자폭 카드라며 철회 요구,1
이소영,부동산·주식 문제 최대 책임자는 그대로 뒀다,wikitree.co.kr,https://www.wikitree.co.kr/articles/1156123,2026-08-31,중소벤처기업부 장관 후보자 낙점,1
김승원,"서영교, 김승원 법무장관 후보자에 ""기대하고 보증한다""",mt.co.kr,https://www.mt.co.kr/politics/2026/08/31/2026083109134797020,2026-08-31,법무부 장관 후보자로 지명됨,1
김승수,국힘 차기 대구시당위원장 김승수 내정…내달 5일 공식 선출,yna.co.kr,https://www.yna.co.kr/view/AKR20260831046700053?input=1195m,2026-08-31,국민의힘 차기 대구시당위원장 내정,1
강준현,국회 앞 모인 충청권…행정수도특별법 연내 제정 촉구,newstnt.com,https://www.newstnt.com/news/articleView.html?idxno=715930,2026-08-31,행정수도특별법 연내 제정 촉구 결의대회 참석,1
김재섭,장미란씨 사건 '허위 종결' 경찰…제주 실종 10건 중 3건 맡았다,imaeil.com,https://www.imaeil.com/page/view/2026083109362178957,2026-08-31,제주 성인 실종 사건 자료 공개,1
용혜인,"""용혜인, 정부 끝장낼 자폭카드""...안철수 ""의원직 유지? 귀족 행세""",news.jtbc.co.kr,https://news.jtbc.co.kr/article/NB12315844?influxDiv=NAVER,2026-08-31,성평등가족부 장관 지명 및 의원직 유지 비판,1
고민정,"""우리애 다닐땐 안돼""… 강남 노후학교 재건축 시끌",mk.co.kr,https://www.mk.co.kr/article/12140666,2026-08-31,전국 학교 30년 이상 노후 건물 현황 공개,1
장동혁,"부동산 민심 악화 등 6부처 개각…""대통령 인사권 vs 대법관 제청...",economytalk.kr,http://www.economytalk.kr/news/articleView.html?idxno=423833,2026-08-31,김승원 법무부 장관 지명을 대통령 재판 취소용이라고 비판함,1
고동진,"기술 유출 산업스파이 '외국 간첩죄' 적용…고동진, 형법 개정안 발의",straightnews.co.kr,https://www.straightnews.co.kr/news/articleView.html?idxno=310065,2026-08-31,기술 유출 외국 간첩죄 개정안 발의,1
강명구,강명구 소설'민족혼' 출판 기념회 열려,breaknews.com,http://www.breaknews.com/1232678,2026-08-31,소설 '민족혼' 출판 기념회 개최,1
장동혁,"장동혁 ""조희대, 재제청 거부하고 대통령 재판재개 선언해야""",news.sbs.co.kr,https://news.sbs.co.kr/news/endPage.do?news_id=N1008729545&plink=ORI&cooper=NAVER,2026-08-31,대법관 재제청 거부 및 대통령 재판 재개 선언을 요구함,1
고동진,"국회 외통위 ""네팔, 현장 통제로 본격 수색 아직""",inews24.com,http://www.inews24.com/view/2000092,2026-08-31,네팔 현장 통제로 본격 수색 지연,1
고동진,"고동진 의원, ‘외국 간첩죄’ 형량 3년→10년 이상 강화 추진",etoday.co.kr,https://www.etoday.co.kr/news/view/2620034,2026-08-31,외국 간첩죄 형량 강화 형법 개정안 발의,1
고동진,네팔 홍수 실종자 9명 육로 수색에도…현장 통제에 '난항',m-i.kr,https://www.m-i.kr/news/articleView.html?idxno=1407986,2026-08-31,네팔 현장 통제로 수색 난항,1
고동진,"국회 외통위 ""네팔서 한국인 수색 본격화 아직…지원 방안 모색""",yonhapnewstv.co.kr,http://www.yonhapnewstv.co.kr/news/AKR20260831145914PDI,2026-08-31,네팔 한국인 수색 지연 상황 점검,1
김미애,"비현실적 공사비가 재정 낭비…국회 ""유찰 검증 미흡""",intn.co.kr,http://www.intn.co.kr/news/articleView.html?idxno=2052930,2026-08-31,공공공사 유찰 검증 미흡 지적,1
김정재,비 그치자 영일정 앞 달군 춤의 향연···시민·관광객 4000명 발길,cnbnews.com,https://www.cnbnews.com/news/articleView.html?idxno=1013427,2026-08-31,포항 댄스 행사 참석,1
정점식,"정점식 ""'대법관 재제청' 위헌이자 삼권분립 파기…李 본인 재판관 골라...",newsis.com,https://www.newsis.com/view/NISX20260831_0003769021,2026-08-31,대법관 재제청은 위헌이자 삼권분립 파기라 비판,1
김주영,"'국가전력망 민간참여 본격화, 공공성 훼손 우려와...",weekly.hankooki.com,https://weekly.hankooki.com/news/articleView.html?idxno=7181526,2026-08-31,국가전력망 민간참여 토론회 개최,1
김정호,민주당 추가 당직 인선…김용남 정책위 상임부의장·강신성 체육특위 위...,m-i.kr,https://www.m-i.kr/news/articleView.html?idxno=1407819,2026-08-31,민주당 전국정당추진특별위원장 임명,1
김남준,韓 올해 성장률 '3.5% 이상' 전망하는 기관 많아져,straightnews.co.kr,https://www.straightnews.co.kr/news/articleView.html?idxno=310026,2026-08-31,민간 투자 촉진 및 내수 회복을 위한 재정정책의 중요성을 강조함,1
안철수,"용혜인 장관 지명에 안철수 ""'혐오 장사꾼' 기용…정권 자폭 카드 될 것...",view.asiae.co.kr,https://view.asiae.co.kr/article/2026083109223544808,2026-08-31,용혜인 의원의 성평등가족부 장관 후보자 지명 철회를 촉구함,1
박지원,"이준석 ""내가 민주당 입당? 허위사실"" vs 박지원 ""와도 안 받아, 무운 빈...",news1.kr,https://www.news1.kr/politics/assembly/6274216,2026-08-31,이준석 민주당 영입설에 선을 그음,1
김승원,"이 대통령, 6개부처 개각 단행…재경·국방·국토장관 등 교체",news.kbs.co.kr,https://news.kbs.co.kr/news/pc/view/view.do?ncd=8650145&ref=A,2026-08-31,법무부 장관 지명,1
김예지,"장애인 선택권 빠진 통합돌봄…“주치의 이용률 0.5%, 사실상 실패”",akomnews.com,https://www.akomnews.com/bbs/board.php?bo_table=news&wr_id=68200,2026-08-31,장애인 통합돌봄 토론회 개최,1
김기현,"정기국회 내일 개원…여야, 입법·예산 전쟁",ksilbo.co.kr,https://www.ksilbo.co.kr/news/articleView.html?idxno=1065818,2026-08-31,기후에너지환경노동위원회에서 활동함,1
서삼석,‘원팀’된 여야 의원들의 티키타카[소소한 복도통신],munhwa.com,https://www.munhwa.com/article/11613218?ref=naver,2026-08-31,국회의원축구연맹 신임 회장 취임식을 개최함,1
황운하,"황운하 의원, 전국경찰서 범죄분석관 1명이상 배치 발의",ccreview.co.kr,https://www.ccreview.co.kr/news/articleView.html?idxno=356173,2026-08-31,전국 모든 경찰서에 범죄분석관 1명 이상 의무 배치를 위한 법안 발의,1
김영진,"민주당 경찰개혁추진단, 1일 첫 회의…외부 전문가 위원 위촉",edaily.co.kr,https://www.edaily.co.kr/News/Read?newsId=03791686645552896&mediaCodeNo=257&utm_source=naver&utm_medium=referral&utm_campaign=news_syndication&utm_content=original_article,2026-08-31,"민주당 경찰개혁추진단, 제주 실종 사건 현장 방문",1
주철현,"전남 국립의대 추천 ‘순천대’ 확정...주철현, ‘동부권 혁신지구’ 추...",thepowernews.co.kr,https://www.thepowernews.co.kr/view.php?ud=2026083109471427529aeda69934_7,2026-08-31,순천대 국립의대 선정 확정 환영 및 동부권 혁신지구 제안,1
김미애,공공공사 기술형입찰 중 절반 이상이 유찰,koscaj.com,https://www.koscaj.com/news/articleView.html?idxno=326143,2026-08-31,공공공사 기술형입찰 절반 이상 유찰 지적,1
허종식,"민선 9기 첫 당정협의회…인천시·민주당 ""국비 확보·현안 해결...",incheonilbo.com,https://www.incheonilbo.com/news/articleView.html?idxno=1330799,2026-08-31,인천시·민주당 당정협의회 참석해 국비 확보 논의,1
김남준,반도체가 끌어올린 성장률…기관 절반 “올해 3.3% 이상”,dt.co.kr,https://www.dt.co.kr/article/12081057?ref=naver,2026-08-31,한국은행 자료를 통해 올해 성장률 전망치 관련 내용을 공개함,1
정태호,안중근 의사 유해 찾기도 ‘혼자’… 국외 독립유공자 710위 유해...,segye.com,https://www.segye.com/newsView/20260830510577?OutUrl=naver,2026-08-31,국외 안장 독립유공자 묘소 보존율 저조 지적,1
문금주,"""9개월 공석 해경청장 임명 제청해야""…국회 농해수위서 질타",edaily.co.kr,https://www.edaily.co.kr/News/Read?newsId=04004886645552896&mediaCodeNo=257&utm_source=naver&utm_medium=referral&utm_campaign=news_syndication&utm_content=original_article,2026-08-31,CPTPP 가입 따른 수산업 위축 우려 및 대책 촉구,1
정태호,8월 31일 월요일 국회,jeonmae.co.kr,https://www.jeonmae.co.kr/news/articleView.html?idxno=1288417,2026-08-31,청정수소 구현을 위한 원전수소 정책 세미나 개최,1
김승원,김승원 법무부 장관 후보자 과거 발언 손팻말 든 장동혁 대표,yna.co.kr,https://www.yna.co.kr/view/PYH20260831026000013?input=1196m,2026-08-31,법무부 장관 후보자로 지명됨에 따라 과거 SNS 발언이 야당으로부터 비판받음,4
박지원,"박지원 ""김용범, 李대통령에 필요한 사람... 관료 출신 장관들 정책 속...",mt.co.kr,https://www.mt.co.kr/politics/2026/08/31/2026083108372117769,2026-08-31,단일종목 레버리지 ETF 도입 책임론이 불거진 김용범 실장을 옹호함,1
정성호,"부동산 민심 악화 등 6부처 개각…""대통령 인사권 vs 대법관 제청...",economytalk.kr,http://www.economytalk.kr/news/articleView.html?idxno=423833,2026-08-31,법무부 장관 후보자로 김승원 의원 지명,1
김영호,"네팔 실종자 수색 난항 계속…국회 외통위, 외교부 찾아 상황 점검",idomin.com,https://www.idomin.com/news/articleView.html?idxno=2013690,2026-08-31,외교부 방문해 네팔 홍수 실종자 수색 상황 점검,1
정동영,"""피지컬AI 세계 1등에 도전하라""…전북이 천년 만의 기회를 살리는 길 [...",pressian.com,https://www.pressian.com/pages/articles/2026083109503126468?utm_source=naver&utm_medium=search,2026-08-31,전북 피지컬AI 정책 도입 및 실증 소개,1
김준환,"외통위, 네팔 홍수 대응 점검…""수색에 모든 수단 동원""",edaily.co.kr,https://www.edaily.co.kr/News/Read?newsId=03699846645552896&mediaCodeNo=257&utm_source=naver&utm_medium=referral&utm_campaign=news_syndication&utm_content=original_article,2026-08-31,네팔 홍수 대응 및 수색 작업 점검,1
박성준,‘DJ식 용인술’ 좇는 金… ‘전 의원 당직화’ 30여개 특위 풀가동,kmib.co.kr,https://www.kmib.co.kr/article/view.asp?arcid=9000007753&cp=nv,2026-08-31,더불어민주당 수석대변인 임명,1
문대림,"문대림, ‘농어촌정비법 개정안’ 대표발의",dnews.co.kr,https://www.dnews.co.kr/uhtml/view.jsp?idxno=202608311552163170034,2026-08-31,농어촌 빈집 활용 '농어촌정비법 개정안' 발의,1
문대림,농어촌 빈집 활용 사업화 근거 마련,jejumaeil.net,https://www.jejumaeil.net/news/articleView.html?idxno=404204,2026-08-31,'농어촌정비법 일부개정법률안' 대표발의,1
문대림,농어촌 빈집 활용 '빈집재생민박사업' 도입...법률 개정 추진,headlinejeju.co.kr,https://www.headlinejeju.co.kr/news/articleView.html?idxno=598262,2026-08-31,농어촌 빈집활용 '빈집재생민박사업' 도입 추진,1
민병덕,네이버·두나무 결합 변수된 디지털자산법…코빗·고팍스도 영향권,thelec.kr,https://www.thelec.kr/news/articleView.html?idxno=61550,2026-08-31,정무위서 디지털자산법 공청회 개최 요구,1
박희승,‘원팀’된 여야 의원들의 티키타카[소소한 복도통신],munhwa.com,https://www.munhwa.com/article/11613218?ref=naver,2026-08-31,국회의원 축구연맹 경기에서 득점 후 동료 의원과 세레머니를 함,1
정점식,"국힘 ""李 개각, 국정쇄신 거부…민심 역주행""",news.tf.co.kr,https://news.tf.co.kr/read/ptoday/2359663.htm,2026-08-31,이재명 대통령 개각을 국정쇄신 거부로 규정,1
노종면,"'국가전력망 민간참여 본격화, 공공성 훼손 우려와...",weekly.hankooki.com,https://weekly.hankooki.com/news/articleView.html?idxno=7181526,2026-08-31,지역 영화영상생태계 활성화 토론회 주최,1
고동진,"외통위, 네팔 홍수 대응 점검…""수색에 모든 수단 동원""",edaily.co.kr,https://www.edaily.co.kr/News/Read?newsId=03699846645552896&mediaCodeNo=257&utm_source=naver&utm_medium=referral&utm_campaign=news_syndication&utm_content=original_article,2026-08-31,외통위 네팔 홍수 대응 점검,1
서영교,"서영교, 김승원 법무장관 후보자에 ""기대하고 보증한다""",mt.co.kr,https://www.mt.co.kr/politics/2026/08/31/2026083109134797020,2026-08-31,김승원 법무부 장관 후보자에 대해 기대를 표명함,1
고동진,'산업스파이' 간첩죄 적용 추진…외국 기업도 ...,newsworker.co.kr,https://www.newsworker.co.kr/news/articleView.html?idxno=501772,2026-08-31,산업스파이 간첩죄 처벌 강화 법안 발의,1
고동진,"네팔 실종자 수색 난항 계속…국회 외통위, 외교부 찾아 상황 점검",idomin.com,https://www.idomin.com/news/articleView.html?idxno=2013690,2026-08-31,외교부 방문해 네팔 피해 상황 점검,1
고동진,고동진 “산업스파이도 간첩죄로”…형법 개정안 제출,betanews.net,https://www.betanews.net/article/view/beta202608310088,2026-08-31,형법 개정안 제출,1
고동진,"고동진, 산업스파이도 '외국 간첩죄' 적용 추진…징역 10년 이상",sentv.co.kr,https://www.sentv.co.kr/article/view/sentv202608310206,2026-08-31,외국 간첩죄 형법 개정안 발의,1
고동진,'제주 실종' 파장에 경찰 인력난도 수면 위…검찰청 폐지 앞두고 수사 ...,dailian.co.kr,https://www.dailian.co.kr/news/view/1684655/?sc=Naver,2026-08-31,경찰청 수사부서 퇴직 현황 자료 공개,1
고동진,네팔 한국인 9명 실종…육로수색 시도,kfenews.co.kr,https://www.kfenews.co.kr/news/articleView.html?idxno=663482,2026-08-31,외교통일위원회 외교부 방문 점검,1
고동진,"정부 네팔 대응팀, 육로 수색작업 착수…경찰에도 협력 요청",khan.co.kr,https://www.khan.co.kr/article/202608312117005,2026-08-31,네팔 수색 관련 정부 대응 점검,1
고동진,'3년→10년 이상 징역'…산업스파이 처벌 수위 글로벌 수준으로 높인다,dailian.co.kr,https://www.dailian.co.kr/news/view/1684718/?sc=Naver,2026-08-31,형법 개정안 대표발의,1
이만희,'정교유착' 신천지·통일교 32명 재판행…합수본 8개월 수사 마무리,news1.kr,https://www.news1.kr/society/court-prosecution/6274376,2026-08-31,정교유착 의혹으로 재판에 넘겨짐,1
장동혁,"장동혁 ""좌파 잡탕 민심 역주행 개각…李 대통령 재판 취소 올인하려""",mt.co.kr,https://www.mt.co.kr/politics/2026/08/31/2026083109125586932,2026-08-31,이재명 대통령 개각을 좌파 잡탕으로 비판,1
장동혁,"장동혁 “조희대, 재제청 거부하고 ‘李 재판 재개’ 선언해야”",sedaily.com,https://www.sedaily.com/article/20085124?ref=naver,2026-08-31,조희대 대법원장에게 대법관 후보자 재제청 거부를 촉구함,1
이준석,"이준석 ""내가 민주당 입당? 허위사실"" vs 박지원 ""와도 안 받아, 무운 빈...",news1.kr,https://www.news1.kr/politics/assembly/6274216,2026-08-31,민주당 입당설을 허위사실이라며 강하게 부인함,1
허종식,"인천시-민주당, 첫 당정협의회서 국비 공조",businesskorea.co.kr,https://www.businesskorea.co.kr/news/articleView.html?idxno=275806,2026-08-31,인천시와 민주당 첫 당정협의회 참석,1
이만희,"정교유착 합수본, 이만희 구속기소·한학자 금고 260억원 압수…8개월 수...",view.asiae.co.kr,https://view.asiae.co.kr/article/2026083110013702658,2026-08-31,정교유착 합수본에 의해 구속기소,1
송옥주,"'MASGA 시대, 부산에서 연다' 클러스터 구축 국회 토론회",nocutnews.co.kr,https://www.nocutnews.co.kr/news/6570388?utm_source=naver&utm_medium=article&utm_campaign=20260831094603,2026-08-31,부산 클러스터 구축 국회 토론회 공동 주최,1
안철수,"안철수 ""용혜인은 자폭 카드…지지율 앞자리 2 찍을 것""",hankyung.com,https://www.hankyung.com/article/202608312704H,2026-08-31,용혜인 장관 지명 철회 요구 및 지지율 하락 경고,1
정점식,"국힘, 李대통령 개각에 “재판취소 올인 개각…민심 역주행“",etoday.co.kr,https://www.etoday.co.kr/news/view/2619859,2026-08-31,이번 개각을 민심 역주행으로 비판,1
김영진,인사말 하는 김영진 국회 행정안전위원장,ajunews.com,https://www.ajunews.com/view/20260831171430416,2026-08-31,경찰 민주적 통제 및 수사 혁신 정책토론회 인사말,1
남인순,"'국가전력망 민간참여 본격화, 공공성 훼손 우려와...",weekly.hankooki.com,https://weekly.hankooki.com/news/articleView.html?idxno=7181526,2026-08-31,지역사회 계속 거주 주택개조 토론회 주최,1
김승원,"장동혁 대표, 김승원 법무부 장관 후보자 과거 발언 비판",yna.co.kr,https://www.yna.co.kr/view/PYH20260831019800013?input=1196m,2026-08-31,법무부 장관 후보자로 지명됨에 따라 과거 SNS 발언이 야당으로부터 비판받음,3
김영진,"""경찰 수사 전면 혁신할 골든타임…민주적 통제 필요""",sidae.com,https://www.sidae.com/article/2026083116385666891,2026-08-31,경찰수사 혁신 정책토론회 주최,1
장동혁,부동산·주식 문제 최대 책임자는 그대로 뒀다,wikitree.co.kr,https://www.wikitree.co.kr/articles/1156123,2026-08-31,김승원 법무부 장관 후보자 지명 비판,1
장동혁,"장동혁 ""민심 역주행 개각…용혜인 등 좌파 잡탕"" 혹평",mbn.mk.co.kr,http://mbn.mk.co.kr/pages/news/newsView.php?category=mbn00006&news_seq_no=5215863,2026-08-31,이번 개각을 민심 역주행 및 좌파 잡탕 인사라고 혹평함,1
최기상,8월 31일 월요일 국회,jeonmae.co.kr,https://www.jeonmae.co.kr/news/articleView.html?idxno=1288417,2026-08-31,제2의 성수동 지역 소멸 대응 토론회 주최,1
김영진,“국가수사본부장 청문회하고 경찰청장 외부 공모”…민주당 토론회서...,khan.co.kr,https://www.khan.co.kr/article/202608311916001,2026-08-31,경찰수사 혁신 토론회 참석,1
김영진,"국회서 경찰 개혁 토론회...""실패한 시스템 다시 설계해야""",ytn.co.kr,https://www.ytn.co.kr/_ln/0101_202608311805409759,2026-08-31,경찰 개혁 토론회서 실종자 수사 제도 정비 촉구,1
김영진,"""경찰청장, 외부 개방하자""…與 토론회서 나온 경찰 개혁안",edaily.co.kr,https://www.edaily.co.kr/News/Read?newsId=04119686645552896&mediaCodeNo=257&utm_source=naver&utm_medium=referral&utm_campaign=news_syndication&utm_content=original_article,2026-08-31,경찰수사 혁신 토론회 개최,1
한정애,8월 31일 월요일 국회,jeonmae.co.kr,https://www.jeonmae.co.kr/news/articleView.html?idxno=1288417,2026-08-31,반도체 산업용수 공급 국회물포럼 토론회 참석,1
김영진,"커지는 경찰 수사권…""국가경찰위 실질화·경찰청장 외부개방 필요""(종...",news1.kr,https://www.news1.kr/society/incident-accident/6275298,2026-08-31,경찰수사 혁신 정책토론회 개최,1
김영진,"김승원, '이재명 공소취소' 장관?...'풉' 터진 김영진, 아니, 아닙니다[...",ikbc.co.kr,https://www.ikbc.co.kr/article/view/kbc202608310055,2026-08-31,김승원 장관 지명 관련 입장 표명,1
임종득,8월 31일 월요일 국회,jeonmae.co.kr,https://www.jeonmae.co.kr/news/articleView.html?idxno=1288417,2026-08-31,사관학교 폐교 저지 관련 행사와 일정을 진행함,1
천하람,"천하람 ""개혁신당, 기득권과 타협 대신 홀로서기 계속…새 지도부...",edaily.co.kr,https://www.edaily.co.kr/News/Read?newsId=02479686645552896&mediaCodeNo=257&utm_source=naver&utm_medium=referral&utm_campaign=news_syndication&utm_content=original_article,2026-08-31,기득권과 타협 없는 개혁신당의 홀로서기 강조,1
서영교,"서영교 법사위원장 ""김승원 법무장관 지명 축하…검찰개혁 소신·능력 ...",newspim.com,https://www.newspim.com/news/view/20260831000260,2026-08-31,김승원 법무장관 지명 축하 및 능력 평가,1
조계원,클래식 선율로 물든 여수…제10회 여수음악제 막 올려,netongs.com,http://www.netongs.com/news/articleView.html?idxno=334903,2026-08-31,제10회 여수음악제 개막식 참석,1
강득구,양산 출마 예고한 이재영 민주연구원장… 전열 가다듬는 PK 민주당,busan.com,https://www.busan.com/view/busan/view.php?code=2026083114321815588,2026-08-31,민주연구원 혁신 TF 단장 임명,1
강득구,"이재영 민주연구원장, 사의 표해…김민석 대표 체제 출범 2주 만",newsgn.com,https://www.newsgn.com/news/articleView.html?idxno=570717,2026-08-31,민주연구원장 사의 관련 입장 밝혀,1
강득구,'정청래 대표 시절 임명' 이재영 민주연구원장 사의,edaily.co.kr,https://www.edaily.co.kr/News/Read?newsId=03608006645552896&mediaCodeNo=257&utm_source=naver&utm_medium=referral&utm_campaign=news_syndication&utm_content=original_article,2026-08-31,민주연구원 혁신 TF 단장 임명,2
고민정,李 부름 받은 용혜인·이해민… 2028년 '안산·분당' 출마 도전할까,joongboo.com,https://www.joongboo.com/news/articleView.html?idxno=363735321,2026-08-31,이재명 정부 2차 개각 하마평 거론,1
김성원,국회서 하정우 부위원장 발제 '로봇-피지컬AI 포럼' 열린다,gametoc.co.kr,https://www.gametoc.co.kr/news/articleView.html?idxno=111093,2026-08-31,산중위원장으로 포럼 인사말 참석,1
김영진,"與, 부실 수사 경찰 비판 ""조직 해체된 檢 답습 말라""",mk.co.kr,https://www.mk.co.kr/article/12140662,2026-08-31,부실 수사 경찰 비판 및 조직 해체된 검찰 답습 경고,1
이해민,"이 대통령, 6개부처 개각 단행…재경·국방·국토장관 등 교체",news.kbs.co.kr,https://news.kbs.co.kr/news/pc/view/view.do?ncd=8650145&ref=A,2026-08-31,청와대 AI수석에 등용되어 지지층 결집 해석을 낳음,1
민병덕,첫만남이용권 '신청주의' 손본다…요건 충족하면 지급 추진,shinailbo.co.kr,https://www.shinailbo.co.kr/news/articleView.html?idxno=5056579,2026-08-31,첫만남이용권 요건 충족 시 지급 개정안 공동발의,1
김남준,한국 경제 성장률 눈높이 상향…다수 기관 3.5% 이상 관측,jnilbo.com,https://www.jnilbo.com/news/articleView.html?idxno=90000060815,2026-08-31,한국은행 자료를 바탕으로 최근 경제 성장 전망 상향에 대해 언급함,1
박성훈,알트코인 3개 중 1개 ‘상장폐지’…투자자 피해 눈덩이,dt.co.kr,https://www.dt.co.kr/article/12081066?ref=naver,2026-08-31,알트코인 상장폐지 현황 공개,1
박상웅,"수사 기록 못 보는 수심위, 경찰 의존 큰 국경위… 견제 ‘구멍’ [심층...",segye.com,https://www.segye.com/newsView/20260831515927?OutUrl=naver,2026-08-31,경찰청 자료로 수심위 현황 지적,1
박성준,"공소취소 문제, 당정 주요 국면마다 뇌관 부상",khan.co.kr,https://www.khan.co.kr/article/202608312104005,2026-08-31,더불어민주당 수석대변인 임명,1
김종민,"""행정수도특별법 연내 제정하라""..정기국회 결판내자",tjb.co.kr,http://www.tjb.co.kr/sub0301/bodo/view/id/103038,2026-08-31,행정수도 특별법 연내 제정 호소,1
박성준,"""조희대, 숨지 말고 국회 출석해야"" 與 잇단 공세에…지도부, 뒤늦게 ""예...",news.tvchosun.com,https://news.tvchosun.com/site/data/html_dir/2026/08/31/2026083190215.html,2026-08-31,더불어민주당 수석대변인 임명,1
박성준,장성민 “공취모 법무-대장동 국토장관만 보여…‘10월 위기’ 앞당길 ...,dt.co.kr,https://www.dt.co.kr/article/12081276?ref=naver,2026-08-31,공취모 상임대표 활동,1
박성준,"여야 지도부·법사위원, 조희대 대법원장 부친상 조문(종합)",yna.co.kr,https://www.yna.co.kr/view/AKR20260831162451001?input=1195m,2026-08-31,더불어민주당 수석대변인 임명,1
박성준,"여야 지도부, 조희대 대법원장 부친상 조문",nocutnews.co.kr,https://www.nocutnews.co.kr/news/6570994?utm_source=naver&utm_medium=article&utm_campaign=20260831113110,2026-08-31,더불어민주당 수석대변인 임명,1
김민석,“민생·미래 개각” “공소 취소 전격전 개각”…치열한 ‘청문 정국’...,news.kbs.co.kr,https://news.kbs.co.kr/news/pc/view/view.do?ncd=8649951&ref=A,2026-08-31,청문 정국 속 민생·실용·확장 노선을 강조함,1
허종식,"인천시, 민선 9기 첫 당정협의회…현안 30건 논의",obsnews.co.kr,https://www.obsnews.co.kr/news/articleView.html?idxno=1535789,2026-08-31,인천시 민선 9기 첫 당정협의회 주재,1
김영진,“경찰청장 외부개방형 임용…국수본부장 청문회 도입”,sedaily.com,https://www.sedaily.com/article/20085433?ref=naver,2026-08-31,경찰청장 외부 개방형 임용 및 국수본부장 청문회 도입 제안,1
이해민,이해민 의원 비례대표직 승계한 김형연 최고위원,newsis.com,https://www.newsis.com/view/NISI20260831_0021416707,2026-08-31,청와대 AI수석 발탁으로 비례대표직을 김형연 최고위원이 승계함,5
최혁진,"최혁진 의원, 원주 고교생들과 교육정책 간담회",financialreview.co.kr,http://www.financialreview.co.kr/news/articleView.html?idxno=44471,2026-08-31,원주 고교생 대상 교육정책 간담회 개최,1
안철수,"""용혜인, 정부 끝장낼 자폭카드""...안철수 ""의원직 유지? 귀족 행세""",news.jtbc.co.kr,https://news.jtbc.co.kr/article/NB12315844?influxDiv=NAVER,2026-08-31,용혜인 장관 지명을 정권 끝장낼 자폭 카드로 규정,1
용혜인,"무엇을 위한 개각인가… 쇄신도, 안정도 그리고 미래도 보이지 않는다",mediawatch.kr,https://www.mediawatch.kr/news/article.html?no=260833,2026-08-31,성평등가족부 장관 후보자 지명에 비판 제기,1
김소희,"시행 반년, 사용자성 부인 여전… 원청 거부에 막힌 ‘노란봉투법’ 교...",kyeongin.com,https://www.kyeongin.com/article/1769977,2026-08-31,노란봉투법 원청 교섭 요구 공보율 저조 지적,1
권칠승,"道 출신 국토장관, 경기남부광역철도 좋아졌다",kyeonggi.com,https://www.kyeonggi.com/article/20260830580269,2026-08-31,수도권 남부 지역 교통 인프라 현안과 관련해 국토교통부와 면담을 진행함,1
김민석,6부 장관 지명과 총리의 제청권 [김구철의 소프트파워 외교],dailian.co.kr,https://www.dailian.co.kr/news/view/1684274/?sc=Naver,2026-08-31,더불어민주당 대표로서 조희대 대법원장에게 재제청을 공식 요구함,1
서영교,"조희대 없는 '조희대 현안질의'... ""대법관 쇼핑"" vs ""직권남용""",lawtv.kr,https://www.lawtv.kr/news/articleView.html?idxno=60792,2026-08-31,조희대 대법원장의 현안질의 불출석에 대해 직권남용 및 직무유기 소지가 있다고 해석함,1
송옥주,"부산시, 해양 MRO·수리조선 생태계 구축...국회서 토론회",fnnews.com,https://www.fnnews.com/news/202608310906328689,2026-08-31,"부산시, 한화오션 등과 함께 해양 MRO·수리조선 생태계 구축 국회 토론회를 공동 주최함",1
김문수,"순천 시민 1000여명, 국립순천대 의대·대학병원 설립 촉구",m-i.kr,https://www.m-i.kr/news/articleView.html?idxno=1407486,2026-08-31,국립순천대 의대 및 대학병원 설립 촉구 행사에 참여함,1
용혜인,"안철수 ""용혜인 장관 기용은 李정부 자폭카드""",news.tvchosun.com,https://news.tvchosun.com/site/data/html_dir/2026/08/31/2026083190070.html,2026-08-31,장관 기용은 정권 자폭 카드라며 비판,1
김영배,"민주 서울시당위원장 “서울 지지율만 20% 떨어져···2030, 부동산 때문...",weekly.khan.co.kr,https://weekly.khan.co.kr/article/202608311923001,2026-08-31,서울 지지율 하락 원인 진단,1
김영배,"공소취소 문제, 당정 주요 국면마다 뇌관 부상",khan.co.kr,https://www.khan.co.kr/article/202608312104005,2026-08-31,김승원 장관 후보자 방어,1
김영배,여당 “민간 용적률 120~130% 상향 검토”,khan.co.kr,https://www.khan.co.kr/article/202608312108015,2026-08-31,민간 용적률 상향 타협안 검토,1
김영배,반도체·AI 지방 이전에 경기 북부·강원까지 포용,idaegu.co.kr,https://www.idaegu.co.kr/news/articleView.html?idxno=558172,2026-08-31,민주당 서울 권역별 책임위원 배치,1
이기헌,"""경찰 시스템 완전히 무너져""…민주 이기헌, '경찰개혁' 강조",mbn.mk.co.kr,http://mbn.mk.co.kr/pages/news/newsView.php?category=mbn00006&news_seq_no=5215866,2026-08-31,경찰 관리감독 시스템 붕괴 비판 및 경찰개혁 강조,1
유동수,헥토파이낸셜 ‘사상 최대 실적’ 전망…스테이블코인 수혜주 주목,mk.co.kr,https://www.mk.co.kr/article/12140090,2026-08-31,디지털자산기본법 정부안을 토대로 연내 법안 처리를 추진할 예정임,1
김형동,"히말라야 7곳, 한국 수력이 걸려 있다",smedaily.co.kr,http://www.smedaily.co.kr/news/articleView.html?idxno=362400,2026-08-31,해외 수력 사업 정체에 우려 표명,1
김정호,與 전국정당추진위원장에 김정호…정책위 상임부의장에 김용남,yna.co.kr,https://www.yna.co.kr/view/AKR20260831087800001?input=1195m,2026-08-31,민주당 전국정당추진위원장 임명,1
김영호,"외통위, 네팔 홍수 대응 점검…""수색에 모든 수단 동원""",edaily.co.kr,https://www.edaily.co.kr/News/Read?newsId=03699846645552896&mediaCodeNo=257&utm_source=naver&utm_medium=referral&utm_campaign=news_syndication&utm_content=original_article,2026-08-31,"외통위, 네팔 홍수 대응 및 수색 상황 점검",1
김영배,'사법질서 흔들기' 논란 확산…여야 대격돌,imaeil.com,https://www.imaeil.com/page/view/2026083116505540627,2026-08-31,김승원 장관 후보자 옹호,1
배준영,"자발적 탄소시장법 연내 제정 추진…정부, 내년 크레딧 20만 톤 구매",news1.kr,https://www.news1.kr/economy/trend/6275275,2026-08-31,자발적 탄소시장법 연내 제정 추진,1
김현,"코바코·시미재 주축 통합진흥원, 내년 1월 출범",ddaily.co.kr,https://www.ddaily.co.kr/page/view/2026083112563634681,2026-08-31,통합진흥원 설립 필요성 강조,1
박홍배,예결특위 합류…내년도 정부 예산안 심사 참여,newsworker.co.kr,https://www.newsworker.co.kr/news/articleView.html?idxno=501761,2026-08-31,국회 예결특위 위원 보임,1
김종민,정기국회 개막…행정수도특별법 처리가 최우선,daejonilbo.com,https://www.daejonilbo.com/news/articleView.html?idxno=2297869,2026-08-31,행정수도특별법 처리 최우선 강조,1
김재섭,"김재섭 ""용혜인 지명, 이대男과의 전쟁 선포…지지율 건지려는 계산""",weekly.chosun.com,http://weekly.chosun.com/news/articleView.html?idxno=54832,2026-08-31,용혜인 지명 '남녀 갈라치기' 정조준,1
김승원,경제부총리 이형일·법무장관 김승원…李대통령 6개 부처 중폭 개각,tfmedia.co.kr,https://www.tfmedia.co.kr/news/article.html?no=206853,2026-08-31,법무부 장관 후보자로 지명됨,1
김종민,"""행정수도 특별법 연내 제정"" 범국민 결의대회를 개최",gukjenews.com,https://www.gukjenews.com/news/articleView.html?idxno=3680182,2026-08-31,행정수도 특별법 연내 제정 결의,1
김종민,"충청권 시·도, 행정수도 세종 완성 특별법 제정 촉구 결의대회",ccdailynews.com,https://www.ccdailynews.com/news/articleView.html?idxno=2437505,2026-08-31,행정수도 특별법 제정 촉구,1
김영배,‘DJ식 용인술’ 좇는 金… ‘전 의원 당직화’ 30여개 특위 풀가동,kmib.co.kr,https://www.kmib.co.kr/article/view.asp?arcid=9000007753&cp=nv,2026-08-31,민주당 서울 권역별 책임 의원 임명,1
김영배,"與서울시당 ""서울·2030 민심 심각…부동산 민심 가벼이 여겼다""",pressian.com,https://www.pressian.com/pages/articles/2026083115130371353?utm_source=naver&utm_medium=search,2026-08-31,서울 부동산 민심 지적 및 유연한 대응 촉구,1
김현정,"""한국수출포장, 업황 개선 앞둔 '저PBR밸류업' 입법 테마주""…버핏연구...",thevaluenews.co.kr,http://www.thevaluenews.co.kr/news/view.php?idx=201154,2026-08-31,자본시장법 개정안 대표 발의,1
이소영,"메인비즈協, 이소영 중기장관 후보자 환영 ""혁신 전환 이끌 적임자""",news1.kr,https://www.news1.kr/industry/sb-founded/6274323,2026-08-31,중소벤처기업부 장관 후보자 지명 환영받음,1
김기현,【오늘의 법조】 2026년 8월 31일,lawtimes.co.kr,https://www.lawtimes.co.kr/news/articleView.html?idxno=225562,2026-08-31,재판 관련 공판 일정이 진행됨,1
강준현,보험권 내부통제 강화… 사기 가담자 진입 차단한다,insnews.co.kr,https://www.insnews.co.kr/news/articleView.html?idxno=92486,2026-08-31,보험업법 일부개정법률안이 국회 본회의에서 의결됨,1
복기왕,빗속 뚫고 국회 모인 충청 정치권·시민단체,00news.co.kr,http://www.00news.co.kr/news/articleView.html?idxno=106241,2026-08-31,충청권 행정수도 특별법 제정 동참,1
배준영,"자발적 탄소시장법 제정 논의 본격화…기획예산처 ""근거법 마련해 시장...",dailysportshankook.co.kr,https://www.dailysportshankook.co.kr/news/articleView.html?idxno=433059,2026-08-31,자발적 탄소시장법 제정 토론회 개최,1
민홍철,민주당 추가 당직 인선…정책위 상임부의장에 김용남,newstomato.com,http://www.newstomato.com/ReadNews.aspx?no=1311955&inflow=N,2026-08-31,민주당 정당외교 추진단 공동단장 임명,1
김영배,“법무장관이 직접 이 대통령 공소취소? 정권 망한다”···‘공소취소...,khan.co.kr,https://www.khan.co.kr/article/202608311758001,2026-08-31,김승원 법무장관 후보자 방어,1
용혜인,"안철수 ""용혜인은 자폭 카드…지지율 앞자리 2 찍을 것""",hankyung.com,https://www.hankyung.com/article/202608312704H,2026-08-31,성평등가족부 장관 후보자 지명 철회 촉구,1
나경원,개각 비껴간 금융당국…ETF 책임론은 오히려 확산,investchosun.com,https://www.investchosun.com/site/data/html_dir/2026/08/31/2026083180041.html,2026-08-31,금융당국 수장 사퇴 및 국정조사 요구,1
박성훈,"""채무조정 확정자 3년 만에 56% 급증... 고령층 가계부채 부실 심화",tournews21.com,https://www.tournews21.com/news/articleView.html?idxno=142177,2026-08-31,채무조정 급증 및 고령층 가계부채 부실 심화 경고,1
용혜인,"""'혐오 장사꾼' 용혜인 기용, 李정권 자폭 카드""…안철수, 성평등 장관 ...",dailian.co.kr,https://www.dailian.co.kr/news/view/1684354/?sc=Naver,2026-08-31,장관 기용에 정권 자폭 카드라며 비판,1
김성원,"가상자산 복수은행 제휴, 2단계법 입법 시계에 달렸다",dailypop.kr,http://www.dailypop.kr/news/articleView.html?idxno=102078,2026-08-31,특정금융정보법 개정안 대표 발의,1
김승수,국힘 신임 대구시당위원장 김승수 의원 추대 합의…내달 선출 예정,nocutnews.co.kr,https://www.nocutnews.co.kr/news/6570422?utm_source=naver&utm_medium=article&utm_campaign=20260831100503,2026-08-31,국민의힘 대구시당위원장 내정,1
강득구,"""만성 인력·예산 한계 봉착""… 법무부, 충북 진천서 ""교정청 신설"" 전국...",inews365.com,https://www.inews365.com/news/article.html?no=933821,2026-08-31,정부조직법 개정안 토론회 개최,1
김승수,"국힘, 당원 직선제 2단계 도입…'사고당협 34곳+α'에만 일단 적용(종합...",news1.kr,https://www.news1.kr/politics/assembly/6274546,2026-08-31,국민의힘 대구시당위원장 내정,1
김영진,"""경찰청장 외부개방·국수본부장 청문회 도입 필요""…與 주도 경찰 개혁...",fnnews.com,https://www.fnnews.com/news/202608311557234563,2026-08-31,경찰청장 외부개방 및 국수본부장 청문회 도입 촉구,1
김선민,기초연금 수급 노인 117만명 소득인정액 '0원'…전체 17.4%,mdtoday.co.kr,https://www.mdtoday.co.kr/news/articleView.html?idxno=610241,2026-08-31,기초연금 소득인정액 0원 수급자 지적,1
김영배,"여당에서도 나온 재건축·재개발 용적률 120~130% 인상론, 오세훈이 던진...",khan.co.kr,https://www.khan.co.kr/article/202608311741011,2026-08-31,재건축·재개발 용적률 인상론 검토,1
김영배,"민주당, '메가텐' 띄워 정책 드라이브…민심 반등 승부수",iusm.co.kr,https://www.iusm.co.kr/news/articleView.html?idxno=1067211,2026-08-31,민주당 서울 권역별 책임위원 지정,1
김형동,히말라야 7곳에 한국 수력 걸려 있다,smedaily.co.kr,http://www.smedaily.co.kr/news/articleView.html?idxno=362400,2026-08-31,수력 사업 정체 장기화 지적,1
김현정,상장사 상폐 미세조정?…시총 산정때 권리락·배당락 상황도 본다,mt.co.kr,https://www.mt.co.kr/stock/2026/09/01/2026083114091468841,2026-08-31,코스닥 흑자기업 상폐 우려 지적,1
박민규,거래소 예치 코인 4.7조…업비트 독주에 빗썸 도전장,newstomato.com,http://www.newstomato.com/ReadNews.aspx?no=1311985&inflow=N,2026-08-31,거래소 스테이킹 가상자산 현황 공개,1
김은혜,"김은혜 의원, 주민 숙원 ‘정자동 생활체육시설’ 현실로⋯ “약속한 일...",asiatime.co.kr,https://www.asiatime.co.kr/article/20260829500007,2026-08-31,주민 숙원 사업인 정자동 체육시설 조성을 성사시킴,1
이만희,정교유착 합수본 종료…이만희 구속기소·한학자 금고 260억원 압수,yna.co.kr,https://www.yna.co.kr/view/AKR20260831053600004?input=1195m,2026-08-31,정교유착 의혹 관련 구속기소,1
김은혜,"김은혜 ""성과주식, 세금부터 내라니""",gukjenews.com,https://www.gukjenews.com/news/articleView.html?idxno=3679299,2026-08-31,성과조건부주식 과세 구조의 문제점을 비판함,1
구자근,‘원팀’된 여야 의원들의 티키타카[소소한 복도통신],munhwa.com,https://www.munhwa.com/article/11613218?ref=naver,2026-08-31,여야 의원 친선 축구 경기에 출전함,1
김기표,‘원팀’된 여야 의원들의 티키타카[소소한 복도통신],munhwa.com,https://www.munhwa.com/article/11613218?ref=naver,2026-08-31,여야 의원 친선 축구 경기에 출전함,1
김민석,"정봉주, 김민석 특보 발탁 후 2년 만의 SNS…재기 다짐",mt.co.kr,https://www.mt.co.kr/politics/2026/08/31/2026083108511391820,2026-08-31,당 대표 기획특보로 임명됨,1
김승원,"'30%대' 李지지율, 개각으로 반등할까",hansbiz.co.kr,http://www.hansbiz.co.kr/news/articleView.html?idxno=860697,2026-08-31,법무부 장관 후보자로 지명됨,1
김은혜,"‘대책 없는 졸속 이전, 즉각 중단’… 정부 ‘경마 죽이기’에 총결집...",sportsworldi.com,https://www.sportsworldi.com/newsView/20260831503505,2026-08-31,정부의 정책 추진을 규탄하는 연대발언에 나섬,1
정희용,"""4년째 청약통장 가입자 보다 깬 사람 더 많았다""",edaily.co.kr,https://www.edaily.co.kr/News/Read?newsId=02578086645552896&mediaCodeNo=257&utm_source=naver&utm_medium=referral&utm_campaign=news_syndication&utm_content=original_article,2026-08-31,청약통장 가입자 이탈 대책 마련 촉구,1
김승원,"박지원 ""김승원, 법무장관 돼도 국민여론 떠나 공소취소 밀어붙이진 않...",newsis.com,https://www.newsis.com/view/NISX20260831_0003768913,2026-08-31,법무부 장관 후보자로 지명됨,1
이상식,8월 31일 월요일 국회,jeonmae.co.kr,https://www.jeonmae.co.kr/news/articleView.html?idxno=1288417,2026-08-31,경찰의 민주적 통제 및 수사 혁신 토론회 개최,1
김기현,"김기현 ""기후부와 소속기관서 비위 이어져... 공직기강 확립을""",ohmynews.com,https://www.ohmynews.com/NWS_Web/View/at_pg.aspx?CNTN_CD=A0003263170&CMPT_CD=P0010&utm_source=naver&utm_medium=newsearch&utm_campaign=naver_news,2026-08-31,기후부 소속기관 비위 지적 및 공직기강 확립 촉구,1
송옥주,홈플러스 '미정산 불똥' 튄 농가… 미수금만 1천억 육박,kyeonggi.com,https://www.kyeonggi.com/article/20260831580048,2026-08-31,홈플러스 농산물 납품대금 미정산액 지적,1
용혜인,"안철수, 용혜인 장관 후보 지명에 “李 지지율 앞자리 2 찍을 것...",segye.com,https://www.segye.com/newsView/20260831504856?OutUrl=naver,2026-08-31,성평등가족부 장관 후보자 지명에 야당 반발 직면,1
용혜인,"손솔, 용혜인 성평등가족부 장관 후보자 지명에 “기대”",vop.co.kr,https://vop.co.kr/A00001696448.html,2026-08-31,성평등가족부 장관 후보자 지명 환영,1
손솔,"손솔, 용혜인 성평등가족부 장관 후보자 지명에 “기대”",vop.co.kr,https://vop.co.kr/A00001696448.html,2026-08-31,용혜인 성평등가족부 장관 지명 환영,1
이만희,신천지·통일교 ‘정교유착 합수본’ 수사 종료…이만희·한학자 등 32명...,chosun.com,https://www.chosun.com/national/court_law/2026/08/31/S475SC55NFF3VKYBBGF3K5XLB4/?utm_source=naver&utm_medium=referral&utm_campaign=naver-news,2026-08-31,신천지·통일교 정교유착 의혹으로 재판 회부,1
김민석,"여야, 9월 국회 벼른다…'장관 청문회'부터 부동산·사법개혁·예산까지...",newsian.co.kr,http://www.newsian.co.kr/news/articleView.html?idxno=94480,2026-08-31,정기국회 대비 국회의원 워크숍에 참석함,1
김남준,"한은 3.3%도 보수적?…주요 기관 20곳, 올해 성장 더 높게 전망",yna.co.kr,https://www.yna.co.kr/view/AKR20260829050900002?input=1195m,2026-08-31,한국은행 자료를 통해 주요 기관의 경제 성장 전망 상향 소식을 전함,1
이만희,"정교유착 합수본, 7개월여 만에 수사 마무리..이만희·한학자 등 32명 기...",imnews.imbc.com,https://imnews.imbc.com/news/2026/society/article/6848468_36918.html,2026-08-31,정교유착 비리 의혹으로 구속기소,1
이소영,"'로톡' 길 터주고 '닥터나우 금지법' 반대한 이소영…중기부, 변환점 맞...",ddaily.co.kr,https://www.ddaily.co.kr/page/view/2026083109592886297,2026-08-31,중소벤처기업부 장관 후보자 지명,1
김현정,"與, 주가 누르기 보완책 '봇물'…이번엔 배당성향 따진다",hankyung.com,https://www.hankyung.com/article/202608313253i,2026-08-31,배당성향 고려한 밸류업 법안 추진,1
김종민,행정수도특별법 연내 제정은 국민의 명령,ccdailynews.com,https://www.ccdailynews.com/news/articleView.html?idxno=2437490,2026-08-31,행정수도특별법 연내 제정 의지 표명,1
김현정,"“3연임 만장일치 과하다” 금융지주 회장 규제, 막판까지 갈팡질팡",seoul.co.kr,https://www.seoul.co.kr/news/economy/2026/08/31/20260831500273?wlog_tag3=naver,2026-08-31,금융지주 회장 연임 규제 개정안 발의,1
김승원,"김용태 “김용범 유지, 김승원·용혜인 발탁…국민 바보 취급하는 정권...",ichannela.com,https://www.ichannela.com/news/main/news_detailPage.do?publishId=000000547785,2026-08-31,법무부 장관 지명 비판,1
백혜련,26년 산 시설서 장애인 사망···사회복지사 자격증 '3년마다 신고' 왜...,womaneconomy.co.kr,https://www.womaneconomy.co.kr/news/articleView.html?idxno=258095,2026-08-31,사회복지사 자격 신고 관련 법안 재발의,1
김성원,尹 정권 때는 '사법 독립' 주장하던 민주당... 국힘도 다르지 않았다,hankookilbo.com,https://www.hankookilbo.com/news/article/A2026083014520004536?did=NA,2026-08-31,과거 대법관후보추천위원회 구성 변경을 위한 법원조직법 개정안을 발의함,1
김종민,"국가균형성장의 핵심 '행정수도 완성', 충청권이 이룬다",joongdo.co.kr,https://www.joongdo.co.kr/web/view.php?key=20260831010009431,2026-08-31,행정수도 특별법 연내 제정 결의,1
김승원,"박지원 ""김승원, 공소취소 않을 것.. 김용범, 대통령에 가장 필요한 사...",jibs.co.kr,https://www.jibs.co.kr/news/articles/articlesDetail/65003?feed=na,2026-08-31,법무부 장관 지명에 대한 야권 공세 속 당내 방어,1
김종민,"충청 민·관·정, 폭우 속 ""행정수도 특별법 연내 제정"" 외쳤다",dtnews24.com,http://www.dtnews24.com/news/articleView.html?idxno=814754,2026-08-31,행정수도 특별법 연내 제정 촉구,1
김종민,"충청 정치권·시민단체, 세종 행정수도 특별법 제정 한목소리",jeonmae.co.kr,https://www.jeonmae.co.kr/news/articleView.html?idxno=1288766,2026-08-31,세종 행정수도 특별법 제정 촉구,1
김종민,"“20년 희망고문 끝내자”…행정수도특별법 제정, 국회 결단 촉구",ekn.kr,https://www.ekn.kr/web/view.php?key=20260831021568619,2026-08-31,행정수도특별법 제정 국회 결단 촉구,1
김승수,"김승수 의원, 국힘 대구시당 위원장 내정",kbsm.net,https://www.kbsm.net/news/view.php?idx=532218,2026-08-31,국민의힘 대구시당위원장 내정,1
김종민,"""행정수도특별법 반드시 연내 처리""...국회서 범국민 결의",newspim.com,https://www.newspim.com/news/view/20260831000992,2026-08-31,행정수도특별법 연내 처리 촉구,1
박수민,기강 무너진 전남광주 경찰…6년간 240명 징계,namdonews.com,https://www.namdonews.com/news/articleView.html?idxno=921840,2026-08-31,전남광주 경찰 6년간 240명 징계,1
김승원,김승원 법무장관 후보자 법사위 소위 입장,mk.co.kr,https://www.mk.co.kr/article/12140257,2026-08-31,법무장관 후보자 법사위 소위 입장,3
김용태,아파트 소방시설 '훼손'도 처벌…최대 징역 5년,aptn.co.kr,http://www.aptn.co.kr/news/articleView.html?idxno=112741,2026-08-31,소방시설 훼손 처벌 강화 법안 대표발의,1
김정호,국회서 하정우 부위원장 발제 '로봇-피지컬AI 포럼' 열린다,gametoc.co.kr,https://www.gametoc.co.kr/news/articleView.html?idxno=111093,2026-08-31,로봇-피지컬AI 포럼 인사말,1
김종민,국회 앞 모인 충청권…행정수도특별법 연내 제정 촉구,newstnt.com,https://www.newstnt.com/news/articleView.html?idxno=715930,2026-08-31,행정수도특별법 연내 제정 촉구,1
민홍철,민주당 추가 인선…정책위 상임부의장 김용남·윤리감찰 부단장 강민구,mt.co.kr,https://www.mt.co.kr/politics/2026/08/31/2026083111071362678,2026-08-31,민주당 정당외교추진단 공동단장 임명,1
김병주,민주당 한반도평화신전략 특위 신설,kado.net,https://www.kado.net/news/articleView.html?idxno=2069476,2026-08-31,더불어민주당 '한반도평화신전략 특별위원회' 공동위원장으로 임명됨,1
김미애,공사비 부족에 대형 공공공사 절반 이상 유찰… 평균 113일 사업 지연,m.skyedaily.com,https://m.skyedaily.com/news_view.html?ID=310788,2026-08-31,대형 기술형입찰 절반 이상 유찰 지적,1
김승원,중도 향하던 李대통령은 왜 '왼쪽 운동장'만 넓혔을까,sisajournal.com,https://www.sisajournal.com/news/articleView.html?idxno=385360,2026-08-31,법무부 장관 후보자로 지명됨,1
김남희,"민주당 경찰개혁추진단, 1일 첫 회의…외부 전문가 위원 위촉",edaily.co.kr,https://www.edaily.co.kr/News/Read?newsId=03791686645552896&mediaCodeNo=257&utm_source=naver&utm_medium=referral&utm_campaign=news_syndication&utm_content=original_article,2026-08-31,민주당 경찰개혁추진단 공동단장 임명,1
용혜인,"용혜인 청문회, 질문의 수준을 묻는다",womennews.co.kr,https://www.womennews.co.kr/news/articleView.html?idxno=281578,2026-08-31,성평등가족부 장관 후보자 지명과 관련하여 정치적 행보가 주목됨,1
고동진,"고동진 ""국가핵심기술 유출도 간첩죄""..징역 10년 이상 추진",4th.kr,http://www.4th.kr/news/articleView.html?idxno=2117147,2026-08-31,국가핵심기술 유출 외국 간첩죄 처벌 법안 발의,1
복기왕,반도체·AI 지방 이전에 경기 북부·강원까지 포용,idaegu.co.kr,https://www.idaegu.co.kr/news/articleView.html?idxno=558172,2026-08-31,민주당 충청권역 책임위원 임명,1
김동아,법무장관 지명 김승원 법사1소위 마지막 주재…법안 심사만(종합),news1.kr,https://www.news1.kr/politics/assembly/6274861,2026-08-31,법제사법위원회 법안1소위원 보임,1
백혜련,당청·사법부 정면격돌…진보진영 조희대 대법원장 압박,naeil.com,https://www.naeil.com/news/read/600550?ref=naver,2026-08-31,대법원장 법사위 출석 관련 과거 발언 부각,1
김민석,"김민석, 유튜버에 칼 빼들었다…유시민 참전 땐...",ntoday.co.kr,https://www.ntoday.co.kr/news/articleView.html?idxno=129059,2026-08-31,정기국회 대비 워크숍에서 정청래 전 대표에게 감사패 전달,1
박성훈,채무조정 받고 또 생활자금 대출…취약차주 ‘빚의 굴레’ 깊어졌다,tfmedia.co.kr,https://www.tfmedia.co.kr/news/article.html?no=206860,2026-08-31,취약차주 재기 지원 대책 강화 촉구,1
김남희,"여야 지도부·법사위원, 조희대 대법원장 부친상 조문(종합)",yna.co.kr,https://www.yna.co.kr/view/AKR20260831162451001?input=1195m,2026-08-31,조희대 대법원장 부친상 조문,1
김상훈,"'약속 깬' 큐캐피탈, '눈감아준' 수출입은행… 750억 정책자...",livesnews.com,https://www.livesnews.com/news/article.html?no=63692,2026-08-31,수출입은행 정책자금 모니터링 문제 지적,1
용혜인,"""李 지지율 앞자리 2 찍을 것""…안철수, 용혜인 지명에 맹공",imaeil.com,https://www.imaeil.com/page/view/2026083109300559776,2026-08-31,성평등가족부 장관 후보자로 지명됨,1
김상훈,비트코인 8만 달러 앞두고 숨고르기…美 고용지표에 쏠린...,zdnet.co.kr,https://zdnet.co.kr/view/?no=20260831103358,2026-08-31,가상자산 과세 2년 유예 소득세법 개정안 대표발의,1
김승원,69년 만의 대법관 재제청...조희대 없는 법사위 격돌,00news.co.kr,http://www.00news.co.kr/news/articleView.html?idxno=106219,2026-08-31,법사위 조희대 대법원장 불출석 간담회,1
박지원,"박지원 ""김승원, 법무장관 돼도 국민여론 떠나 공소취소 밀어붙이진 않...",newsis.com,https://www.newsis.com/view/NISX20260831_0003768913,2026-08-31,김승원 법무장관 후보자에 대한 야권의 공소취소 추진 공세를 반박함,1
김정호,민주당 당직 인선…전국정당추진특위장 김정호·서울정책기획단장 정태...,m-economynews.com,https://www.m-economynews.com/news/article.html?no=70269,2026-08-31,전국정당추진특별위원회 위원장 임명,1
안철수,"""李 지지율 앞자리 2 찍을 것""…안철수, 용혜인 지명에 맹공",imaeil.com,https://www.imaeil.com/page/view/2026083109300559776,2026-08-31,용혜인 의원의 성평등가족부 장관 지명을 정권 자폭 카드라며 강하게 비판함,1
김남준,"국내외 기관 3곳 중 1곳, ""올해 한국경제 성장률 3.5% 이상""",seouleconews.com,http://www.seouleconews.com/news/articleView.html?idxno=93413,2026-08-31,한국경제 성장 확산 경로 확인,1
김영진,‘원팀’된 여야 의원들의 티키타카[소소한 복도통신],munhwa.com,https://www.munhwa.com/article/11613218?ref=naver,2026-08-31,여야 의원 친선 축구 경기에 출전함,1
김남준,“올해 4% 성장” 전망까지… 韓 성장률 눈높이 두 달 새 확 뛰었다,seoul.co.kr,https://www.seoul.co.kr/news/economy/2026/08/31/20260831500110?wlog_tag3=naver,2026-08-31,한은 올해 성장률 전망치 공개,1
고동진,"외통위 ""네팔서 한국인 본격화 아직…인력·예산 지원 노력""",news1.kr,https://www.news1.kr/diplomacy/defense-diplomacy/6274705,2026-08-31,네팔 한국인 구조 지원 입장 밝혀,1
김승수,국힘 대구시당 9월5일 운영위 소집…시당위원장에 김승수 내정,news1.kr,https://www.news1.kr/local/daegu-gyeongbuk/6274434,2026-08-31,국민의힘 대구시당위원장 내정,1
김승수,국민의힘 차기 대구시당위원장에 김승수 의원 내정,daily.hankooki.com,https://daily.hankooki.com/news/articleView.html?idxno=1400835,2026-08-31,국민의힘 대구시당위원장 내정,1
김승수,"국민의힘 대구시당, 차기 위원장에 김승수 의원 내정",segye.com,https://www.segye.com/newsView/20260831507267?OutUrl=naver,2026-08-31,국민의힘 대구시당위원장 내정,1
김승수,국힘 대구시당위원장에 김승수 의원 내정,tbc.co.kr,https://www.tbc.co.kr/news/view?pno=20260831100624AE04794&id=210452,2026-08-31,국민의힘 대구시당위원장 내정,1
김남희,"""전세 사기는?""…법무부, 민주당 '7대범죄 전건송치'에 반대",nocutnews.co.kr,https://www.nocutnews.co.kr/news/6570577?utm_source=naver&utm_medium=article&utm_campaign=20260831120106,2026-08-31,7대 범죄 전건송치 법안 발의,1
안철수,"野, 용혜인 지명 이틀째 반발 … 안철수 ""혐오 장사꾼"" 윤상현 ""무임승...",news1.kr,https://www.news1.kr/politics/assembly/6274279,2026-08-31,용혜인 후보자를 '혐오 장사꾼'으로 지칭하며 장관 지명을 강하게 비판함,1
김성회,조희대 불출석 예고에 與 “처벌 불가피”…野 “지극히 당연한 태도”...,segye.com,https://www.segye.com/newsView/20260830511945?OutUrl=naver,2026-08-31,김승원 법무부 장관 후보자가 대장동 사건을 변호했다는 주장은 사실이 아니라고 반박함,1
용혜인,사무실로 향하는 용혜인 성평등가족부 장관 후보자,yna.co.kr,https://www.yna.co.kr/view/PYH20260831017800013?input=1196m,2026-08-31,성평등가족부 장관 후보자로 지명된 후 국회 사무실로 출근함,1
김남준,"김남준 의원 ""성장률 전망 대폭 상승…내수 회복에 집중해야"" 강조",gukjenews.com,https://www.gukjenews.com/news/articleView.html?idxno=3679441,2026-08-31,내수 회복 재정정책 집중 강조,1
김남근,"'국가전력망 민간참여 본격화, 공공성 훼손 우려와...",weekly.hankooki.com,https://weekly.hankooki.com/news/articleView.html?idxno=7181526,2026-08-31,지역사회 계속 거주 주택개조 국회 토론회 주최,1
고동진,"고동진 의원 ""국가핵심기술 산업스파이까지 외국 간첩...",areyou.co.kr,http://www.areyou.co.kr/news/articleView.html?idxno=95088,2026-08-31,국가핵심기술 유출 외국 간첩죄 개정안 발의,1
이해민,"AI수석 발탁 전날 넥슨 찾은 이해민…""AI 시대 성과 공식 달라졌다""",newsis.com,https://www.newsis.com/view/NISX20260831_0003768955,2026-08-31,신임 AI미래기획수석 발탁 전날 프로그래밍 대회를 방문해 AI 시대의 변화를 언급함,1
김문수,순천시장은 삼보일배하며 호소했는데…목포 정치인들은 뭐했나!,pressian.com,https://www.pressian.com/pages/articles/2026083019312952132?utm_source=naver&utm_medium=search,2026-08-31,폭우 속에서 국립의대 유치를 위한 삼보일배 행진을 펼침,1
김승원,지명 소감 밝히는 김승원 법무부 장관 후보자,asiatoday.co.kr,https://www.asiatoday.co.kr/kn/view.php?key=20260831010010505,2026-08-31,법무부 장관 후보자 지명 소감 밝혀,1
김정호,민주당 당직 추가 인선…김용남 정책위 상임부의장·강신성 체육위원장...,newsis.com,https://www.newsis.com/view/NISX20260831_0003769239,2026-08-31,민주당 전국정당추진특별위원장 임명,1
김선교,김선교 의원 “5년간 해양쓰레기 65만6천 톤…중국발 유입 차단 공조 시...,breaknews.com,http://www.breaknews.com/1232693,2026-08-31,5년간 해양쓰레기 현황 분석 결과 발표,1
남인순,첫만남이용권 '신청주의' 손본다…요건 충족하면 지급 추진,shinailbo.co.kr,https://www.shinailbo.co.kr/news/articleView.html?idxno=5056579,2026-08-31,첫만남이용권 개정안 공동발의,1
허종식,"인천시·민주당 인천시당, 지역 현안 해결·국비 확보 위한 협력 강화",news.tf.co.kr,https://news.tf.co.kr/read/national/2359630.htm,2026-08-31,인천시와 민선 9기 첫 당정협의회를 개최하고 지역 현안 해결을 논의함,1
김미애,"공공공사 기술형입찰 절반 이상 유찰…""낮은 공사비 탓""",yna.co.kr,https://www.yna.co.kr/view/AKR20260831007400003?input=1195m,2026-08-31,기술형 입찰의 반복 유찰과 사업 지연에 따른 저조한 공사비 문제를 지적함,1
구자근,"산업혁신 이끈다는 KIAT, 고직급 72%가 ‘무보직’…“조직 스스로 혁신...",sportsseoul.com,https://www.sportsseoul.com/news/read/1631875?ref=naver,2026-08-31,KIAT 고직급 72% 무보직 운영 질타,1
안철수,"“용혜인 기용, 대통령 지지율 20%대 자폭카드될 것”…안철수의...",munhwa.com,https://www.munhwa.com/article/11613215?ref=naver,2026-08-31,용혜인 의원 기용을 정권 자폭 카드로 규정하며 지명 철회를 요구함,1
김종민,첫만남이용권 '신청주의' 손본다…요건 충족하면 지급 추진,shinailbo.co.kr,https://www.shinailbo.co.kr/news/articleView.html?idxno=5056579,2026-08-31,첫만남이용권 '신청주의' 개선 개정안 공동발의,1
김승원,부동산·주식 문제 최대 책임자는 그대로 뒀다,wikitree.co.kr,https://www.wikitree.co.kr/articles/1156123,2026-08-31,법무부 장관 후보자 지명,1
김병주,민주당 당직 추가 인선…김용남 정책위 상임부의장·강신성 체육위원장...,newsis.com,https://www.newsis.com/view/NISX20260831_0003769239,2026-08-31,민주당 전작권 환수 TF 단장 임명,1
김남준,올해 성장 '3.5% 이상' 전망 기관 14곳…절반은 한은 3.3% 웃돌아,news1.kr,https://www.news1.kr/economy/trend/6274364,2026-08-31,올해 성장률 3.5% 이상 전망 기관 공개,1
강경숙,"“자배원, ‘8주룰’ 심사 결과 이유까지 밝혀야”…환자 이의제기권 추...",akomnews.com,https://www.akomnews.com/bbs/board.php?bo_table=news&wr_id=68198,2026-08-31,자배원 심사 결과 이유 공개를 의무화하는 개정안을 공동발의함,1
용혜인,국토부 장관 후보자에 홍지선···경제부총리 등 6개 부처 개각,koscaj.com,https://www.koscaj.com/news/articleView.html?idxno=326130,2026-08-31,성평등가족부 장관 후보자 지명,1
용혜인,부동산·주식 문제 최대 책임자는 그대로 뒀다,wikitree.co.kr,https://www.wikitree.co.kr/articles/1156123,2026-08-31,성평등가족부 장관 후보자 낙점,1
김남희,"여야 지도부, 조희대 대법원장 부친상 조문",nocutnews.co.kr,https://www.nocutnews.co.kr/news/6570994?utm_source=naver&utm_medium=article&utm_campaign=20260831113110,2026-08-31,조희대 대법원장 부친상 조문,1
김승수,한 달 넘게 표류한 국민의힘 대구시당…결국 ‘김승수 카드’로 정리,inews24.com,http://www.inews24.com/view/1999969,2026-08-31,국민의힘 대구시당위원장 내정,1
김승원,청문회도 안 잡혔는데 ‘개각 충돌’… 국힘 “민심 역주행” 맹비판,munhwa.com,https://www.munhwa.com/article/11613361?ref=naver,2026-08-31,법무부 장관 후보자 지명,1
김병주,與 '전작권환수추진단' 설치..단장에 '육군 장성' 출신 김병주,fnnews.com,https://www.fnnews.com/news/202608311106411913,2026-08-31,민주당 전작권 환수 TF 단장 임명,1
김병주,"민주당, 전작권 환수 추진단 TF 구성",natv.go.kr,https://www.natv.go.kr/natv/news/newsView.do?newsId=514089,2026-08-31,전작권 환수 추진단장 임명,1
김교흥,'시장·국회·의회' 인천 권력 독식… '무한 책임' 시험대 오른 민주,joongboo.com,https://www.joongboo.com/news/articleView.html?idxno=363735271,2026-08-31,인천시 당정협의회서 민주당 무한 책임 강조,1
김교흥,"인천시·민주당 시당 첫 당정협의회...'책임과 성과, 국비 확보' 한목소...",news.ifm.kr,https://news.ifm.kr/news/articleView.html?idxno=478286,2026-08-31,당정협의회서 골목경제 활성화 위한 신속한 재정 투입 촉구,1
박성훈,고금리에 빚 부담 커졌다…상반기 채무조정 10만명 육박,sateconomy.co.kr,https://sateconomy.co.kr/news/view/1065572958825264,2026-08-31,상반기 채무조정 확정자 현황 발표,1
박주민,조희대 대법원장 부친상…포항서 빈소 지켜 “외부 조문 사양”,wikitree.co.kr,https://www.wikitree.co.kr/articles/1156114,2026-08-31,과거 대법관 재제청 관련 민주당 발언 소환,1
문진석,천안 어린이 650명 ‘맑은 동요’로 하나 됐다,viva100.com,https://www.viva100.com/article/20260831500314,2026-08-31,천안 어린이 동요제 참석,1
박성훈,상반기 채무조정 확정자 9만7000명…3년 새 56% 증가,delighti.co.kr,https://www.delighti.co.kr/news/articleView.html?idxno=120995,2026-08-31,올해 상반기 채무조정 확정자 9만7000명 집계,1
임종득,'사관학교 폐교저지 국민연대' 국회서 출범,monthly.chosun.com,https://monthly.chosun.com/news/articleView.html?idxno=71230,2026-08-31,사관학교 폐교저지 국민연대 출범식에 공동대표로 참석함,1
박성훈,"빚 못 버텨…채무조정자, 2022년 12만1천명→2025년 18만9천명",taxtimes.co.kr,https://www.taxtimes.co.kr/news/article.html?no=276609,2026-08-31,채무조정 확정자 증가 추이 공개,1
김기표,조희대 부친상에 여야 조문 행렬…법사위 현안질의 취소,daejonilbo.com,https://www.daejonilbo.com/news/articleView.html?idxno=2297905,2026-08-31,조희대 대법원장 부친상 조문,1
김기표,"대법원 ""대통령의 대법관후보 '재제청 요청', 법엔 규정 없어""",pressian.com,https://www.pressian.com/pages/articles/2026083120452551747?utm_source=naver&utm_medium=search,2026-08-31,조희대 대법원장 부친상 조문,1
박성준,"박성준 ""김승원 '공소 취소 모임'은 의정활동…檢 잘못된 행태 수정은 ...",newsis.com,https://www.newsis.com/view/NISX20260831_0003769024,2026-08-31,김승원 의원 '공소취소 모임' 옹호,1
박성훈,"알트코인 5년간 상장 1236개, 퇴출은 430개 [크립토360]",biz.heraldcorp.com,https://biz.heraldcorp.com/article/10856952?ref=naver,2026-08-31,알트코인 상장 폭탄 돌리기 방지 및 투자자 보호 촉구,1
장동혁,"장동혁 ""曺, 위헌적 재제청 거부하고 李대통령 재판재개 선언해야""",yna.co.kr,https://www.yna.co.kr/view/AKR20260831040200001?input=1195m,2026-08-31,야당 대표로서 대법원 재판 관련 입장을 밝히고 정부를 비판함,1
김남희,조희대 대법원장 부친상에 각계 조문 행렬…정치권·사법부 발길(종합),yna.co.kr,https://www.yna.co.kr/view/AKR20260831177900053?input=1195m,2026-08-31,조희대 대법원장 부친상 조문,1
김병주,“강원 접경지 소외 없다”…민주 ‘메가성장 특위’ 시동,kwnews.co.kr,https://www.kwnews.co.kr/article/20260831501549,2026-08-31,전작권 환수 TF 단장 임명,1
김병주,"김병주·유용원, 국방첨단전력사업법 공동 대표발의",betanews.net,https://www.betanews.net/article/view/beta202608310080,2026-08-31,국방첨단전력사업법 공동 대표발의,1
김병기,국방위 출석해 의원들과 인사하는 안규백 국방부 장관,yna.co.kr,https://www.yna.co.kr/view/PYH20260831126300013?input=1196m,2026-08-31,국방위원회 전체회의 출석 및 악수,2
김병기,"기약 없는 방시혁, 김병기 마침내…국수본부장 “방시혁 금주 내 결론…...",biz.heraldcorp.com,https://biz.heraldcorp.com/article/10857492?ref=naver,2026-08-31,각종 비위 의혹 수사 조만간 마무리 입장 표명,1
김병기,방시혁 이번주 검찰 송치… 김병기 수사도 한달 내 마무리,joongangenews.com,https://www.joongangenews.com/news/articleView.html?idxno=544214,2026-08-31,의혹 사건 한 달 내 수사 마무리 전망,1
김병주,취임 후 TF·추진단만 24개…김민석 ‘로마군단식’ 당 운영 실험,khan.co.kr,https://www.khan.co.kr/article/202608312057005,2026-08-31,전시작전권 환수 추진단장 임명,1
김병주,김민석 “혁신당 연대·통합 양당 당원의사 확인해 처리”,jndn.com,http://www.jndn.com/article.php?aid=1788169774438767093,2026-08-31,전시작전통제권 환수 추진단장 임명,1
김교흥,국비 2107억 확보 '필승'…인천e음 캐시백 재개 앞당긴다,incheonilbo.com,https://www.incheonilbo.com/news/articleView.html?idxno=1330886,2026-08-31,인천시 당정협의회 참석해 국비 확보 논의,1
김윤덕,'공공기관 울산 중구 유치 합의' 현수막 놓고 의원 간 충돌,newsis.com,https://www.newsis.com/view/NISX20260831_0003770222,2026-08-31,공공기관 중구 유치 합의 현수막 충돌,1
구자근,태양광 155GW 시대 예고…中 모듈 70% 잠식에 국산화 ‘역주행’,kukinews.com,https://www.kukinews.com/article/view/kuk202608310214,2026-08-31,대외무역법 개정안 대표발의,1
김은혜,"김은혜, 과천 경마공원 이전계획에...전면 백지화 촉구",iminju.net,http://www.iminju.net/news/articleView.html?idxno=168761,2026-08-31,과천 경마공원 이전계획 전면 백지화 촉구,1
강득구,교정본부 대신 ‘교정청’ 신설 추진…“과밀수용·인력 부족 해결 시급...,gosiweek.com,https://www.gosiweek.com/article/1065595306312043,2026-08-31,교정청 신설 정부조직법 개정안 토론회 개최,1
김남준,한은 3.3%도 낮다?…韓 성장률 눈높이 확 뛰어,mk.co.kr,https://www.mk.co.kr/article/12140424,2026-08-31,민간 투자 촉진 및 내수 회복 지원 강조,1
장동혁,김승원 법무부 장관 후보자 과거 발언 손팻말 든 장동혁 대표,yna.co.kr,https://www.yna.co.kr/view/PYH20260831026000013?input=1196m,2026-08-31,최고위원회의에서 김승원 법무부 장관 후보자의 과거 SNS 발언을 언급하며 비판함,4
용혜인,"“용혜인 기용, 대통령 지지율 20%대 자폭카드될 것”…안철수의...",munhwa.com,https://www.munhwa.com/article/11613215?ref=naver,2026-08-31,성평등가족부 장관 후보자로 발탁됨,1
김병주,‘DJ식 용인술’ 좇는 金… ‘전 의원 당직화’ 30여개 특위 풀가동,kmib.co.kr,https://www.kmib.co.kr/article/view.asp?arcid=9000007753&cp=nv,2026-08-31,전작권 및 미 전략자산이전 TF 단장 선임,1
용혜인,용혜인 성평등부 장관 후보자 청문준비단 가동…'첫 90년대생 장관' 나...,news1.kr,https://www.news1.kr/society/general-society/6274296,2026-08-31,성평등가족부 장관 후보자 지명에 따라 인사청문회 준비단 가동 및 청문회 준비에 돌입함,1
김건,급변하는 국제질서 속 한반도 해법 모색…“국회서 외교안보포럼 열린...,nspna.com,https://www.nspna.com/news/?mode=view&newsid=826194,2026-08-31,외교안보포럼 참석해 한반도 해법 모색,1
남인순,민주당 추가 당직 인선…김용남 정책위 상임부의장·강신성 체육특위 위...,m-i.kr,https://www.m-i.kr/news/articleView.html?idxno=1407819,2026-08-31,동물과더불어TF 단장 임명,1
곽규택,곽규택의 '유령 면허증'… 부산시에 빚 떠넘기고 '송도선...,pennmike.com,https://www.pennmike.com/news/articleView.html?idxno=126749,2026-08-31,철도지하화 특별법 개정안 통과,1
고민정,"""장거리 통학 안돼""… 강남 노후학교 재건축 시끌",mk.co.kr,https://www.mk.co.kr/article/12140666,2026-08-31,노후학교 재건축 실태 지적,1
용혜인,"野, 용혜인 지명 이틀째 반발 … 안철수 ""혐오 장사꾼"" 윤상현 ""무임승...",news1.kr,https://www.news1.kr/politics/assembly/6274279,2026-08-31,성평등가족부 장관 후보자 지명에 대해 야당의 반발이 이어짐,1
김상훈,'포용금융' 확대 압박에도 5대銀 사잇돌대출 비중 3% 밑돌아,ajunews.com,https://www.ajunews.com/view/20260831133632666,2026-08-31,중저신용자 은행 신용대출 연체율 지적,1
김의겸,국회서 하정우 부위원장 발제 '로봇-피지컬AI 포럼' 열린다,gametoc.co.kr,https://www.gametoc.co.kr/news/articleView.html?idxno=111093,2026-08-31,로봇-피지컬AI 포럼 개최,1
김병주,"與野, AI·드론 ‘신속 전력화’ 맞손…‘첨단전력법’ 공동발의",sedaily.com,https://www.sedaily.com/article/20085468?ref=naver,2026-08-31,국방첨단전력사업 법률안 공동발의,1
김병주,"김병주, 경기 동북부 군 유휴부지 활용 해법 모색",betanews.net,https://www.betanews.net/article/view/beta202608310090,2026-08-31,군 유휴부지 활용 해법 강조,1
강명구,5년간 실종 허위 종결 경찰관 징계 ‘1건’…그마저도 불문경고,news.kbs.co.kr,https://news.kbs.co.kr/news/pc/view/view.do?ncd=8650927&ref=A,2026-08-31,실종 허위 종결 경찰관 징계 현황 지적,1
김병주,유용원·김병주의원 ‘국방첨단전력사업 법률안’ 與野 공동 대표발의…...,munhwa.com,https://www.munhwa.com/article/11613459?ref=naver,2026-08-31,국방첨단전력사업 법률안 공동발의,1
김남희,"대법원 ""대통령의 대법관후보 '재제청 요청', 법엔 규정 없어""",pressian.com,https://www.pressian.com/pages/articles/2026083120452551747?utm_source=naver&utm_medium=search,2026-08-31,조희대 대법원장 부친상 조문,1
김남희,"여야 지도부·법사위원, 조희대 대법원장 부친상 잇달아 조문",sedaily.com,https://www.sedaily.com/article/20085513?ref=naver,2026-08-31,조희대 대법원장 부친상 조문,1
박성훈,고금리에 빚 못버틴 서민 급증…상반기 채무조정 10만명 육박,joongangenews.com,https://www.joongangenews.com/news/articleView.html?idxno=543980,2026-08-31,고금리 여파로 상반기 채무조정 서민 10만명 육박,1
김교흥,한 달치 내고 나중에 한꺼번에…연금 추납 ‘꼼수’ 논란,news.kbs.co.kr,https://news.kbs.co.kr/news/pc/view/view.do?ncd=8650822&ref=A,2026-08-31,외국인 연금 추납 꼼수 논란 지적,1
김남준,반도체 호황 탄 한국 경제…3%대 후반 성장에 '청신호',mdtoday.co.kr,https://www.mdtoday.co.kr/news/articleView.html?idxno=610239,2026-08-31,한국은행 성장 전망 상향 평가,1
안철수,"안철수 “‘혐오 장사꾼’ 용혜인 장관 기용, 이재명 정권 자폭카드”",joongang.co.kr,https://www.joongang.co.kr/article/25457634,2026-08-31,용혜인 의원의 장관 지명에 대해 이재명 대통령을 향해 정권 자폭 카드라며 비판함,1
김석기,조 대법원장 부친상에 조문 행렬…김민석·서영교·정점식·김상환 헌재...,news.jtbc.co.kr,https://news.jtbc.co.kr/article/NB12316001?influxDiv=NAVER,2026-08-31,조희대 대법원장 부친상 조문,1
김승원,"국힘, 李대통령 개각에 “재판취소 올인 개각…민심 역주행“",etoday.co.kr,https://www.etoday.co.kr/news/view/2619859,2026-08-31,법무부 장관 지명에 따른 야당의 '재판취소 개각' 비판,1
권영진,‘출구 없는 위기’에 빠진 여야,dgmbc.com,https://dgmbc.com/NewsArticle/859547,2026-08-31,당원권 정지 중징계 의결,1
권영진,"국힘, 당협위원장 '당원 직선제' 단계적 추진 결정",idaegu.co.kr,https://www.idaegu.co.kr/news/articleView.html?idxno=558176,2026-08-31,당원권 정지로 사고당협 분류 전망,1
권영진,"국힘, 당협위원장 당원 직선제 단계적 도입…올해 사고 당협부터 적용",ulsanpress.net,https://www.ulsanpress.net/news/articleView.html?idxno=582021,2026-08-31,당원권 정지로 사고당협 지정 거론,1
박성훈,"""빚 못 버티는 서민 급증…채무조정 3년새 56%↑""",hansbiz.co.kr,http://www.hansbiz.co.kr/news/articleView.html?idxno=860708,2026-08-31,채무조정 확정자 3년 새 56% 급증 지적,1
권영세,"외통위, 네팔 홍수 대응 점검…""수색에 모든 수단 동원""",edaily.co.kr,https://www.edaily.co.kr/News/Read?newsId=03699846645552896&mediaCodeNo=257&utm_source=naver&utm_medium=referral&utm_campaign=news_syndication&utm_content=original_article,2026-08-31,외통위 네팔 홍수 대응 점검,1
김은혜,"과천 경마공원 개발 '행정 독재'....김은혜 ""백지화하라""",news.skbroadband.com,https://news.skbroadband.com/news/articleView.html?idxno=236461,2026-08-31,과천 경마공원 개발 백지화 요구,1
박지원,"용혜인, 관례 깨고 비례대표 의원직 유지할 듯…박지원 ""이해해줬으면""",mbn.mk.co.kr,http://mbn.mk.co.kr/pages/news/newsView.php?category=mbn00006&news_seq_no=5215868,2026-08-31,용혜인 의원 비례대표직 유지 이해 호소,1
김윤덕,공공기관 2차 이전 앞두고 울산 지역구 국회의원 간 신경전,yna.co.kr,https://www.yna.co.kr/view/AKR20260831147500057?input=1195m,2026-08-31,공공기관 이전 앞두고 지역구 신경전,1
김상훈,"김상훈, 가상자산 소득세법 개정안 발의…""과세 시행일 늦춰야""",news1.kr,https://www.news1.kr/local/daegu-gyeongbuk/6274870,2026-08-31,가상자산 소득세법 개정안 발의,1
김상훈,배당도 미국식으로 바뀌나…'수시배당' 도입 기대반 우려반,newsway.co.kr,https://www.newsway.co.kr/news/view?ud=2026083114153120356,2026-08-31,수시배당 도입 자본시장법 개정안 발의,1
박성훈,"올 상반기 채무조정 10만명... 금리 인상기, 빚 부담에 손 내민 서민들",lawtv.kr,https://www.lawtv.kr/news/articleView.html?idxno=60793,2026-08-31,취약차주 연체 악순환 방지 위한 종합 지원 대책 촉구,1
김승원,김승원 “새 사법체계 안착”…野 “李 재판 취소용”,munhwa.com,https://www.munhwa.com/article/11613357?ref=naver,2026-08-31,법무부 장관 지명 야당 반발 격화,1
김민석,지지율은 빠지고 통합은 꼬이고…김민석號 '원팀' 구호만 요란하다 [기...,dailian.co.kr,https://www.dailian.co.kr/news/view/1684163/?sc=Naver,2026-08-31,민생 강조 및 대통합추진단을 출범시킴,1
박상웅,"""엄정 징계"" 공언에도…5년간 경찰 354명 소청서 '감경·취소'",kbsm.net,https://www.kbsm.net/news/view.php?idx=532062,2026-08-31,경찰 징계 감경·취소 현황 공개,1
김윤덕,"여섯 부처를 바꾼 날, 노동과 복지는 명단에 없었다",newscham.net,https://newscham.net/articles/117130,2026-08-31,국토부 장관 취임 13개월만 퇴임,1
권칠승,"민주, ‘메가 프로젝트·지방성장 특별위’ 출범",kjdaily.com,http://www.kjdaily.com/article.php?aid=1788176862685664002,2026-08-31,민주당 정책위의장 임명,1
김장겸,"투표권 침해 땐 선관위도 처벌 … 김장겸, 국민주권보장법 대표발의",newdaily.co.kr,https://www.newdaily.co.kr/site/data/html/2026/08/31/2026083100303.html,2026-08-31,국민주권보장법 대표발의,1
김장겸,"김장겸, '투표 완전 끝나야 개표·규정위반 선거 무효' 법안발의",yna.co.kr,https://www.yna.co.kr/view/AKR20260831140500001?input=1195m,2026-08-31,사전투표 폐지 및 수개표 공직선거법 개정안 발의,1
김장겸,"""사전투표 없애고 본투표 이틀·수개표""…野김장겸 선거법 개정안 발의",hankyung.com,https://www.hankyung.com/article/202608314207H,2026-08-31,사전투표 폐지 및 본투표 이틀 실시 법안 발의,1
김장겸,"""사전투표 폐지·수개표"" 국힘 김장겸, 선거시스템 개혁 나선다",edaily.co.kr,https://www.edaily.co.kr/News/Read?newsId=03506326645552896&mediaCodeNo=257&utm_source=naver&utm_medium=referral&utm_campaign=news_syndication&utm_content=original_article,2026-08-31,사전투표 폐지·수개표 도입 선거법 개정안 발의,1
김장겸,"野 김장겸, 선거시스템 개혁 '국민주권보장법' 발의…""선관위 개혁""",news.tvchosun.com,https://news.tvchosun.com/site/data/html_dir/2026/08/31/2026083190159.html,2026-08-31,선관위 개혁 담은 국민주권보장법 발의,1
김장겸,"김장겸 의원, 사전투표 폐지·이틀간 본투표 추진",financialreview.co.kr,http://www.financialreview.co.kr/news/articleView.html?idxno=44489,2026-08-31,사전투표 폐지 및 이틀간 본투표 법안 발의,1
김성회,"대법관 재제청, 어느 쪽 택해도 부담…조희대 대법원장이 처한 난감한 ...",wikitree.co.kr,https://www.wikitree.co.kr/articles/1156077,2026-08-31,조희대 대법원장의 불출석 사유를 비판하며 국회 출석을 촉구함,1
김승원,국토부 장관 후보자에 홍지선···경제부총리 등 6개 부처 개각,koscaj.com,https://www.koscaj.com/news/articleView.html?idxno=326130,2026-08-31,법무부 장관 후보자 지명,1
강준현,"""행정수도 특별법 연내 제정"" 범국민 결의대회를 개최",gukjenews.com,https://www.gukjenews.com/news/articleView.html?idxno=3680182,2026-08-31,행정수도 특별법 연내 제정 결의대회 개최,1
김성회,"與 “대법관 후보, 남은 3명중 1명 재제청” 압박… 고심 깊은 조희대",donga.com,https://www.donga.com/news/Society/article/all/20260831/134572660/2,2026-08-31,조희대 대법원장의 국회 출석 거부 행태를 비판함,1
김건,"'전 북핵수석대표' 김건 ""트럼프, 北 호응 없으면 압박으로 선...",news1.kr,https://www.news1.kr/diplomacy/defense-diplomacy/6275155,2026-08-31,북한 대화 거부시 트럼프 강경책 전망,1
김상훈,"'약속 깬' 큐캐피탈, '눈감아준' 한국수출입은행… 750억 정...",livesnews.com,https://www.livesnews.com/news/article.html?no=63692,2026-08-31,수출입은행 모니터링 부실 및 펀드 집행 지적,1
김남준,반도체·내수 회복에 성장 눈높이 '껑충'…韓 올해 3.5% 전망 14곳,youthdaily.co.kr,https://www.youthdaily.co.kr/news/article.html?no=226013,2026-08-31,한국은행으로부터 경제 성장률 전망 관련 자료를 제출받음,1
김윤덕,"""2차 이전 공공기관 내 지역구에""…울산 국회의원들 티격태격(종합)",news1.kr,https://www.news1.kr/local/ulsan/6275199,2026-08-31,공공기관 지역구 유치 현수막 공방,1
김윤덕,공공기관 2차 이전 놓고 울산 정치권 격돌,ujeil.com,http://www.ujeil.com/news/articleView.html?idxno=391248,2026-08-31,공공기관 2차 이전 울산 유치 갈등,1
김윤덕,"서울 마지막 땅...'용산공원'인가, '청년주거'인가?",monthly.chosun.com,https://monthly.chosun.com/news/articleView.html?idxno=71232,2026-08-31,용산공원 본체 부지 사수 논의,1
김윤덕,여당 “민간 용적률 120~130% 상향 검토”,khan.co.kr,https://www.khan.co.kr/article/202608312108015,2026-08-31,민간 용적률 상향 검토,1
김기표,"여야 지도부·법사위원, 조희대 대법원장 부친상 잇달아 조문",sedaily.com,https://www.sedaily.com/article/20085513?ref=naver,2026-08-31,조희대 대법원장 부친상 조문,1
김기표,조희대 대법원장 부친상에 각계 조문 행렬…정치권·사법부 발길(종합),yna.co.kr,https://www.yna.co.kr/view/AKR20260831177900053?input=1195m,2026-08-31,조희대 대법원장 부친상 조문,1
고동진,매달 29명꼴 수사부서 떠났다… 10월 '수사 대전환' 앞둔 경찰 비상,thepublic.kr,https://www.thepublic.kr/news/articleView.html?idxno=316813,2026-08-31,경찰 수사부서 퇴직자 현황 자료 공개,1
권칠승,與 메가성장 특위 발족…호남 반도체 속도 낸다,namdonews.com,https://www.namdonews.com/news/articleView.html?idxno=921747,2026-08-31,메가성장 특위 상임부위원장 활동,1
김영배,"김영배 ""비거주 1주택자 두텁게 보호해야…정부안에 반영되길 기대""",mt.co.kr,https://www.mt.co.kr/politics/2026/08/31/2026083109272145020,2026-08-31,부동산 세제개편안 입장 표명,1
김병주,"민주, 추가 당직 인선…전작권환수TF 김병주·정책위 상임부의장에 김용...",news1.kr,https://www.news1.kr/politics/assembly/6274987,2026-08-31,전작권 환수 및 미 전략자산 이전 TF 단장 임명,1
김선교,전남광주 해양폐기물 21만 톤...전국에서 가장 많아,ikbc.co.kr,https://www.ikbc.co.kr/article/view/kbc202608310070,2026-08-31,전남광주 해양폐기물 수거량 최다 지적,1
김기표,"여야 지도부·법사위원, 조희대 대법원장 부친상 조문(종합)",yna.co.kr,https://www.yna.co.kr/view/AKR20260831162451001?input=1195m,2026-08-31,조희대 대법원장 부친상 조문,1
임오경,‘원팀’된 여야 의원들의 티키타카[소소한 복도통신],munhwa.com,https://www.munhwa.com/article/11613218?ref=naver,2026-08-31,여야 의원 축구 경기에서 골을 넣으며 팀 승리에 기여함,1
박지원,"이준석 ""내가 민주당 입당? 허위사실"" vs 박지원 ""와도 안 받아, 무운 빈...",news1.kr,https://www.news1.kr/politics/assembly/6274216,2026-08-31,이준석 대표 민주당 영입설에 선을 긋고 반대 표명,1
박성훈,버티고 버텼는데 결국…고금리·고물가에 서민 10만명 결국 ‘빚 조정’,biz.heraldcorp.com,https://biz.heraldcorp.com/article/10856956?ref=naver,2026-08-31,서민 채무조정 증가에 대책 촉구,1
김윤덕,"여당에서도 나온 재건축·재개발 용적률 120~130% 인상론, 오세훈이 던진...",khan.co.kr,https://www.khan.co.kr/article/202608311741011,2026-08-31,재건축 용적률 120~130% 인상론,1
권영진,국힘 '당원 직선제' 단계적 도입…권영진 지역구 미래는?,imaeil.com,https://www.imaeil.com/page/view/2026083117573767726,2026-08-31,당원권 정지로 사고당협 지정 전망,1
김민석,"李대통령, 6개 부처 '일괄 개각' 승부수",finomy.com,http://www.finomy.com/news/articleView.html?idxno=260332,2026-08-31,더불어민주당 대표로서 6개 부처 일괄 개각을 민생·실용 확장 노선에 부합한다고 환영함,1
김재섭,국힘 김재섭 ‘예비 관광특구법’ 발의…대규모 문화시설 예정 지역에 ...,donga.com,https://www.donga.com/news/Politics/article/all/20260831/134578175/1,2026-08-31,예비 관광특구법 대표발의,1
김정호,“강원 접경지 소외 없다”…민주 ‘메가성장 특위’ 시동,kwnews.co.kr,https://www.kwnews.co.kr/article/20260831501549,2026-08-31,전국정당추진특위 위원장 임명,1
김장겸,"김장겸, 사전투표제 폐지·선거일 연장 '국민주권보장법' 발의",mediapen.com,https://www.mediapen.com/news/view/1120203,2026-08-31,국민주권보장법 대표발의,1
김성범,"서귀포문화대학 총동문회, 한마음대회 열고 화합 다져",jejudomin.co.kr,https://www.jejudomin.co.kr/news/articleView.html?idxno=321822,2026-08-31,서귀포문화대학 총동문회 한마음대회에 참석함,1
윤용근,"‘대책 없는 졸속 이전, 즉각 중단’… 정부 ‘경마 죽이기’에 총결집...",sportsworldi.com,https://www.sportsworldi.com/newsView/20260831503505,2026-08-31,경마장 이전 추진에 대해 대책 없는 졸속 이전이라며 즉각 중단을 촉구함,1
용혜인,"용혜인, 성평등부 장관 돼도 비례의원직 유지할 듯…""의원직 유지가 당...",newsis.com,https://www.newsis.com/view/NISX20260831_0003769034,2026-08-31,장관 지명 후 비례대표 의원직 유지 논의,1
남인순,민주당 추가 인선…정책위 상임부의장 김용남·윤리감찰 부단장 강민구,mt.co.kr,https://www.mt.co.kr/politics/2026/08/31/2026083111071362678,2026-08-31,동물과더불어TF 단장 임명,1
송옥주,"송옥주 의원, 온열질환 예방·치료 패키지법 대표 발의",pointdaily.co.kr,https://www.pointdaily.co.kr/news/articleView.html?idxno=317270,2026-08-31,온열질환 예방·치료 패키지법을 대표 발의함,1
윤상현,"野, 용혜인 지명 이틀째 반발 … 안철수 ""혐오 장사꾼"" 윤상현 ""무임승...",news1.kr,https://www.news1.kr/politics/assembly/6274279,2026-08-31,성평등가족부 장관 후보자 지명에 대해 무임승차라며 비판함,1
구자근,"KIAT 고직급 인력 운영 논란…무보직 136명, 조직 효율성 과제 부각",energydaily.co.kr,https://www.energydaily.co.kr/news/articleView.html?idxno=202671,2026-08-31,KIAT 고직급 무보직 인력 운영 지적,1
윤준병,"윤준병, 고창 신림면서 '토방청담'…주민 민원 현장서 해법 모색",jeonmin.co.kr,http://www.jeonmin.co.kr/news/articleView.html?idxno=446066,2026-08-31,주민 민원 현장 방문 및 소통,1
김상훈,“차값 할부도 버겁다”…캐피탈사 할부금융 연체율 줄줄이 상승,sedaily.com,https://www.sedaily.com/article/20084927?ref=naver,2026-08-31,캐피탈사 상용차 할부금융 연체율 상승 자료를 공개함,1
김정호,첫만남이용권 '신청주의' 손본다…요건 충족하면 지급 추진,shinailbo.co.kr,https://www.shinailbo.co.kr/news/articleView.html?idxno=5056579,2026-08-31,첫만남이용권 '신청주의' 개선 개정안 공동발의,1
고동진,외교부 방문 마친 국회 외통위,yna.co.kr,https://www.yna.co.kr/view/PYH20260831080300013?input=1196m,2026-08-31,외교부 방문해 네팔 대홍수 브리핑 참석,4
김민석,성폭력 피해자 몰래 후보 검증 제보? 지방선거 때 민주당에서 무...,weekly.khan.co.kr,https://weekly.khan.co.kr/article/202608310600011,2026-08-31,지방선거 당시 성폭력 피해자 동의 없는 후보 검증 제보로 논란이 됨,1
남인순,민주당 당직 추가 인선…김용남 정책위 상임부의장·강신성 체육위원장...,newsis.com,https://www.newsis.com/view/NISX20260831_0003769239,2026-08-31,동물과더불어TF 단장 임명,1
노종면,퍼니포: 李대통령 지지율 하락 속 중폭 개각… 2기 내각...,ddanzi.com,http://www.ddanzi.com/893047674,2026-08-31,미디어공공성TF 간사 내정,1
김정호,민주당 추가 인선…정책위 상임부의장 김용남·윤리감찰 부단장 강민구,mt.co.kr,https://www.mt.co.kr/politics/2026/08/31/2026083111071362678,2026-08-31,민주당 전국정당추진특별위원회 위원장 임명,1
권영진,"월간정치 ② 국민의힘 '징계 내전', 요동치는 '보수’",dgmbc.com,https://dgmbc.com/NewsArticle/859502,2026-08-31,당원권 정지 1년 6개월 중징계 처분,1
김선민,"기후재난시대, ‘에너지 기본권’ 세워야",dt.co.kr,https://www.dt.co.kr/article/12081189?ref=naver,2026-08-31,에너지 기본권 보장 법안 공동발의,1
김승원,'부동산 라인' 인적 쇄신‥범여권 발탁 '통합 인사',imnews.imbc.com,https://imnews.imbc.com/replay/2026/nw1200/article/6848505_36967.html,2026-08-31,법무부 장관 후보자 지명,1
김남준,올해 韓 성장률 '3.5% 이상' 전망하는 기관 많아졌다,straightnews.co.kr,https://www.straightnews.co.kr/news/articleView.html?idxno=310026,2026-08-31,내수 구조적 회복 지원 재정정책 강조,1
김승원,“집권 2년 차 국정 동력 확보 위한 개각…野 인사청문회...,news.kbs.co.kr,https://news.kbs.co.kr/news/pc/view/view.do?ncd=8650383&ref=A,2026-08-31,법무부 장관 후보자 지명,1
김승원,"""공소취소 선봉장"" vs ""정치 공세""…공방 격화",news.sbs.co.kr,https://news.sbs.co.kr/news/endPage.do?news_id=N1008729925&plink=ORI&cooper=NAVER,2026-08-31,법무부 장관 후보자 지명 공방 격화,1
김남준,반도체가 끌어올린 성장률…기관 10곳 중 7곳 '올해 3%대',ebn.co.kr,https://www.ebn.co.kr/news/articleView.html?idxno=1722219,2026-08-31,한국은행으로부터 제출받은 올해 성장률 전망 자료를 공개함,1
김민석,"민주, ‘메가 프로젝트·지방성장 특별위’ 출범",kjdaily.com,http://www.kjdaily.com/article.php?aid=1788176862685664002,2026-08-31,메가 프로젝트 및 지방성장 특위 출범,1
김용태,김용태 의원 “소방시설 차단뿐 아니라 훼손 시에도 처벌해야”,fpn119.co.kr,http://fpn119.co.kr/255898,2026-08-31,소방시설 훼손 처벌 법안 발의,1
김태규,"예결위까지 번진 '대법관 재제청' 논란…與 ""대통령 권한"" 野 ""대법원장...",lawtimes.co.kr,https://www.lawtimes.co.kr/news/articleView.html?idxno=225649,2026-08-31,대법관 재제청 관련 대통령 임명권 옹호,1
김용태,"농해수위, CPTPP 가입 대응책· 해양경찰청장 공석 등 지적",natv.go.kr,https://www.natv.go.kr/natv/news/newsView.do?newsId=514086,2026-08-31,해양경찰청장 공석 지적,1
김예지,장애인이 안전하게 일하도록 법을 바꾸려고 해요,ablenews.co.kr,https://www.ablenews.co.kr/news/articleView.html?idxno=232992,2026-08-31,장애인 표준사업장 성폭력 가해 시 자격 취소 법안 발의,1
김정호,"기후재난시대, ‘에너지 기본권’ 세워야",dt.co.kr,https://www.dt.co.kr/article/12081189?ref=naver,2026-08-31,에너지 기본권 법안 공동발의,1
구자근,산업기술진흥원 고위직 72% '무보직'…최장 16년간 보직 못 맡아,pointdaily.co.kr,https://www.pointdaily.co.kr/news/articleView.html?idxno=317346,2026-08-31,산업기술진흥원 고위직 무보직 지적,1
구자근,"산업기술진흥원, 고위급 136명이 무보직",hidomin.com,https://www.hidomin.com/news/articleView.html?idxno=719210,2026-08-31,산업기술진흥원 고위직 무보직 지적,1
김장겸,"김장겸, 사전투표제 폐지 '국민주권보장법' 발의…""선거시스템 혁신""",newsis.com,https://www.newsis.com/view/NISX20260831_0003770100,2026-08-31,국민주권보장법 대표발의,1
김남희,檢 폐지까지 단 30일… 땜질식 ‘경찰개혁’에 커지는 우려 [이슈&트렌...,dt.co.kr,https://www.dt.co.kr/article/12081212?ref=naver,2026-08-31,경찰개혁추진단 활동 및 현장 방문,1
김영호,"'국가전력망 민간참여 본격화, 공공성 훼손 우려와...",weekly.hankooki.com,https://weekly.hankooki.com/news/articleView.html?idxno=7181526,2026-08-31,교통약자 이동권 확대를 위한 정책 토론회 개최,1
강준현,행정수도특별법 연내 제정은 국민의 명령,ccdailynews.com,https://www.ccdailynews.com/news/articleView.html?idxno=2437490,2026-08-31,행정수도특별법 연내 제정 촉구,1
김윤덕,"쇄신개각 꺼낸 이 대통령, 지지율 반등할까…‘부동산·공소취소’ 큰 ...",hani.co.kr,https://www.hani.co.kr/arti/politics/bluehouse/1275580.html,2026-08-31,국토교통부 장관 교체,1
강준현,"""행정수도특별법 반드시 연내 처리""...국회서 범국민 결의",newspim.com,https://www.newspim.com/news/view/20260831000992,2026-08-31,행정수도특별법 연내 처리 촉구,1
강준현,"국가균형성장의 핵심 '행정수도 완성', 충청권이 이룬다",joongdo.co.kr,https://www.joongdo.co.kr/web/view.php?key=20260831010009431,2026-08-31,행정수도 특별법 연내 제정 결의,1
강준현,"충청권 시·도, 행정수도 세종 완성 특별법 제정 촉구 결의대회",ccdailynews.com,https://www.ccdailynews.com/news/articleView.html?idxno=2437505,2026-08-31,행정수도 세종 완성 특별법 제정 촉구,1
권영세,"네팔 실종자 수색 난항 계속…국회 외통위, 외교부 찾아 상황 점검",idomin.com,https://www.idomin.com/news/articleView.html?idxno=2013690,2026-08-31,외통위 외교부 방문 네팔 상황 점검,1
권칠승,반도체·AI 지방 이전에 경기 북부·강원까지 포용,idaegu.co.kr,https://www.idaegu.co.kr/news/articleView.html?idxno=558172,2026-08-31,민주당 정책위의장에 임명,1
김은혜,"여야, 정기국회 정책위의장단 협의체 가동... 민생 공통 법안 처리 논의",lawissue.co.kr,http://www.lawissue.co.kr/view.php?ud=202608311450427902b3279dfb36_12,2026-08-31,여야 정책위의장단 민생 입법 협의,1
배현진,배현진 '당원권 1년 정지' 징계무효 소송…10월 8일 첫 재판,news.tvchosun.com,https://news.tvchosun.com/site/data/html_dir/2026/08/31/2026083190099.html,2026-08-31,당원권 정지 징계무효 소송 제기,1
김예지,"우선구매 기념일 제정?…공공 구매비율 강제 법안은 아직[장애인, 일자...",ekn.kr,https://www.ekn.kr/web/view.php?key=20260831020208445,2026-08-31,장애인 고용 관련 법안 발의,1
허종식,"인천시·민주당 인천시당, ""국비·현안, 원팀으로 뚫는다""",discoverynews.kr,https://www.discoverynews.kr/news/articleView.html?idxno=1100046,2026-08-31,인천시와 민주당 인천시당의 당정협의회에 참석해 국비 및 현안 해결을 위한 협력을 다짐함,1
김예지,장애인 표준사업장에서 학대·성폭력 발생하면 인...,welfarenews.net,https://www.welfarenews.net/news/articleView.html?idxno=210497,2026-08-31,장애인 표준사업장 성폭력 발생 시 인증 취소 법안 발의,1
김용만,"청년미래적금, '최대 19.4% 혜택'에도 12.8%만 전환",newspim.com,https://www.newspim.com/news/view/20260831000839,2026-08-31,청년미래적금 신청기간 확대 촉구,1
김용태,"""9개월 공석 해경청장 임명 제청해야""…국회 농해수위서 질타",edaily.co.kr,https://www.edaily.co.kr/News/Read?newsId=04004886645552896&mediaCodeNo=257&utm_source=naver&utm_medium=referral&utm_campaign=news_syndication&utm_content=original_article,2026-08-31,해양경찰청장 공석 지적,1
김석기,"여야 지도부, 조희대 대법원장 부친상 조문",nocutnews.co.kr,https://www.nocutnews.co.kr/news/6570994?utm_source=naver&utm_medium=article&utm_campaign=20260831113110,2026-08-31,조희대 대법원장 부친상 조문,1
정춘생,8월 31일 월요일 국회,jeonmae.co.kr,https://www.jeonmae.co.kr/news/articleView.html?idxno=1288417,2026-08-31,디지털성범죄 법안 발의 관련 기자회견 개최,1
김석기,"조희대 부친상 찾은 강훈식...대법관 재제청 질문엔 ""여기까지만""",ikbc.co.kr,https://www.ikbc.co.kr/article/view/kbc202608310078,2026-08-31,조희대 대법원장 부친상 조문,1
김병주,"민주당, ‘전작권 환수 TF’ 구성…단장에 김병주",kukinews.com,https://www.kukinews.com/article/view/kuk202608310084,2026-08-31,민주당 전작권 환수 TF 단장 임명,1
김병주,민주당 추가 인선…정책위 상임부의장 김용남·윤리감찰 부단장 강민구,mt.co.kr,https://www.mt.co.kr/politics/2026/08/31/2026083111071362678,2026-08-31,민주당 전작권 환수 TF 단장 임명,1
장동혁,"장동혁 ""李대통령, 본인에게 무죄 선고할 판사들로 대법원 채우려 해""",kookje.co.kr,http://www.kookje.co.kr/news2011/asp/newsbody.asp?code=0100&key=20260831.99099008809,2026-08-31,대법관 후보 제청 반려 조치 비판,1
이소영,"이 대통령, 6개부처 개각 단행…재경·국방·국토장관 등 교체",news.kbs.co.kr,https://news.kbs.co.kr/news/pc/view/view.do?ncd=8650145&ref=A,2026-08-31,중소벤처기업부 장관 후보자 지명,1
강명구,5년간 실종 허위종결 경찰관 징계 ‘1건’…그마저도 불문...,news.kbs.co.kr,https://news.kbs.co.kr/news/pc/view/view.do?ncd=8650646&ref=A,2026-08-31,실종 허위종결 경찰관 불문경고 징계 질타,1
오기형,"삼성전자·하이닉스, 법인세로만 연 100조 내나",sedaily.com,https://www.sedaily.com/article/20085115?ref=naver,2026-08-31,한국형 베어허그 자본시장법 개정안 추진,1
김문수,민주당 추가 당직 인선…김용남 정책위 상임부의장·강신성 체육특위 위...,m-i.kr,https://www.m-i.kr/news/articleView.html?idxno=1407819,2026-08-31,전국정당추진위원회 수석부위원장 임명,1
이준석,"이준석 없는 개혁신당, '제3지대' 실험 실패?…'합당-자강' 갈림길",dailian.co.kr,https://www.dailian.co.kr/news/view/1684177/?sc=Naver,2026-08-31,개혁신당의 당권 갈등 및 제3지대 노선과 관련해 언급됨,1
김문수,민주당 당직 추가 인선…김용남 정책위 상임부의장·강신성 체육위원장...,newsis.com,https://www.newsis.com/view/NISX20260831_0003769239,2026-08-31,전국정당추진특별위원회 수석부위원장 임명,1
용혜인,취재진 질문에 답하는 용혜인 성평등가족부 장관 후보자,yna.co.kr,https://www.yna.co.kr/view/PYH20260831017000013?input=1196m,2026-08-31,성평등가족부 장관 후보자로 출근하며 취재진의 질문에 답변함,1
주철현,"주철현 의원, 순천대 의대 선정 환영...“동부권 공공혁신지구 조성해야...",lawissue.co.kr,http://www.lawissue.co.kr/view.php?ud=2026083109351429229aeda69934_12,2026-08-31,순천대 의대 선정 환영 및 공공혁신지구 조성 촉구,1
김병기,'김병기 수사' 1년 공전 끝에 한달 내 결론…시험대 오른 경찰 수사력,fnnews.com,https://www.fnnews.com/news/202608301137329677,2026-08-31,각종 비위 의혹에 대한 경찰 수사가 1년을 앞둔 가운데 수사심의위가 한 달 내 결론을 권고함,1
박은정,"기후재난시대, ‘에너지 기본권’ 세워야",dt.co.kr,https://www.dt.co.kr/article/12081189?ref=naver,2026-08-31,에너지 기본권 법안 공동발의 참여,1
김상훈,보험권 내부통제 강화… 사기 가담자 진입 차단한다,insnews.co.kr,https://www.insnews.co.kr/news/articleView.html?idxno=92486,2026-08-31,보험업법 일부개정법률안이 국회 본회의에서 의결됨,1
김민석,민주당 전당대회에 관한 새로운 분석 - 세 합리성이 충돌하다,sisain.co.kr,https://www.sisain.co.kr/news/articleView.html?idxno=58388,2026-08-31,전당대회 호남 경선에서 큰 격차로 승리함,1
김성원,"이소영 의원, 중기부장관 내정…약 배송 반대 진영엔 악재",dailypharm.com,https://www.dailypharm.com/user/news/341924?REFERER=NP,2026-08-31,의료법 및 약사법 개정안 대표발의,1
윤건영,"'30%대' 李지지율, 개각으로 반등할까",hansbiz.co.kr,http://www.hansbiz.co.kr/news/articleView.html?idxno=860697,2026-08-31,이재명 대통령 사건 공소취소와 국정조사 추진을 위한 의원 모임 공동대표를 맡음,1
용혜인,"용혜인 장관 지명에 안철수 ""'혐오 장사꾼' 기용…정권 자폭 카드 될 것...",view.asiae.co.kr,https://view.asiae.co.kr/article/2026083109223544808,2026-08-31,성평등가족부 장관 후보자 지명에 대해 안철수 의원 등 야권의 거센 반발을 받음,1
박성훈,"박성훈 의원, 빚 못 갚아 채무조정 19만명 육박",financialreview.co.kr,http://www.financialreview.co.kr/news/articleView.html?idxno=44468,2026-08-31,최근 3년 사이 채무조정을 받는 사람이 50% 이상 증가했다고 밝힘,1
정춘생,"“이러다 다 죽어” 제주 괴담 확산…범죄율 1위, 통계 보니",hani.co.kr,https://www.hani.co.kr/arti/area/area_general/1275394.html,2026-08-31,경찰청으로부터 제주 지역 성인 실종 접수 관련 자료를 제출받음,1
김영배,"KF·한독협회, 9월 2~4일 독일 에슈보른서 '제24차 한독포럼' 개최",pharmnews.com,https://www.pharmnews.com/news/articleView.html?idxno=305929,2026-08-31,제24차 한독포럼 참석,1
안규백,양자(養子),ilyoseoul.co.kr,https://www.ilyoseoul.co.kr/news/articleView.html?idxno=521765,2026-08-31,과거 양자 논란 및 군복무 이탈 의혹과 관련된 내용으로 언급됨,1
김민석,"與 ""실용개각"" vs 野 ""국정테러"" [정치오늘]",sisaon.co.kr,https://www.sisaon.co.kr/news/articleView.html?idxno=203937,2026-08-31,"이재명 정부의 2기 개각에 대해 역량과 젊음, 연대 강화를 상징한다고 긍정 평가함",1
김영진,"현직 차관 승진, 정책기조 유지… 범여권 통합·확장 도모",mt.co.kr,https://www.mt.co.kr/politics/2026/08/31/2026083020065765716,2026-08-31,라디오 인터뷰에서 인사책임 필요성과 지지율 관련 견해를 밝힘,1
김민전,檢 수사권 폐지에 피해자 부담 느는데…내년 국선예산 확대도 ‘...,sedaily.com,https://www.sedaily.com/article/20085021?ref=naver,2026-08-31,법무부로부터 피해자 국선변호사 예산 관련 자료를 제출받음,1
김민석,"김용범 실장 유임에 조선 ""이게 국정 쇄신인가""… 한겨레, 개각 긍정 평...",mediatoday.co.kr,https://www.mediatoday.co.kr/news/articleView.html?idxno=336789,2026-08-31,당대표 등의 요인이 정당 지지율에 영향을 미쳤다는 분석과 함께 언급됨,1
나경원,부동산·주식 문제 최대 책임자는 그대로 뒀다,wikitree.co.kr,https://www.wikitree.co.kr/articles/1156123,2026-08-31,'ETF 3인방' 사퇴 요구,1
박은정,"‘친일 논란’ 하영 증조부 안상호, 사료에 ‘고종 독살 의혹’ 기록",sedaily.com,https://www.sedaily.com/article/20085233?ref=naver,2026-08-31,증조부 친일 재산 여부 진상조사 요구,1
정동만,‘원팀’된 여야 의원들의 티키타카[소소한 복도통신],munhwa.com,https://www.munhwa.com/article/11613218?ref=naver,2026-08-31,여야 의원 축구 경기에서 국민의힘 주장으로 출전함,1
박정훈,"국힘 박정훈 ""동북아역사재단 이사장 해임에 청와대 개입 의혹""",hankookilbo.com,https://www.hankookilbo.com/news/article/A2026083119170001444?did=NA,2026-08-31,동북아역사재단 이사장 해임 청와대 개입 의혹 제기,1
이소영,집권 2년 차 중폭 개각‥왼쪽으로 젊어진 내각,imnews.imbc.com,https://imnews.imbc.com/replay/2026/nw930/article/6848461_36996.html,2026-08-31,중소벤처기업부 장관 후보자 발탁,1
정점식,"정점식 ""李대통령, 이번 개각으로 '국정쇄신 전면 거부' 선언""",yna.co.kr,https://www.yna.co.kr/view/AKR20260831048800001?input=1195m,2026-08-31,이번 개각을 국정쇄신 전면 거부로 규정,1
김선교,5년 새 해양쓰레기 20% 늘었다...AI·드론·수상로봇까지 정화현장 투입,m-economynews.com,https://www.m-economynews.com/news/article.html?no=70241,2026-08-31,최근 5년간 해양폐기물 수거 현황 자료를 분석하여 해양쓰레기 증가 문제를 지적함,1
장동혁,"국힘 ""李 개각, 국정쇄신 거부…민심 역주행""",news.tf.co.kr,https://news.tf.co.kr/read/ptoday/2359663.htm,2026-08-31,신임 법무부 장관 지명을 국정쇄신 거부이자 민심 역주행으로 규정함,1
강경숙,"기후재난시대, ‘에너지 기본권’ 세워야",dt.co.kr,https://www.dt.co.kr/article/12081189?ref=naver,2026-08-31,기후재난시대 에너지 기본권 법안 공동발의,1
강준현,"""행정수도특별법 연내 제정하라""..정기국회 결판내자",tjb.co.kr,http://www.tjb.co.kr/sub0301/bodo/view/id/103038,2026-08-31,행정수도특별법 연내 제정 촉구,1
용혜인,"국힘, 李대통령 개각에 “재판취소 올인 개각…민심 역주행“",etoday.co.kr,https://www.etoday.co.kr/news/view/2619859,2026-08-31,장관 지명을 두고 민심 역주행 개각 비판,1
김성범,재해대응·농협법 개정·농특세 활용 등 현안 집중 질타,aflnews.co.kr,https://www.aflnews.co.kr/news/articleView.html?idxno=327153,2026-08-31,국회 농해수위에서 제주지역 가뭄 등 재해대응과 농업 현안에 대해 질의함,1
강준현,"""행정수도특별법 연내 제정하라""...민관정 상경 집회",cjb.co.kr,https://www.cjb.co.kr/home/sub.php?menukey=61&mod=view&P_NO=260831033&PRO_CODE=4,2026-08-31,행정수도특별법 연내 제정 촉구 상경 집회,1
김승원,"""실용적 인재 배치""‥""민심 역주행 개각""",imnews.imbc.com,https://imnews.imbc.com/replay/2026/nw1200/article/6848506_36967.html,2026-08-31,법무부 장관 후보자 지명,1
강준현,"행정수도특별법, 9월 정기국회 분수령…충청권 넘어 전국 연대 “연내 ...",cfnews.kr,https://www.cfnews.kr/news/article.html?no=111571,2026-08-31,행정수도특별법 연내 제정 강조,1
강준현,행정수도특별법 연내 제정 촉구…충청권 총결집,news.kbs.co.kr,https://news.kbs.co.kr/news/pc/view/view.do?ncd=8650869&ref=A,2026-08-31,행정수도특별법 연내 제정 촉구,2
김승원,6부 장관 지명과 총리의 제청권 [김구철의 소프트파워 외교],dailian.co.kr,https://www.dailian.co.kr/news/view/1684274/?sc=Naver,2026-08-31,신임 법무부 장관 후보자로 발탁됨,1
안철수,용혜인 지명에 공세 높인 안철수…“지지율 앞자리 2 찍을 것”,kmib.co.kr,https://www.kmib.co.kr/article/view.asp?arcid=9000007578&cp=nv,2026-08-31,용혜인 의원 장관 지명 철회 촉구 및 정권 비판,1
김승원,"김영배 ""공취모 공동대표 이력? 개인 김승원과 법무부장관 ...",news.bbsi.co.kr,https://news.bbsi.co.kr/news/articleView.html?idxno=4103572,2026-08-31,법무부 장관 후보자 지명과 관련해 개인 김승원이 아닌 장관으로서 직무에 임할 것임을 밝힘,1
강선우,국힘 ‘용혜인 때리기’ 집중…강선우 ‘의원불패’ 붕괴 이후 검증 주...,biz.heraldcorp.com,https://biz.heraldcorp.com/article/10857795?ref=naver,2026-08-31,과거 보좌진 갑질 논란으로 자진 사퇴,1
김승원,"범여권 아우른 6개 부처 개각…국민의힘 ""방탄 개각"" 반발",news.jtbc.co.kr,https://news.jtbc.co.kr/article/NB12315826?influxDiv=NAVER,2026-08-31,민주당 재선 의원으로 신임 법무부 장관 후보자에 발탁됨,1
김승원,"지지율 하락에 李, 경제부총리 등 6명 '중폭 개각'…또 '절반' 정치인",news.tvchosun.com,https://news.tvchosun.com/site/data/html_dir/2026/08/31/2026083190013.html,2026-08-31,중폭 개각을 통해 법무부 장관 후보자로 지명됨,1
안도걸,"“재정안정·미래투자 병행”… 안도걸 국회의원, 초과세수 활용방안 토...",gj.newdaily.co.kr,https://gj.newdaily.co.kr/site/data/html/2026/08/30/2026083000096.html,2026-08-31,초과세수 활용방안 토론회에서 재정안정 및 미래투자 병행의 필요성을 주장함,1
허종식,"인천시-더불어민주당 인천시당, 민선 9기 첫 당정협의회 개최",siminsori.com,https://www.siminsori.com/news/articleView.html?idxno=401269,2026-08-31,인천시와 민주당 인천시당의 당정협의회에 참석해 국비 확보 등 협력을 논의함,1
이상휘,‘원팀’된 여야 의원들의 티키타카[소소한 복도통신],munhwa.com,https://www.munhwa.com/article/11613218?ref=naver,2026-08-31,여야 의원 축구 경기에서 골을 기록함,1
김기현,법원 출석하는 김기현 국민의힘 의원,newspim.com,https://www.newspim.com/news/view/20260831000408,2026-08-31,부정청탁 혐의 4차 공판 출석,1
김기현,공판 출석하는 김기현 국민의힘 의원,newspim.com,https://www.newspim.com/news/view/20260831000411,2026-08-31,부정청탁 혐의 4차 공판 출석,1
김기현,김기현 의원 법정 출석,news1.kr,https://www.news1.kr/photos/8079518,2026-08-31,금품 수수 혐의 4차 공판 출석,1
김기현,"김기현, '김건희 로저비비에 선물' 의혹 재판 출석",news1.kr,https://www.news1.kr/photos/8079517,2026-08-31,금품 수수 혐의 4차 공판 출석,1
강선영,'용혜인 카드' 5대 리스크...2030 여성 겨냥했지만 남...,pennmike.com,https://www.pennmike.com/news/articleView.html?idxno=126781,2026-08-31,용혜인 후보자 청문회 질의 과정서 여야 의원 간 설전,1
강민국,"이소영 중기부 장관 지명, 약사사회가 긴장할 이유",kpanews.co.kr,https://www.kpanews.co.kr/news/articleView.html?idxno=541949,2026-08-31,장관 후보자 표결 참여,1
김정호,"與, 전국정당추진위원장 김정호·수석부위원장 김문수 임명…‘전작권...",biz.heraldcorp.com,https://biz.heraldcorp.com/article/10857393?ref=naver,2026-08-31,전국정당추진위원장 임명,1
고동진,네팔 간 ‘대응팀’ 본격 수색 ‘아직’…이유 들어보니 [지금뉴스],news.kbs.co.kr,https://news.kbs.co.kr/news/pc/view/view.do?ncd=8650477&ref=A,2026-08-31,네팔 당국 통제 배경 설명,1
김문수,전남광주 국립의대 후보에 ‘순천대’ 선정…정부에 설립계획 제출,akomnews.com,https://www.akomnews.com/bbs/board.php?bo_table=news&wr_id=68199,2026-08-31,순천대의 전남광주 국립의대 후보 선정 관련 활동,1
장동혁,"장동혁 “대법관 재제청 요구는 위헌적…조희대, 단호히 거부해야”",etnews.com,https://www.etnews.com/20260831000061,2026-08-31,조희대 대법원장에게 대법관 재제청 거부 촉구,1
김남희,"일은 안하고 눈치만 보는 경찰…경찰청장 대행 곧 2년, 이번에도 인사 ...",biz.heraldcorp.com,https://biz.heraldcorp.com/article/10857625?ref=naver,2026-08-31,경찰개혁추진단 공동단장에 임명,1
김남준,민주당 TV 런칭 D-1…계파 갈등 속 공존 vs 우려 시선 '분분',ajunews.com,https://www.ajunews.com/view/20260831122847587,2026-08-31,민주당 오픈 TV 플랫폼 지향점 설명,1
김남준,"김남준 ""경제성장률 3.5% 이상 전망 국내외 기관 14곳, 두달새 2배 증가...",incheontoday.com,https://www.incheontoday.com/news/articleView.html?idxno=322904,2026-08-31,경제성장률 전망 상향에 따른 빠른 성장 확산 언급,1
강준현,"세종시의회, '행정수도 완성'... 범국민 특별법 제정 촉구",newsworker.co.kr,https://www.newsworker.co.kr/news/articleView.html?idxno=501814,2026-08-31,행정수도특별법 제정 촉구 결의대회 주최,1
정동영,"국힘 ""李 개각, 국정쇄신 거부…민심 역주행""",news.tf.co.kr,https://news.tf.co.kr/read/ptoday/2359663.htm,2026-08-31,정동영 통일부 장관 자리를 지켰다 비판,1
박성훈,빚 못 버틴 서민 상반기 10만명 육박…채무조정 증가세,dailian.co.kr,https://www.dailian.co.kr/news/view/1684312/?sc=Naver,2026-08-31,올해 상반기 신용회복위원회 채무조정 확정자 현황 자료를 공개함,1
강준현,"“20년 희망고문 끝내자”…행정수도특별법 제정, 국회 결단 촉구",ekn.kr,https://www.ekn.kr/web/view.php?key=20260831021568619,2026-08-31,행정수도특별법 대표발의,1
고동진,"국회에 보고된 네팔 상황…""가용자원 총투입에도 가동 안 돼""",mbn.mk.co.kr,http://mbn.mk.co.kr/pages/news/newsView.php?category=mbn00009&news_seq_no=5215916,2026-08-31,네팔 수색 관련 현장 통제 설명,1
박형수,‘원팀’된 여야 의원들의 티키타카[소소한 복도통신],munhwa.com,https://www.munhwa.com/article/11613218?ref=naver,2026-08-31,국회의원 축구연맹 경기에서 중거리 슛 골을 성공시킴,1
장동혁,"장동혁 ""좌파 잡탕 개각…李 재판 취소에 올인""",news.tvchosun.com,https://news.tvchosun.com/site/data/html_dir/2026/08/31/2026083190069.html,2026-08-31,이재명 대통령 재판 취소용 개각 비판,1
용혜인,국회 의원회관으로 출근하는 용혜인 성평등가족부 장관 후보자,yna.co.kr,https://www.yna.co.kr/view/PYH20260831020900013?input=1196m,2026-08-31,성평등가족부 장관 후보자 신분으로 국회 의원회관 사무실로 출근함,2
장동혁,"국힘, 李대통령 개각에 “재판취소 올인 개각…민심 역주행“",etoday.co.kr,https://www.etoday.co.kr/news/view/2619859,2026-08-31,이재명 대통령 개각 민심 역주행 비판,1
김기현,4차 공판 출석하는 김기현 국민의힘 의원,newspim.com,https://www.newspim.com/news/view/20260831000409,2026-08-31,부정청탁 혐의 4차 공판 출석,1
김기현,"김기현 국민의힘 의원, 4차 공판 출석",newspim.com,https://www.newspim.com/news/view/20260831000413,2026-08-31,부정청탁 혐의 4차 공판 출석,1
용혜인,중도 향하던 李대통령은 왜 '왼쪽 운동장'만 넓혔을까,sisajournal.com,https://www.sisajournal.com/news/articleView.html?idxno=385360,2026-08-31,성평등가족부 장관 후보자 발탁이 세대 및 젠더 측면에서 정치적 상징성을 가짐,1
김승원,"법무장관에 '李 공소취소 모임' 대표…野 ""공소취소 선언""",news.tvchosun.com,https://news.tvchosun.com/site/data/html_dir/2026/08/31/2026083190031.html,2026-08-31,이재명 대통령 공소 취소 모임 공동대표 경력과 관련해 야당으로부터 방탄 인사라는 비판을 받음,1
한병도,‘원팀’된 여야 의원들의 티키타카[소소한 복도통신],munhwa.com,https://www.munhwa.com/article/11613218?ref=naver,2026-08-31,여야 의원 축구 경기에 스타팅 멤버로 출전함,1
김병주,민주당 추가 당직 인선…김용남 정책위 상임부의장·강신성 체육특위 위...,m-i.kr,https://www.m-i.kr/news/articleView.html?idxno=1407819,2026-08-31,민주당 전작권 환수 TF 단장 임명,1
김종양,전북 도로 곳곳 '지뢰밭'…포트홀 '9만 8000여 건',jeollailbo.com,http://www.jeollailbo.com/news/articleView.html?idxno=809629,2026-08-31,전북 포트홀 9만여 건 발생 지적,1
김병주,김민석 당대표 “'전작권 환수 추진단' TF 전격 출범…단장에 김병주 전...,breaknews.com,http://www.breaknews.com/1232730,2026-08-31,민주당 전작권 환수 TF 단장 임명,1
김승원,용혜인 발탁의 의미는? 김승원 지명이 '공소취소'에 보내는 신호는?…오...,dailian.co.kr,https://www.dailian.co.kr/news/view/1684298/?sc=Naver,2026-08-31,신임 법무부 장관 후보자 발탁,1
장동혁,"장동혁 “김승원 법무장관 지명, ‘李 재판 취소’에 올인하겠다는 뜻”",kmib.co.kr,https://www.kmib.co.kr/article/view.asp?arcid=9000007577&cp=nv,2026-08-31,김승원 장관 지명과 용혜인 후보자 발탁을 강하게 비판함,1
김승원,"李, 재경부·법무부·국방부 등 6개 부처 개각",newsprime.co.kr,http://www.newsprime.co.kr/news/article.html?no=745677,2026-08-31,판사 출신이자 국회 법제사법위원회 간사로서 법무부 장관 후보자에 지명됨,1
김승원,'李 공소취소' 이끈 김승원 법무 발탁…2기 개각 의미는,news.tvchosun.com,https://news.tvchosun.com/site/data/html_dir/2026/08/31/2026083190019.html,2026-08-31,과거 이재명 대통령 공소취소 모임을 이끈 경력과 함께 법무부 장관 후보자로 발탁됨,1
김대식,"'MASGA 시대, 부산에서 연다' 클러스터 구축 국회 토론회",nocutnews.co.kr,https://www.nocutnews.co.kr/news/6570388?utm_source=naver&utm_medium=article&utm_campaign=20260831094603,2026-08-31,부산 클러스터 구축 국회 토론회 공동 주최,1
김남준,"기관 20곳, 한은보다 올해 성장 더 높게 전망",joongangenews.com,https://www.joongangenews.com/news/articleView.html?idxno=543975,2026-08-31,한국은행의 올해 성장률 전망 상향 평가,1
김현정,"KoSIF ""전환금융, 금융기관의 전환계획 공통기준·감독체계 필요""",efnews.co.kr,http://www.efnews.co.kr/news/articleView.html?idxno=131994,2026-08-31,국회 김현정 의원실과 한국사회책임투자포럼이 2024 화석연료금융 백서를 발간함,1
김기현,공판 출석하는 김기현 의원,newdaily.co.kr,https://www.newdaily.co.kr/site/data/html/2026/08/31/2026083100119.html,2026-08-31,부정청탁 혐의 4차 공판 출석,2
강선영,장관 지명에 과거 파묘된 용혜인…금배지 언박싱·공항 특혜까지,hankyung.com,https://www.hankyung.com/article/202608313124H,2026-08-31,용혜인 후보자 청문회 중 수방사령관 발언 관련 설전,1
강선영,"""남녀갈등 또 시작""?... 용혜인 '성평등가족부 장관' 지명에 진보서도 비...",ajunews.com,https://www.ajunews.com/view/20260831084910738,2026-08-31,용혜인 후보자 청문회 질의 중 여야 의원 간 고성 오가,1
고동진,"""양해 구한다"" 용혜인에…여 ""이해해야"" vs 야 ""귀족행세"" [짤e몽땅]",mbn.mk.co.kr,http://mbn.mk.co.kr/pages/news/newsView.php?category=mbn00009&news_seq_no=5215939,2026-08-31,네팔 수색 관련 해외 지원 혼선 설명,1
고동진,"송석준 외통위원장 ""네팔 당국 통제로 한국 등 관계국 본격 수색 아직 ...",newspim.com,https://www.newspim.com/news/view/20260831000898,2026-08-31,네팔 당국 수색 통제 배경 설명,1
곽규택,"국민의힘, 용혜인 맹공…""탐욕의 아이콘""·""특혜인"" 십자포화",imaeil.com,https://www.imaeil.com/page/view/2026083123234099500,2026-08-31,용혜인 후보자 자격 집중 비판,1
김교흥,"김민석호, 경기 인사 '정책·안보'까지 확대…김용남·김병주 전면에",incheonilbo.com,https://www.incheonilbo.com/news/articleView.html?idxno=1330831,2026-08-31,당대표 특보단 공동단장 임명,1
김기현,'김건희 명품백 선물 의혹' 김기현 공판 출석 [TF사진관],news.tf.co.kr,https://news.tf.co.kr/read/photomovie/2359740.htm,2026-08-31,부정청탁 혐의 4차 공판 출석,1
김기현,4차 공판 출석하는 김기현 의원,newspim.com,https://www.newspim.com/news/view/20260831000415,2026-08-31,부정청탁 혐의 4차 공판 출석,1
김기현,법원 들어서는 김기현 국민의힘 의원,newspim.com,https://www.newspim.com/news/view/20260831000412,2026-08-31,부정청탁 혐의 4차 공판 출석,1
박정,민주당 추가 당직 인선…정책위 상임부의장에 김용남,newstomato.com,http://www.newstomato.com/ReadNews.aspx?no=1311955&inflow=N,2026-08-31,미·중·일 정당외교 추진단 공동단장 추가,1
장동혁,"장동혁 ""李 개각, 민심 역주행·재판 취소용…헌법 파괴 세력""",newsis.com,https://www.newsis.com/view/NISX20260831_0003769007,2026-08-31,이재명 대통령 개각을 헌법 파괴로 규정 비판,1
박수영,"대법원 ""대통령의 대법관후보 '재제청 요청', 법엔 규정 없어""",pressian.com,https://www.pressian.com/pages/articles/2026083120452551747?utm_source=naver&utm_medium=search,2026-08-31,청와대 정책실 실험실 비판,1
박정훈,"‘해임 압박’ 박지향 이사장, 직권남용 혐의로 교육장관 고소한...",chosun.com,https://www.chosun.com/national/education/2026/08/31/AV6ZZV2HPVBKVDPEOASCNWACMU/?utm_source=naver&utm_medium=referral&utm_campaign=naver-news,2026-08-31,박지향 이사장 해임 압박 관련 기자회견 개최,1
김병기,국수본 “방시혁 주중 檢 송치… 김병기 수사도 곧 마무리”,kmib.co.kr,https://www.kmib.co.kr/article/view.asp?arcid=9000007757&cp=nv,2026-08-31,차남 취업특혜 등 의혹 수사 곧 마무리,1
김병주,‘DJ식 용인술’ 좇는 金…‘전 의원 당직화’로 30여개 특위 풀가동,kmib.co.kr,https://www.kmib.co.kr/article/view.asp?arcid=9000007729&cp=nv,2026-08-31,전작권 환수 TF 단장 선임,1
김병주,"국방장관 ""광주 군공항 무안 이전, 2032년 완공"" 재확인",namdonews.com,https://www.namdonews.com/news/articleView.html?idxno=921781,2026-08-31,국방위서 광주 군공항 이전 질의,1
김병주,김병주⋅유용원 의원 '국방첨단전력 사업에 관한 법률안' 여야 공동 대...,breaknews.com,http://www.breaknews.com/1232893,2026-08-31,국방첨단전력사업법 공동 발의,1
김은혜,"공사하면서 경마하라니… 말산업·경마계 “비용, 시기, 안전 3가지 문제...",joongang.co.kr,https://www.joongang.co.kr/article/25457794,2026-08-31,경마공원 주택 공급 우려 표명,1
김은혜,"여야, 정기국회 첫날 정책협의체 가동…민생입법 머리 맞댄다",mk.co.kr,https://www.mk.co.kr/article/12140336,2026-08-31,정기국회 첫날 민생입법 정책협의체 가동,1
박정훈,"“동북아역사재단 이사장 해임, 靑 개입 의혹”",hangyo.com,https://www.hangyo.com/news/article.html?no=109052,2026-08-31,동북아역사재단 이사장 해임 청와대 개입 의혹 제기,1
박주민,"민주당 서울시당 ""오세훈 시정 낱낱이 검증""…특위 구성",mhj21.com,https://www.mhj21.com/news/articleView.html?idxno=253789,2026-08-31,오세훈 시정감시특별위원회 위원장 내정,1
박주민,"與, 부실 수사 경찰 비판 ""조직 해체된 檢 답습 말라""",mk.co.kr,https://www.mk.co.kr/article/12140662,2026-08-31,부실 수사 경찰 비판 및 혁신 주문,1
박정훈,"""배달의민족 주인이 미국으로?…22조 플랫폼 지각변동 속 자영업자는 배...",foodnews.co.kr,http://www.foodnews.co.kr/news/articleView.html?idxno=119954,2026-08-31,배달 플랫폼 수수료 제한 법안 발의,1
박정훈,"野 박정훈 ""동북아재단 이사장 찍어내기에 靑 정무수석실 개입 의혹""",news.tvchosun.com,https://news.tvchosun.com/site/data/html_dir/2026/08/31/2026083190188.html,2026-08-31,동북아재단 이사장 징계 청와대 개입 의혹 제기,1
용혜인,"박원석 ""비례 재선 용혜인, 무임승차 이미지…2030 정서 맞지 않아""[뉴스...",nocutnews.co.kr,https://www.nocutnews.co.kr/news/6570394?utm_source=naver&utm_medium=article&utm_campaign=20260831094903,2026-08-31,성평등가족부 장관 후보자 지명 거론,1
박정훈,"국힘 박정훈 ""동북아역사재단 이사장 해임에 靑 개입 의혹""",yna.co.kr,https://www.yna.co.kr/view/AKR20260831148800001?input=1195m,2026-08-31,동북아역사재단 이사장 해임 청와대 개입 의혹 제기,1
박정훈,野 박정훈 “교육부 ‘동북아역사재단 이사장 해임’에 靑연관”,dt.co.kr,https://www.dt.co.kr/article/12081243?ref=naver,2026-08-31,동북아역사재단 이사장 해임 청와대 연관성 주장,1
박정현,공무원 노동계 숙원 정치기본권 보장 물꼬… 민주당 9월 입법 발의키로,public25.com,https://www.public25.com/news/articleView.html?idxno=53713,2026-08-31,공무원 정치기본권 보장 9월 입법 발의,1
김은혜,"여야 정책위의장단, 1일 정기국회 맞아 정책협의체 가동",biz.heraldcorp.com,https://biz.heraldcorp.com/article/10857486?ref=naver,2026-08-31,여야 정책위의장단 회동 개최,1
박정훈,국힘 박정훈 “동북아역사재단 이사장 해임에 靑 개입 제보”,mk.co.kr,https://www.mk.co.kr/article/12140616,2026-08-31,동북아역사재단 이사장 해임 청와대 개입 의혹 제기,1
박정훈,"박정훈 ""동북아재단 이사장 해임에 靑 개입 의혹""",dailian.co.kr,https://www.dailian.co.kr/news/view/1684698/?sc=Naver,2026-08-31,동북아재단 이사장 해임 청와대 개입 의혹 제기,1
박주민,‘골목길 경제학자’ 모종린 교수 “지역 자원을 콘텐츠로…로컬 생태...,biz.chosun.com,https://biz.chosun.com/industry/business-venture/2026/08/31/KZT433J5VRCAFDTLBBTNGW352A/?utm_source=naver&utm_medium=original&utm_campaign=biz,2026-08-31,로컬 생태계 조성 정책 간담회 공동 주최,1
박정현,경찰 혁신 주문하는 與 “해체된 검찰 답습 말라”,mk.co.kr,https://www.mk.co.kr/article/12140428,2026-08-31,경찰 수사 혁신 정책 토론회 참석,1
김기표,"여야 지도부, 조희대 대법원장 부친상 조문",nocutnews.co.kr,https://www.nocutnews.co.kr/news/6570994?utm_source=naver&utm_medium=article&utm_campaign=20260831113110,2026-08-31,조희대 대법원장 부친상 조문,1
김기웅,야간·휴일 소아진료 지원 의료기관 참여 문턱 낮춘다,kpanews.co.kr,https://www.kpanews.co.kr/news/articleView.html?idxno=542071,2026-08-31,응급의료법 개정안 대표발의,1
김병기,"""방시혁 사건, 이번주 송치…신병처리도 곧 결정""",yonhapnewstv.co.kr,http://www.yonhapnewstv.co.kr/news/MYH202608312331021Ji,2026-08-31,수사심의위 권고에 따른 수사 마무리 방침,1
김민전,"이소영 중기부 장관 지명, 약사사회가 긴장할 이유",kpanews.co.kr,https://www.kpanews.co.kr/news/articleView.html?idxno=541949,2026-08-31,중기부 장관 후보자 지명 관련 표결 참여,1
김민전,"국힘 ""사관학교 통폐합 반드시 저지⋯국방농단 막겠다""",inews24.com,http://www.inews24.com/view/2000152,2026-08-31,사관학교 통폐합 저지 기자회견 참석,1
김문수,"김민석호, 경기 인사 '정책·안보'까지 확대…김용남·김병주 전면에",incheonilbo.com,https://www.incheonilbo.com/news/articleView.html?idxno=1330831,2026-08-31,전국정당추진특별위원회 수석부위원장 임명,1
김성회,"'붉은사막 인핸스드' 띄운 펄어비스, 글로벌 흥행 재점화…스팀 7위",sisacast.kr,http://www.sisacast.kr/news/articleView.html?idxno=99438,2026-08-31,게임스컴 방문해 게임 체험,1
김영배,민주 지도부 “용혜인 네거티브 도 넘어”…당내선 겸직 반대,kmib.co.kr,https://www.kmib.co.kr/article/view.asp?arcid=9000007790&cp=nv,2026-08-31,김승원 장관 임명 관련 무리한 연결 곤란 발언,1
김영배,용혜인·김승원 엄호 나선 민주당...'겸직'엔 내부서도 쓴소리,ikbc.co.kr,https://www.ikbc.co.kr/article/view/kbc202608310075,2026-08-31,김승원 장관 임명 관련 무리한 연결 곤란 발언,1
김영배,"與 ""의정활동과 장관업무 달라""…용혜인·김승원 집중 엄호(종합2보)",yna.co.kr,https://www.yna.co.kr/view/AKR20260831081752001?input=1195m,2026-08-31,김승원 장관 임명 관련 무리한 연결 곤란 발언,1
김영배,"與 ""개각 음해 단호 대응""…용혜인·김승원 후보자 총력 엄호",hankyung.com,https://www.hankyung.com/article/2026083148057,2026-08-31,김승원 장관 임명 관련 무리한 연결 곤란 발언,1
김예지,"""점자가 180도 뒤집혀 있었다""…시각장애인 편의시설, 있어도 못 쓴다",mkhealth.co.kr,http://www.mkhealth.co.kr/news/articleView.html?idxno=79858,2026-08-31,시각장애인 편의시설 개선 토론회 참석,1
김예지,"""왜 내 집인데 마음대로 못 드나드나"" 시각장애인 막는 장벽",ablenews.co.kr,https://www.ablenews.co.kr/news/articleView.html?idxno=232999,2026-08-31,시각장애인 편의시설 개선 토론회 개최,1
김병기,"경찰 ""'자본시장법 위반 혐의' 방시혁 하이브 의장 금주 중 송치""",dailian.co.kr,https://www.dailian.co.kr/news/view/1684531/?sc=Naver,2026-08-31,관련 의혹 수사 곧 마무리 예정 보고,1
김병기,"국수본 ""김병기 수사 연장 없어""…방시혁 곧 송치 전망",obsnews.co.kr,https://www.obsnews.co.kr/news/articleView.html?idxno=1535871,2026-08-31,정치자금법 위반 등 의혹 사건 추가 연장 없이 마무리,1
김태년,민주당 '개헌추진단' 단장 김태년 의원 발언,yna.co.kr,https://www.yna.co.kr/view/PYH20260831092900013?input=1196m,2026-08-31,민주당 개헌추진단장 발언,3
김병기,김병기 수사만 1년… 권력 앞에 멈춘 칼,segye.com,https://www.segye.com/newsView/20260831515921?OutUrl=naver,2026-08-31,의혹 관련 일부 혐의 분리 송치 방침,1
김남희,조희대 부친상에 여야 조문 행렬…법사위 현안질의 취소,daejonilbo.com,https://www.daejonilbo.com/news/articleView.html?idxno=2297905,2026-08-31,조희대 대법원장 부친상 조문,1
김병주,"유용원·김병주, ‘국방첨단전력사업에 관한 법률안’ 공동 대표발의",sportsseoul.com,https://www.sportsseoul.com/news/read/1631991?ref=naver,2026-08-31,국방첨단전력사업법 공동 대표발의,1
강선영,"이소영 중기부 장관 지명, 약사사회가 긴장할 이유",kpanews.co.kr,https://www.kpanews.co.kr/news/articleView.html?idxno=541949,2026-08-31,중소벤처기업부 장관 후보자 지명,1
김기웅,"이소영 중기부 장관 지명, 약사사회가 긴장할 이유",kpanews.co.kr,https://www.kpanews.co.kr/news/articleView.html?idxno=541949,2026-08-31,중기부 장관 후보자 지명,1
김기현,"김기현, '로저비비에 선물' 의혹 법정 출석",news1.kr,https://www.news1.kr/photos/8079515,2026-08-31,금품 수수 의혹 4차 공판 출석,1
김동아,"與 김승원 법무부 장관 후보자, 법사1소위 주재…국힘 ""이해충돌"" 반발",newsis.com,https://www.newsis.com/view/NISX20260831_0003769450,2026-08-31,법안1소위원에 보임,1
김동아,"법무장관 지명 김승원 법사1소위 주재…野 ""이해충돌"" 반발",news1.kr,https://www.news1.kr/politics/assembly/6274605,2026-08-31,법안1소위원에 보임,1
김문수,"조계원 등 11인 ""서훈이 취소된 사람의 경우 국립묘지 ...",jeonmae.co.kr,https://www.jeonmae.co.kr/news/articleView.html?idxno=1285438,2026-08-31,국립묘지법 개정안 공동발의,1
박해철,일터서 숨진 이주노동자 60% ‘후진국형 사고’…위험도 이주화,hani.co.kr,https://www.hani.co.kr/arti/society/labor/1275567.html,2026-08-31,일터서 숨진 이주노동자 60% 후진국형 사고 지적,1
김문수,"산림학 박사 이광희 의원, 與 '기후위기환경특위' 위원장으로 임명",hankyung.com,https://www.hankyung.com/article/202608313463i,2026-08-31,與 기후위기환경특위 위원장 및 전국정당추진특위 수석부위원장 임명,1
박정현,"與, 부실 수사 경찰 비판 ""조직 해체된 檢 답습 말라""",mk.co.kr,https://www.mk.co.kr/article/12140662,2026-08-31,경찰 수사 혁신 정책 토론회 참석,1
김문수,"민주, 추가 당직 인선…전작권환수TF 김병주·정책위 상임부의장에 김용...",news1.kr,https://www.news1.kr/politics/assembly/6274987,2026-08-31,전국정당추진특위 수석부위원장 임명,1
김병주,"AI·드론 첨단전력, 별도 획득절차 규정법 입법 추진",asiatoday.co.kr,https://www.asiatoday.co.kr/kn/view.php?key=20260831010010671,2026-08-31,국방첨단전력사업법 공동 대표발의,1
박지원,조희대 대법원장 부친상…포항서 빈소 지켜 “외부 조문 사양”,wikitree.co.kr,https://www.wikitree.co.kr/articles/1156114,2026-08-31,과거 대법관 재제청 관련 민주당 발언 소환,1
박용갑,"박용갑 의원, 스쿨존 탄력운영 확대 '예산 걸림돌' 지적…경찰청 ""정부...",ccdn.co.kr,https://www.ccdn.co.kr/news/articleView.html?idxno=1096778,2026-08-31,스쿨존 탄력운영 예산 지적,1
박정,민주당 추가 인선…정책위 상임부의장 김용남·윤리감찰 부단장 강민구,mt.co.kr,https://www.mt.co.kr/politics/2026/08/31/2026083111071362678,2026-08-31,정당외교추진단 단장직 유지 및 공동단장 추가 발표,1
박정현,"공무원연맹, 공무원 정치기본권 입법 ‘속도’…“9월 수정법안 재발의...",inews24.com,http://www.inews24.com/view/2000244,2026-08-31,공무원·교원 정치기본권 입법 추진 간담회,1
박지혜,재생에너지 활성화 위한 계획입지 토론회...지역사회·생물다양...,meconomynews.com,https://www.meconomynews.com/news/articleView.html?idxno=201054,2026-08-31,재생에너지 활성화 계획입지 토론회 개최,1
허영,"허영 ""강원대 150억 확보, 바이오 인재 키운다""",gukjenews.com,https://www.gukjenews.com/news/articleView.html?idxno=3679325,2026-08-31,강원대가 바이오 특성화대학원 지원사업에 선정되어 국비 등 180억 원을 확보했다고 밝힘,1
박정훈,"국힘 박정훈 ""청와대, 동북아역사재단 이사장 해임 개입 의혹""",ytn.co.kr,https://www.ytn.co.kr/_ln/0101_202608311745049914,2026-08-31,동북아역사재단 이사장 해임 청와대 개입 의혹 제기,1
조정식,‘원팀’된 여야 의원들의 티키타카[소소한 복도통신],munhwa.com,https://www.munhwa.com/article/11613218?ref=naver,2026-08-31,여야 의원 축구 경기를 찾아 의원축구연맹의 정신을 강조함,1
장동혁,"장동혁 대표, 김승원 법무부 장관 후보자 과거 발언 비판",yna.co.kr,https://www.yna.co.kr/view/PYH20260831019900013?input=1196m,2026-08-31,최고위원회의에서 김승원 법무부 장관 후보자의 과거 SNS 발언을 언급하며 비판함,3
박용갑,"박용갑 의원, 스쿨존 탄력운영 '예산 걸림돌' 짚었다",chungnamilbo.co.kr,http://www.chungnamilbo.co.kr/news/articleView.html?idxno=906768,2026-08-31,스쿨존 탄력운영 예산 부담 문제 제기,1
박정현,"기소돼도 비징계, 신고는 머뭇…경찰 내부통제 '시험대'",daejonilbo.com,https://www.daejonilbo.com/news/articleView.html?idxno=2297896,2026-08-31,충청권 경찰 기소 및 징계 현황 공개,1
박은정,형사사법제도 해체를 멈추라,fnnews.com,https://www.fnnews.com/news/202608311832501651,2026-08-31,제주 실종사건과 보완수사권 무관 발언,1
박용갑,"박용갑 의원, 스쿨존 탄력운영 예산 지원 촉구…경찰청 ""정부 지원 검토...",gukjenews.com,https://www.gukjenews.com/news/articleView.html?idxno=3680095,2026-08-31,스쿨존 탄력운영 예산 지원 촉구,1
허종식,“수도권 역차별 깬다”…인천시·민주당 첫 당정 공조,sedaily.com,https://www.sedaily.com/article/20085095?ref=naver,2026-08-31,인천시와 더불어민주당 인천시당의 당정협의회에 참석함,1
김기웅,"김기웅 의원 ""아이들이 필요한 시간에 진료받는 환경 마련해야""",updownnews.co.kr,http://www.updownnews.co.kr/news/articleView.html?idxno=318563,2026-08-31,야간·휴일 소아진료 환경 마련 필요성 제기,1
허종식,"인천시·민주 인천시당, 민선 9기 첫 당정협의회…""현안 협력""",yna.co.kr,https://www.yna.co.kr/view/AKR20260831043900065?input=1195m,2026-08-31,인천시와 민선 9기 첫 당정협의회에 참석해 현안 협력을 논의함,1
박주민,경찰 혁신 주문하는 與 “해체된 검찰 답습 말라”,mk.co.kr,https://www.mk.co.kr/article/12140428,2026-08-31,부실 수사 경찰 비판 및 혁신 주문,1
박주민,"더불어민주당 서울시당 ""특위 구성해 오세훈 시정 낱낱이 검증""",news.lghellovision.net,http://news.lghellovision.net/news/articleView.html?idxno=553094,2026-08-31,오세훈 시정감시특위 위원장 내정,1
전용기,‘원팀’된 여야 의원들의 티키타카[소소한 복도통신],munhwa.com,https://www.munhwa.com/article/11613218?ref=naver,2026-08-31,여야 의원 축구 경기에서 골문을 지킴,1
박용갑,스쿨존 탄력운영 예산 해법 끌어낸 박용갑,ccdailynews.com,https://www.ccdailynews.com/news/articleView.html?idxno=2437378,2026-08-31,스쿨존 탄력운영 예산 해법 국회서 제기,1
배현진,국힘 서울시당위원장 경선하나…'원외' 장진영 출사표,yna.co.kr,https://www.yna.co.kr/view/AKR20260831150100001?input=1195m,2026-08-31,서울시당위원장 경선 실시 가능성,1
배준영,"'국가전력망 민간참여 본격화, 공공성 훼손 우려와...",weekly.hankooki.com,https://weekly.hankooki.com/news/articleView.html?idxno=7181526,2026-08-31,자발적 탄소시장법 제정 토론회 주최,1
김영배,"김영배 ""공취모 공동대표 이력? 개인 김승원과 법무부장관 ...",news.bbsi.co.kr,https://news.bbsi.co.kr/news/articleView.html?idxno=4103572,2026-08-31,법무부 장관 후보자 지명과 관련해 인터뷰를 진행함,1
박용갑,"박용갑 의원, 스쿨존 탄력운영 '예산 걸림돌' 지적…경찰청 ""정부 예산...",gocj.net,http://www.gocj.net/news/articleView.html?idxno=151821,2026-08-31,스쿨존 탄력운영 예산 지적,1
모경종,'95%의 벽' 낮춘 지주택 … 10곳 중 7곳 사업 '탄력' [지주택의 재...,biz.newdaily.co.kr,https://biz.newdaily.co.kr/site/data/html/2026/08/28/2026082800204.html,2026-08-31,지역주택조합 사업계획 미승인 현황 공개,1
박용갑,네팔 홍수…해외 현장 안전관리 중요성 부각,polinews.co.kr,https://www.polinews.co.kr/news/articleView.html?idxno=741755,2026-08-31,해외 건설사 사망사고 지적,1
김승원,8월 31일 '뉴스 퍼레이드' 오프닝,news.tvchosun.com,https://news.tvchosun.com/site/data/html_dir/2026/08/31/2026083190007.html,2026-08-31,법무부 장관 후보자에 지명됨,1
김승원,"국힘 ""李정부 2기 내각, 국정 쇄신아닌 '국정포기 선언'""",shinailbo.co.kr,https://www.shinailbo.co.kr/news/articleView.html?idxno=5056506,2026-08-31,야당으로부터 대통령 재판 공소취소 주장 및 과거 논란을 이유로 법무부 장관 지명이 비판받음,1
박용갑,"""시간제 어린이보호구역 늘린다더니""…지방정부 예산이 발목",ibabynews.com,https://www.ibabynews.com/news/articleView.html?idxno=154107,2026-08-31,스쿨존 예산 지원 필요성 지적,1
김승원,"이 대통령, 6개 부처 중폭 개각…법무 김승원·재경 이형일",mbn.co.kr,http://www.mbn.co.kr/pages/news/newsView.php?news_seq_no=5215834,2026-08-31,민주당 내 검찰개혁 강경파로 분류되어 법무부 장관에 지명됨,1
김승원,"""중폭 개각, 국정 심기일전 계기돼야""",nongaek.com,http://www.nongaek.com/news/articleView.html?idxno=96607,2026-08-31,법무부 장관 후보자 지명과 관련해 공소취소 추진 이력에 대한 우려의 사설이 보도됨,1
김승원,"與 ""실용개각"" vs 野 ""국정테러"" [정치오늘]",sisaon.co.kr,https://www.sisaon.co.kr/news/articleView.html?idxno=203937,2026-08-31,법무부 장관 후보자 지명을 두고 여야 간 실용개각과 국정테러라는 공방이 벌어짐,1
김승원,법무부장관 후보에 '판사 출신' 김승원 의원 지명,legaltimes.co.kr,http://www.legaltimes.co.kr/news/articleView.html?idxno=95777,2026-08-31,이재명 정부의 두 번째 법무부 장관 후보자로 지명됨,1
박지원,조희대 대법원장 부친상…포항서 빈소 지켜 “외부 조문 사양”,wikitree.co.kr,https://www.wikitree.co.kr/articles/1156114,2026-08-31,대법관 재제청 관련 민주당 입장 비판 언급,1
이소영,국토부 장관 후보자에 홍지선···경제부총리 등 6개 부처 개각,koscaj.com,https://www.koscaj.com/news/articleView.html?idxno=326130,2026-08-31,중소벤처기업부 장관 후보자 지명,1
김승원,"李대통령, 6개 부처 '일괄 개각' 승부수",finomy.com,http://www.finomy.com/news/articleView.html?idxno=260332,2026-08-31,야당으로부터 대통령 재판 삭제를 위한 공소취소 선봉장 인사라며 법무부 장관 지명이 비판받음,1
강준현,"세종특별자치시, '행정수도 완성'... 범국민 특별법 제정 촉구",newsworker.co.kr,https://www.newsworker.co.kr/news/articleView.html?idxno=501824,2026-08-31,행정수도특별법 연내 제정 결의,1
김승원,"김용범 실장 유임에 조선 ""이게 국정 쇄신인가""… 한겨레, 개각 긍정 평...",mediatoday.co.kr,https://www.mediatoday.co.kr/news/articleView.html?idxno=336789,2026-08-31,법무부 장관 후보자로 지명됨,1
박용갑,"박용갑, 스쿨존 '탄력 운영' 예산 문제 제기...경찰청 ""정부 지원 검토""",ccnnews.co.kr,http://www.ccnnews.co.kr/news/articleView.html?idxno=414180,2026-08-31,스쿨존 탄력 운영 예산 지원 검토 이끌어냄,1
김영배,‘난개발 우려’ 외치더니… 자치구 권한 이양 두고 민주당 갈팡질팡,dnews.co.kr,https://www.dnews.co.kr/uhtml/view.jsp?idxno=202608290114412240792,2026-08-31,자치구 권한 이양과 관련한 서울시당 현안에 참석함,1
박정현,"민주당 박정현, '정부합동 화재안전검사단' 신설 법안 대표 발의",mhj21.com,https://www.mhj21.com/news/articleView.html?idxno=253790,2026-08-31,정부합동 화재안전검사단 신설 법안 대표 발의,1
박정현,대형 화재 막는다…공장 안전점검 '기관별 칸막이' 허문다,energydaily.co.kr,https://www.energydaily.co.kr/news/articleView.html?idxno=202702,2026-08-31,화재예방안전관리에 관한 법률 개정안 대표 발의,1
김선교,"농협 비조합원 대출 완화 무산 수순…""수익원 확보 대안 모색""",news.mtn.co.kr,https://news.mtn.co.kr/news-detail/2026083115592789085,2026-08-31,비조합원 대출 확대 비판,1
박용갑,"국회 예결위, 비경제 부처 결산 심사",hansbiz.co.kr,http://www.hansbiz.co.kr/news/articleView.html?idxno=860820,2026-08-31,예결위 전체회의서 비경제부처 질의 진행,1
박지혜,재생에너지 '100GW 입지 찾기' 국회 토론,hansbiz.co.kr,http://www.hansbiz.co.kr/news/articleView.html?idxno=860909,2026-08-31,재생에너지 100GW 입지 찾기 토론회 개최,1
김승원,부동산·세금 주무장관 교체…하정우·김경수 복귀,koreareport.co.kr,https://www.koreareport.co.kr/news/articleView.html?idxno=52423,2026-08-31,검찰 보완수사권 폐지 입장을 견지해온 판사 출신으로 법무부 장관 후보자에 지명됨,1
박용갑,경찰청 '스쿨존 시간제 속도제한 확대' 정부 지원 검토,jbnews.com,https://www.jbnews.com/news/articleView.html?idxno=1510510,2026-08-31,스쿨존 시간제 속도제한 확대 정부 지원 검토,1
김성범,"김성범의 약속 '경청투어' 순항…""끝이 아니라 입법과 정책으로""",jejudomin.co.kr,https://www.jejudomin.co.kr/news/articleView.html?idxno=321812,2026-08-30,서귀포시 전 지역을 순회하며 주민 의견을 듣는 경청투어를 진행함,1
김문수,전남광주 의대 쟁탈전 1.3점 차 박빙…순천대 웃은 이유,news.sbs.co.kr,https://news.sbs.co.kr/news/endPage.do?news_id=N1008728765&plink=ORI&cooper=NAVER,2026-08-30,전남권 국립의대 순천대 유치 촉구를 위해 빗속 삼보일배 행사에 참여함,1
김도읍,호남 반도체 관련 질문...이재용·최태원 '청문회' 부른다,wikitree.co.kr,https://www.wikitree.co.kr/articles/1155945,2026-08-30,산자위 전체회의에서 호남 반도체 입지 제안 주체에 대해 질의함,1
고동진,호남 반도체 관련 질문...이재용·최태원 '청문회' 부른다,wikitree.co.kr,https://www.wikitree.co.kr/articles/1155945,2026-08-30,반도체 부지 선정과 관련해 이재용·최태원 청문회 소속 의원으로 질의를 제기함,1
권칠승,정부·여당 충북 인사 '전무' 지역현안 대응력 약화 우려,cctimes.kr,http://www.cctimes.kr/news/articleView.html?idxno=924348,2026-08-30,더불어민주당 정책위의장으로 임명됨,1
김상훈,"가상자산 과세 '29년까지 유예 추진...""과세 인프라 아직 미흡""",hidomin.com,https://www.hidomin.com/news/articleView.html?idxno=719045,2026-08-30,가상자산 과세 인프라 미흡을 이유로 2029년까지 과세 유예를 추진함,1
권향엽,"전남광주 정치권, 국립의대 결과 존중·상생 합의",namdonews.com,https://www.namdonews.com/news/articleView.html?idxno=921593,2026-08-30,전남광주 정치권의 국립의대 결과 존중 및 상생 합의 회의에 참석함,1
김남준,민주당 충북 국회의원 당내에선 '찬밥 신세',cctoday.co.kr,https://www.cctoday.co.kr/news/articleView.html?idxno=2235780,2026-08-30,더불어민주당 홍보위원장에 임명됨,1
권영진,"국힘 징계 4인 중 3인, 효력정지 가처분 검토 중... 윤리위 ‘내홍’도...",siminilbo.co.kr,https://www.siminilbo.co.kr/news/newsview.php?ncode=1160276252531191,2026-08-30,국민의힘 윤리위로부터 당원권 정지 1년 6개월의 징계를 받아 효력정지 가처분 신청을 검토 중임,1
권영진,국민의힘 윤리위 내홍 악순환…비당권파 가처분 힘 받나,dailian.co.kr,https://www.dailian.co.kr/news/view/1683972/?sc=Naver,2026-08-30,당 윤리위의 중징계 처분에 반발해 징계 효력정지 가처분 신청을 적극 검토함,1
김기현,"화성시의회, 주민이 만들고 주민이 즐긴다...동탄7동 '동탄호수한마당'...",ajunews.com,https://www.ajunews.com/view/20260830153803060,2026-08-30,동탄호수한마당 행사 참석,1
김성범,"서귀포시 다문화엄마학교 5기, 베트남 중국 출신 15명 졸업",headlinejeju.co.kr,https://www.headlinejeju.co.kr/news/articleView.html?idxno=598188,2026-08-30,서귀포시 다문화엄마학교 5기 졸업식에 참석함,1
김영진,"조희대는 국회 안 간다… “거취 정리” 꺼낸 민주당, 다음 수는 어디까...",jibs.co.kr,https://www.jibs.co.kr/news/articles/articlesDetail/64990?feed=na,2026-08-30,국민 의견을 충분히 듣고 판단할 필요가 있다는 입장을 밝힘,1
김소희,기후테크기업 육성·기후테크산업 생태계 조성 특별...,goodkyung.com,https://www.goodkyung.com/news/articleView.html?idxno=290744,2026-08-30,기후테크기업 육성 및 기후테크산업 생태계 조성을 위한 특별법안을 대표발의함,1
김소희,"노란봉투법 시행 '반년'…""하청노조 22%만 실교섭 마주했다""",jnilbo.com,https://www.jnilbo.com/news/articleView.html?idxno=90000060633,2026-08-30,노란봉투법 시행 반년 동안 하청노조의 교섭 요구를 받은 원청사업장 중 일부만 실제 교섭에 나섰다고 발표함,1
김영진,수사권 없애고 예외는 덧대고…與 '누더기 사법개혁',m-i.kr,https://www.m-i.kr/news/articleView.html?idxno=1407503,2026-08-30,경찰개혁추진단과 함께 제주 실종 사건 현장을 방문함,1
김성회,"6개 부처 장관 인사 발표에 국힘 ""좌클릭·방탄 개각, 실망""",ohmynews.com,https://www.ohmynews.com/NWS_Web/View/at_pg.aspx?CNTN_CD=A0003263025&CMPT_CD=P0010&utm_source=naver&utm_medium=newsearch&utm_campaign=naver_news,2026-08-30,법무부 장관에 지명된 김승원 의원이 대장동 변호인 출신이라는 야당의 공세에 대해 사실이 아니라고 반박함,1
강득구,"교도관이 ""죽을 것 같다""며 눈물 흘린 이유... ""우리 예산이 다른 곳에 ...",hankookilbo.com,https://www.hankookilbo.com/news/article/A2026083010070001736?did=NA,2026-08-30,법무부와 공동 주최로 국회에서 교정청 신설 관련 2차 토론회를 개최할 예정임,1
강선영,"준장 20명, 전원 육사··· 군의병과 '성...",newspim.com,https://www.newspim.com/news/view/20260830000127,2026-08-30,최근 10년간 육군 군의병과 준장 진급자 전원이 육사 출신인 것으로 나타남,1
강준현,"강준현 ""행정수도특별법, 9월 법안소위 첫 안건될 것""",dtnews24.com,http://www.dtnews24.com/news/articleView.html?idxno=814711,2026-08-30,행정수도특별법이 법안심사소위원회 재개 시 첫 안건으로 심사될 것이라고 밝힘,1
강명구,부 경장만 2건인데…5년간 실종 허위종결 징계 ‘1건’,joongang.co.kr,https://www.joongang.co.kr/article/25457372,2026-08-30,경찰의 솜방망이 처분과 고장 난 감찰 시스템이 실종 허위종결 사건을 키운 원인이라고 지적함,1
구자근,"구자근 의원, 경남 거제서 수해복구 활동 나서",hidomin.com,https://www.hidomin.com/news/articleView.html?idxno=719044,2026-08-30,경남 거제시 수해 현장을 찾아 침수 상가 정리 등 복구 봉사활동을 벌임,1
김성원,호남 반도체 관련 질문...이재용·최태원 '청문회' 부른다,wikitree.co.kr,https://www.wikitree.co.kr/articles/1155945,2026-08-30,호남 반도체 클러스터 투자와 관련해 이재용·최태원 회장에 대한 증인 채택을 추진함,1
김소희,HD현대 파업 수순…조선·철강 덮친 ‘영업익 30% 성과급’,asiatime.co.kr,https://www.asiatime.co.kr/article/20260830500055,2026-08-30,노란봉투법 관련 하청노조의 교섭 요구 현황 자료를 고용노동부로부터 받아 공개함,1
김소희,노란봉투법 시행 6개월…요구 받은 4곳 중 1곳만 ‘교섭중’,hani.co.kr,https://www.hani.co.kr/arti/society/labor/1275316.html,2026-08-30,고용노동부 자료를 분석해 노란봉투법 시행 6개월간 교섭 요구를 받은 원청사업장 중 소수만 교섭 중이라고 밝힘,1
김병주,"李대통령 2차 개각…與 ""젊음·역량·연대 강화"" 野 ""국정 폭망""",mt.co.kr,https://www.mt.co.kr/politics/2026/08/30/2026083015260215766,2026-08-30,정부의 2차 개각 인사에 대해 실용주의 인사의 결정판이라고 평가함,1
강득구,"법무부, 교정청 신설 관련 '전국 교정 공무원 토론회' 개최",news1.kr,https://www.news1.kr/society/court-prosecution/6273707,2026-08-30,법무부와 함께 교정청 신설에 관한 논의를 위한 토론회를 개최할 예정임,1
김석기,"사)환경운동실천협의회, 제17기 청소년환경지킴이단 출범",dkilbo.com,https://www.dkilbo.com/news/articleView.html?idxno=552640,2026-08-30,청소년 환경지킴이단 출범에 축전을 보냄,1
김선민,기초연금 받는 노인 117만명 ‘소득인정액 0원’,edaily.co.kr,https://www.edaily.co.kr/News/Read?newsId=01282486645552568&mediaCodeNo=257&utm_source=naver&utm_medium=referral&utm_campaign=news_syndication&utm_content=original_article,2026-08-30,기초연금 수급자 중 소득인정액이 0원인 노인이 117만명에 달한다고 밝힘,1
권향엽,"전남광주, 국립의대 선정 앞두고 ""결과 존중""",mhns.co.kr,https://www.mhns.co.kr/news/articleView.html?idxno=758249,2026-08-30,국립의대 선정에 앞서 열린 지역상생 및 결과 존중 관련 회의에 참석함,1
김성회,"李 중폭개각..與 ""실력 인선"" vs 野 ""아집 개각""",fnnews.com,https://www.fnnews.com/news/202608301829578049,2026-08-30,김승원 법무부 장관 후보자의 과거 남욱 변호사 접견 사실을 설명하며 야당의 비판에 반박함,1
김민전,5·18 또 짓밟은 '그들',imnews.imbc.com,https://imnews.imbc.com/replay/straight/6848380_28993.html,2026-08-30,국회 기자회견 관련 백골단 논란에 대해 해명함,1
권칠승,민주당 충북 국회의원 당내에선 '찬밥 신세',cctoday.co.kr,https://www.cctoday.co.kr/news/articleView.html?idxno=2235780,2026-08-30,더불어민주당 정책위원회 의장에 발탁됨,1
강명구,"野, 李대통령 2기 개각 단행에 ""실패한 개각…공소취소 전격전 돌입 선...",newsis.com,https://www.newsis.com/view/NISX20260830_0003768518,2026-08-30,정부의 2기 개각 단행에 대해 실패한 개각이자 공소취소 전격전 선언이라고 비판함,1
김선민,'소득 200만원 넘는데도 기초연금 받는다고?'…무려 100만명?,biz.sbs.co.kr,https://biz.sbs.co.kr/article_hub/20000331569?division=NAVER,2026-08-30,기초연금 수급자 소득인정액 분포 현황 자료를 공개함,1
김상훈,가상자산 과세 또 미뤄지나… 2029년까지 2년 추가 유예법 발의,dkilbo.com,https://www.dkilbo.com/news/articleView.html?idxno=552699,2026-08-30,가상자산 소득 과세 시행일을 2029년으로 연기하는 소득세법 개정안을 발의함,1
강득구,"지방의회법 제정 논의 본격화…""권한 확대만큼 책임성도 강화해야""",chungnamilbo.co.kr,http://www.chungnamilbo.co.kr/news/articleView.html?idxno=906526,2026-08-30,지방의회법안을 대표발의함,1
권향엽,전남권 국립의대 유치 후보지...순천대 선정,ikbc.co.kr,https://www.ikbc.co.kr/article/view/kbc202608300022,2026-08-30,국립의대 신설과 지역상생 방안을 논의하기 위한 지역상생협력회의에 참석해 공동합의문을 채택함,1
권향엽,"전남광주시의회, 국립의대 상생협력 합의",jeonmae.co.kr,https://www.jeonmae.co.kr/news/articleView.html?idxno=1288172,2026-08-30,전남광주시의회의 국립의대 상생협력 합의 회의에 참석함,1
김소희,"노란봉투법 반년, 원하청 실교섭 102곳…4곳중 1곳도 안돼",yna.co.kr,https://www.yna.co.kr/view/AKR20260828104400530?input=1195m,2026-08-30,노란봉투법 교섭요구 원청사업장 현황 자료를 공개함,1
김영진,"제주 찾은 여야, 실종 허위 종결 경찰 질타",samdailbo.com,http://www.samdailbo.com/news/articleView.html?idxno=269632,2026-08-30,제주 실종 사건 현장을 방문해 경찰의 부실 수사를 질타함,1
강준현,항공사 경영권 변동 등 조기 파악…경영 불안정·외국인 지배 우려 선제...,pinpointnews.co.kr,https://www.pinpointnews.co.kr/news/articleView.html?idxno=481575,2026-08-30,항공사 경영권 변동 조기 파악을 위한 개정안에 공동발의자로 참여함,1
김성회,"8·30 개각 격돌…野 ""방탄용 사법 개각"" vs 與 ""허위사실, 악의적 선동...",newsworks.co.kr,https://www.newsworks.co.kr/news/articleView.html?idxno=852039,2026-08-30,법무부 장관 후보자로 지명된 김승원 의원을 향한 야당의 비판에 대해 악의적 선동이라고 반박함,1
김소희,'노란봉투법' 반년 돼 가는데…원·하청 실 교섭 22%에 불과,mbn.mk.co.kr,http://mbn.mk.co.kr/pages/news/newsView.php?category=mbn00009&news_seq_no=5215771,2026-08-30,노란봉투법 시행 이후 하청노조 교섭 요구에 원청 사업장이 실제로 교섭에 나선 비율이 저조하다고 밝힘,1
김소희,"노란봉투법 시행 반년, 하청 교섭 응한 원청 5곳 중 1곳꼴",khan.co.kr,https://www.khan.co.kr/article/202608301738001,2026-08-30,고용노동부 자료를 통해 노란봉투법 시행 후 하청 노조의 교섭 요구에 원청 사업장이 응한 비율이 낮음을 지적함,1
김민전,보완수사권 폐지로 피해자 부담 커지는데…국선 지원은 ‘제자리...,sedaily.com,https://www.sedaily.com/article/20084944?ref=naver,2026-08-30,보완수사권 폐지에 따른 피해자 국선 지원 예산 축소를 지적함,1
김소희,노란봉투법 반년…사용자성 다툼에 원하청 실교섭 4곳중 1곳도 안돼,dt.co.kr,https://www.dt.co.kr/article/12080961?ref=naver,2026-08-30,노란봉투법 시행 반년 동안 하청노조의 교섭요구를 받은 원청 사업장 중 실제 교섭이 성사된 곳이 22%에 불과하다고 지적함,1
김상훈,"고신용자 오르고, 저신용자 내리고…포용금융에 일부 금리 역전",etnews.com,https://www.etnews.com/20260828000093,2026-08-30,중저신용자 은행 신용대출 연체율 관련 자료를 공개함,1
강득구,"""인력·예산 한계에 과밀수용까지""…'교정청' 신설 논의 본격화",news.tf.co.kr,https://news.tf.co.kr/read/life/2359469.htm,2026-08-30,법무부와 공동으로 국회에서 교정청 신설 관련 정부조직법 개정안 토론회를 개최함,1
김상훈,"‘8만달러’ 불붙은 비트코인, 덮쳐오는 ‘과세 찬물’",dt.co.kr,https://www.dt.co.kr/article/12080941?ref=naver,2026-08-30,가상자산 과세를 2년 유예하는 소득세법 개정안을 발의함,1
강득구,"법무부, ‘교정청 신설’ 현장 의견 수렴…“독립 외청 전환 시급”",edaily.co.kr,https://www.edaily.co.kr/News/Read?newsId=01384166645552568&mediaCodeNo=257&utm_source=naver&utm_medium=referral&utm_campaign=news_syndication&utm_content=original_article,2026-08-30,법무부와 공동으로 국회에서 교정청 신설 관련 정부조직법 개정안 토론회를 개최함,1
김석기,"""지구 지키는 건 우리의 몫""…110명 청소년 환경지킴이 경주서 첫걸음",kyongbuk.co.kr,https://www.kyongbuk.co.kr/news/articleView.html?idxno=4082547,2026-08-30,청소년 환경지킴이단 행사에 축전을 보냄,1
김상훈,내년 시행 앞둔 ‘코인 과세’…與 예정대로 vs 野 유예ㆍ폐지 맞불,dnews.co.kr,https://www.dnews.co.kr/uhtml/view.jsp?idxno=202608301534250850857,2026-08-30,가상자산 투자소득 과세 유예 소득세법 개정안을 발의함,1
김선민,"""소득·재산 0원""…기초연금 받는 노인 117만명 '씁쓸한 현실'",hankyung.com,https://www.hankyung.com/article/2026083012127,2026-08-30,기초연금 수급 노인 중 소득·재산이 0원인 이들이 117만명이라고 전함,1
김상훈,"“잔금 치를 돈 어디서 구하나 했더니”...새마을금고, 멈췄던 집단대출...",ekn.kr,https://www.ekn.kr/web/view.php?key=20260830025308120,2026-08-30,새마을금고 집단대출 잔액 현황을 공개함,1
김동아,"여야 의원들, 국회 출입기자단과 축구 한판…3대 2 승리",rightknow.co.kr,http://www.rightknow.co.kr/news/articleView.html?idxno=34599,2026-08-30,국회 출입기자단과의 친선 축구 경기에 출전함,1
김남국,"“청소년 SNS, 합리적 규제 방안 마련을”",kyeongin.com,https://www.kyeongin.com/article/1769897,2026-08-30,청소년 SNS 규제를 위한 합리적 방안 마련 토론회 개최,1
권칠승,"민주당 지도부, 9일 전북서 현장 최고위·예산협의",jeollailbo.com,http://www.jeollailbo.com/news/articleView.html?idxno=809445,2026-08-30,민주당 지도부 및 정책위수뇌부 일원으로 전북 현장 최고위원회의 및 예산협의에 참석함,1
김영배,與 용산·탄천 사이 갈팡질팡...부동산 공급대책 고심,fnnews.com,https://www.fnnews.com/news/202608301503450004,2026-08-30,오세훈 서울시장의 탄천물재생센터 부지 활용 제안을 비판함,1
김영배,"제주 찾은 여야, 실종 허위 종결 경찰 질타",samdailbo.com,http://www.samdailbo.com/news/articleView.html?idxno=269632,2026-08-30,제주를 방문해 실종 허위 종결 사건과 관련해 경찰을 질타함,1
권영진,朴 통합 주문에도 '아전인수' 해석만…'동상이몽' 드러낸 국힘,news.tf.co.kr,https://news.tf.co.kr/read/ptoday/2359375.htm,2026-08-30,당내 징계 사건과 내홍 국면에서 거론되며 당내 상황에 영향을 미침,1
강승규,"여전히 갈 길 먼 1차 농협개혁안…국민의힘, 조직적 반발 강화",ikpnews.net,http://www.ikpnews.net/news/articleView.html?idxno=71309,2026-08-30,농협개혁안과 관련해 50대 50 혼합형 선거제를 제안함,1
강민국,"""재무제표 봤냐고요? 그냥 샀는데…2030 자산 위협하는 '노룩 투자'",news1.kr,https://www.news1.kr/finance/general-stock/6273552,2026-08-30,금감원을 통해 증권사 자료를 받아 20대 신용거래융자 잔고 증가 현황을 지적함,1
강득구,"""폐기물 시멘트, 어디에 얼마나 썼나"", 전 과정 공개 법안 발의",inews365.com,https://www.inews365.com/news/article.html?no=933576,2026-08-30,폐기물 시멘트 사용 전 과정 공개를 위한 법안을 공동발의함,1
김기현,"화성특례시의회, 제6회 동탄호수한마당 참석",siminilbo.co.kr,https://www.siminilbo.co.kr/news/newsview.php?ncode=1160284045822259,2026-08-30,제6회 동탄호수한마당 축제 참석,1
김문수,순천시민 국립의대 유치 한목소리...비 속 삼보일배 이어 오체투지,srtimes.kr,http://www.srtimes.kr/news/articleView.html?idxno=211130,2026-08-30,전남권 국립의대 순천대 유치를 위해 순천시민들과 함께 삼보일배와 오체투지에 참여함,1
고동진,과도한 업무·처우 문제 속…수사관 매달 30명 떠났다,sedaily.com,https://www.sedaily.com/article/20084983?ref=naver,2026-08-30,의원실을 통해 최근 5년간 수사 부서 퇴직 경찰관 현황 자료를 공개함,1
강대식,"""반도체는 광주에, 소음은 예천에""... 광주 군공항 이전에 뿔난 대구·경...",hankookilbo.com,https://www.hankookilbo.com/news/article/A2026082509450002829?did=NA,2026-08-30,정부가 TK 신공항과 광주 군공항 이전에 대해 이중 잣대를 적용하고 있다고 비판함,1
김성원,"메모리팹 4기 불편한 국힘, 최태원-이재용 소환 꿈 이뤄질까?",womaneconomy.co.kr,https://www.womaneconomy.co.kr/news/articleView.html?idxno=258057,2026-08-30,호남 반도체 투자 결정과 관련해 청문회 카드를 꺼내 듦,1
김문수,전남광주 '의대 쟁탈전' 1.3점차 박빙…교원확보 계획이 갈랐다,yna.co.kr,https://www.yna.co.kr/view/AKR20260830046400054?input=1195m,2026-08-30,전남권 국립의대 순천대 유치를 위한 빗속 삼보일배에 동참함,1
김선민,"‘65세 이상’ 기초연금 수급자 17%, 소득인정액 0원",munhwa.com,https://www.munhwa.com/article/11613098?ref=naver,2026-08-30,기초연금 수급자 중 소득과 재산이 전혀 없는 소득인정액 0원 수급자가 17%라고 밝힘,1
강준현,800조 슈퍼예산 막바지…충청권 국비 확보 총력,ggilbo.com,https://www.ggilbo.com/news/articleView.html?idxno=1178319,2026-08-30,충청권 국비 및 교육재정 확보를 위해 나섬,1
김성회,與 ‘대장동 변호인 법무장관’ 비판에 “남욱만 한 번 접견”,biz.chosun.com,https://biz.chosun.com/policy/politics/assembly/2026/08/30/YS4Q6HKQ2BETJMVRDK3VUELA3E/?utm_source=naver&utm_medium=original&utm_campaign=biz,2026-08-30,김승원 의원의 대장동 변호인 활동 비판에 대해 남욱 변호사 초기 1회 접견 외에 변호 사실이 없다고 반박함,1
구자근,구미서 거제까지…구자근 의원·당원 70여 명 수해복구 '구슬땀',kyongbuk.co.kr,https://www.kyongbuk.co.kr/news/articleView.html?idxno=4082473,2026-08-30,구미시갑 당원들과 함께 거제시 폭우 피해 지역을 방문해 수해 복구 활동에 구슬땀을 흘림,1
강득구,‘문조털래유’ ‘한강새똥돼주길’···여권 멸칭의 이면,weekly.khan.co.kr,https://weekly.khan.co.kr/article/202608301645001,2026-08-30,여권 멸칭 관련 온라인 커뮤니티 게시물에 이름이 언급됨,1
김승수,김승수 의원 “5년째 지적해도 매년 불용·이월 반복…아시아문화중심...,sentv.co.kr,https://www.sentv.co.kr/article/view/sentv202608300017,2026-08-30,아시아문화중심도시특별회계 집행률 부진을 지적함,1
강준현,'행정수도특별법' 22년 만의 골든타임… 범국민 요구 커진다,joongdo.co.kr,https://www.joongdo.co.kr/web/view.php?key=20260830010008925,2026-08-30,행정수도특별법 제정안을 대표 발의함,1
구자근,"여야 의원들, 국회 출입기자단과 축구 한판…3대 2 승리",rightknow.co.kr,http://www.rightknow.co.kr/news/articleView.html?idxno=34599,2026-08-30,국회 출입기자단과 친선 축구 경기에 출전함,1
김문수,"'36년 전남광주 숙원' 의대 후보대학, 우여곡절 끝 순천대로",yna.co.kr,https://www.yna.co.kr/view/AKR20260830040500054?input=1195m,2026-08-30,전남권 국립의대 순천대 유치를 위해 청와대 앞 삭발 및 빗속 삼보일배를 단행함,1
김문수,'36년 숙원' 전남광주 국립의대 후보대학… 순천대 최종 낙점,cbci.co.kr,https://www.cbci.co.kr/news/articleView.html?idxno=602273,2026-08-30,전남권 국립의대 순천대 유치를 촉구하며 청와대 앞 삭발 투쟁을 벌임,1
김선민,기초연금 수급 노인 17% '소득인정액 0원'…200만원 초과도 14%,yna.co.kr,https://www.yna.co.kr/view/AKR20260829031800530?input=1195m,2026-08-30,기초연금 수급 노인 중 소득인정액 0원 및 200만 원 초과 비율 관련 자료를 공개함,1
김기현,2030년이면 1.2조…‘대지급금’ 고갈 위기,sedaily.com,https://www.sedaily.com/article/20084964?ref=naver,2026-08-30,대지급금 회수율 하락 및 고갈 위기 지적,1
김기현,"""트램 원점 재검토는 시민 혼란만 키워""",ulsanpress.net,https://www.ulsanpress.net/news/articleView.html?idxno=581980,2026-08-30,울산 트램 사업의 원점 재검토에 부정적 입장 표명,1
김기현,헤비테일,danbinews.com,https://www.danbinews.com/news/articleView.html?idxno=33611,2026-08-30,공수처 집행 방해 혐의 등으로 기소됨,1
김문수,'36년 숙원' 전남권 국립의대 후보대학 '순천대' 선정…정부 최종 승인...,jeonmae.co.kr,https://www.jeonmae.co.kr/news/articleView.html?idxno=1288353,2026-08-30,순천 지역구 국회의원으로서 전남권 국립의대 순천대 선정 과정에서 삭발과 삼보일배를 감행함,1
김문수,국립의대 후보 순천대 선정…목포대와 1.3점 차,srtimes.kr,http://www.srtimes.kr/news/articleView.html?idxno=211154,2026-08-30,전남권 국립의대 후보로 순천대가 선정되도록 촉구하며 삼보일배와 오체투지 현장에 동참함,1
김남근,"한성숙 국무총리, 장위14구역 재개발 현장서 ""주택공급 체감 속도 높여...",todaykorea.co.kr,https://www.todaykorea.co.kr/news/articleView.html?idxno=405452,2026-08-30,한성숙 국무총리 등과 함께 장위14구역 재개발 사업 현장을 시찰함,1
김미애,"국민의힘, 정기국회 ‘민생경제 100일 총력전’…대여 공세 예고",dnews.co.kr,https://www.dnews.co.kr/uhtml/view.jsp?idxno=202608301338480090845,2026-08-30,국민의힘 정기국회 '민생경제 100일 총력전' 체제에서 정책위부의장 및 국민동행 정조위원장으로 임명됨,1
김병주,"강신철 국방장관 내정자, '화려한 이력',...",newspim.com,https://www.newspim.com/news/view/20260830000206,2026-08-30,국회 국방위원회 회의에서 부실한 자료 제출과 관련해 질타를 받음,1
권칠승,"'골든타임' 정기국회의 구체적 입법 목표, '집권여당'답게 ...",metroseoul.co.kr,http://www.metroseoul.co.kr/article/20260830500229,2026-08-30,정기국회 입법과제를 발표함,1
고민정,민주당 충북 국회의원 당내에선 '찬밥 신세',cctoday.co.kr,https://www.cctoday.co.kr/news/articleView.html?idxno=2235780,2026-08-30,더불어민주당 4050 특별위원장에 임명됨,1
강대식,"“탄핵 분열 그만, 나도 책임… 영남 물갈이보다 수도권 새판 짜야”",chosun.com,https://www.chosun.com/opinion/2026/08/30/CRS7CF5X5NF6TDB2JYATHHGRTY/?utm_source=naver&utm_medium=referral&utm_campaign=naver-news,2026-08-30,탄핵 분열을 수습하고 수도권 중심의 정치 혁신이 필요하다고 주장함,1
권향엽,국립의대 추천 앞두고 전남광주 정치권 상생 합의,wikitree.co.kr,https://www.wikitree.co.kr/articles/1155913,2026-08-30,국립의대 추천을 앞두고 열린 전남광주 정치권 상생 합의 회의에 참석함,1
김선민,기초연금 수급자 17%는 ‘소득 0원’인데…14%는 月200만원 넘어,donga.com,https://www.donga.com/news/Society/article/all/20260830/134569727/1,2026-08-30,기초연금 수급자 중 소득 0원과 월 200만원 이상 고소득자의 양극화 현상을 지적함,1
권향엽,"목포-순천, 통합특별시 전남의대 심사 추천 ‘승복’",seoul.co.kr,https://www.seoul.co.kr/news/society/2026/08/30/20260830500008?wlog_tag3=naver,2026-08-30,목포와 순천의 통합특별시 전남의대 심사 추천 결과 승복 관련 모임에 참석함,1
김병주,항공사 경영권 변동 등 조기 파악…경영 불안정·외국인 지배 우려 선제...,pinpointnews.co.kr,https://www.pinpointnews.co.kr/news/articleView.html?idxno=481575,2026-08-30,항공사 경영권 변동 사전 심사 등을 담은 개정안에 공동발의자로 참여함,1
김남희,"경찰의 제주 실종 '셀프종결'에 견제론 부상, 민주당은 '국가경찰위' 국...",businesspost.co.kr,https://www.businesspost.co.kr/BP?command=article_view&num=445852,2026-08-30,민주당 대표 직속 경찰개혁추진단 단장으로 임명됨,1
강득구,"장동혁 ""민주당, 지금 법안 추진하면 국힘이 당론으로 밀어주겠다""",pressian.com,https://www.pressian.com/pages/articles/2026083013161421003?utm_source=naver&utm_medium=search,2026-08-30,법관 임명권 개정 법안 공동발의,1
권향엽,"전남광주 정치권 ""국립의대 추천 결과 존중… 미선정 지역엔 파격 인센...",bizwnews.com,http://www.bizwnews.com/news/articleView.html?idxno=144711,2026-08-30,전남광주 정치권의 국립의대 추천 결과 존중 및 미선정 지역 인센티브 관련 회의에 참석함,1
권향엽,전남 국립의대 후보지 순천대 선정,gjdream.com,http://www.gjdream.com/news/articleView.html?idxno=672252,2026-08-30,전남 국립의대 후보지로 순천대가 선정된 자리 및 지역 상생 방안 논의에 참석함,1
김남희,수사권 없애고 예외는 덧대고…與 '누더기 사법개혁',m-i.kr,https://www.m-i.kr/news/articleView.html?idxno=1407503,2026-08-30,경찰개혁TF 공동단장을 맡아 경찰권 통제 제도를 설계함,1
김남희,국회 '제주 실종 사건' 대책 논의,jemin.com,https://www.jemin.com/news/articleView.html?idxno=842269,2026-08-30,경찰개혁추진단장 자격으로 제주를 방문해 실종 사건 처리 과정을 점검함,1
곽상언,"“하실 말씀 다 하시잖아요” 이재명이 칭찬한 이소영, 중기부 장관으로",segye.com,https://www.segye.com/newsView/20260830506429?OutUrl=naver,2026-08-30,보완수사권 폐지 법안 반대,1
김기현,"새마을문고 대현동분회, 독서경진대회 시상식",ujeil.com,http://www.ujeil.com/news/articleView.html?idxno=391193,2026-08-30,새마을문고 대현동분회 독서경진대회 참석,1
김성원,“신청인 없어도 요건 확인되면 예우”…국가유공자 등록 사각지대 없앤...,seoul.co.kr,https://www.seoul.co.kr/news/plan/this-week-bill/2026/08/30/20260830500035?wlog_tag3=naver,2026-08-30,AI 합성 인물 광고 등으로부터 인격을 보호하는 법안을 발의함,1
김기현,"“탄핵 분열 그만, 나도 책임… 영남 물갈이보다 수도권 새판 짜야”",chosun.com,https://www.chosun.com/opinion/2026/08/30/CRS7CF5X5NF6TDB2JYATHHGRTY/?utm_source=naver&utm_medium=referral&utm_campaign=naver-news,2026-08-30,수도권 새판 짜기 및 당내 화합 강조,1
강경숙,“청소년 위험 ‘유해 알고리즘’ 끊으려면… 법 개정 국회...,kyeongin.com,https://www.kyeongin.com/article/1769915,2026-08-30,청소년 SNS 유해 알고리즘 차단 법 개정 토론회를 공동주최함,1
강명구,"정부 개각에 野 ""'민생 파탄' 김용범 교체없이는 실패…지지율 폭락할 ...",mt.co.kr,https://www.mt.co.kr/politics/2026/08/30/2026083014014746914,2026-08-30,정부 개각과 관련해 1년 8개월째 공석인 경찰청장 문제를 지적하며 청장 없는 직무대행 체제로 경찰 개혁이 불가능하다고 비판함,1
김영진,구윤철 G20 참석 돌연 취소했다가 개각 발표후 출국,viewsnnews.com,https://www.viewsnnews.com/article?q=238225,2026-08-30,라디오 인터뷰에서 지지율 하락 원인으로 부동산 문제를 지적함,1
김선민,"기초연금 내 ‘양극화’ 심각…정부, ‘하후상박’ 개편안은 돌연 중단",segye.com,https://www.segye.com/newsView/20260830504448?OutUrl=naver,2026-08-30,기초연금 수급자 내 양극화가 심각하다고 지적함,1
김상훈,"김상훈 의원, 소득세법 발의...""가상자산 소득 과세 2029년까지 유예......",kdpress.co.kr,https://www.kdpress.co.kr/news/articleView.html?idxno=208148,2026-08-30,가상자산 소득 과세를 2029년까지 유예하는 소득세법 개정안을 발의함,1
김승수,국힘 대구시당위원장 김승수,idaegu.co.kr,https://www.idaegu.co.kr/news/articleView.html?idxno=558031,2026-08-30,국민의힘 차기 대구시당위원장으로 내정됨,1
김영진,중폭 개각이라지만 절반의 쇄신...靑 컨트롤타워는 결국 '유임',mt.co.kr,https://www.mt.co.kr/politics/2026/08/31/2026083017212510720,2026-08-30,라디오 방송에 출연해 지지율 하락 원인과 개각 관련 발언을 함,1
강명구,"야권, 6개 부처 개각 맹공…""공소취소·좌클릭·보은 인사""",kado.net,https://www.kado.net/news/articleView.html?idxno=2069386,2026-08-30,야권의 6개 부처 개각 맹공에 동참하며 경찰청장 임명 누락과 부실한 경찰개혁을 지적함,1
김영진,국회 '제주 실종 사건' 대책 논의,jemin.com,https://www.jemin.com/news/articleView.html?idxno=842269,2026-08-30,제주를 방문해 실종 사건 처리 과정을 점검하고 대책을 논의함,1
김남근,소상공인도 집단소송 대상?…“쿠팡 잡으려다 소상공인 잡네”,ekn.kr,https://www.ekn.kr/web/view.php?key=20260830020257929,2026-08-30,소비자단체 등의 집단소송을 허용하는 '소비자집단소송법안'을 대표발의함,1
김남국,“청소년 위험 ‘유해 알고리즘’ 끊으려면… 법 개정 국회...,kyeongin.com,https://www.kyeongin.com/article/1769915,2026-08-30,청소년 유해 알고리즘 차단 및 SNS 규제 토론회 공동주최,1
김승수,국민의힘 대구시당위원장에 김승수 내정…지역 의원들 추대,kyongbuk.co.kr,https://www.kyongbuk.co.kr/news/articleView.html?idxno=4082587,2026-08-30,국민의힘 대구시당위원장에 내정됨,1
김승수,국민의힘 대구시당위원장에 재선 김승수 의원 내정,imaeil.com,https://www.imaeil.com/page/view/2026083014361793195,2026-08-30,국민의힘 대구시당위원장으로 내정됨,1
김선민,소득인정액 ‘0원’ 노인 117만명…월 200만원 초과 수급자 96만명,kyeonggi.com,https://www.kyeonggi.com/article/20260830580005,2026-08-30,보건복지부로부터 2024년 기초연금 수급자 소득인정액 분포 현황 자료를 제출받음,1
김동아,국회 '제주 실종 사건' 대책 논의,jemin.com,https://www.jemin.com/news/articleView.html?idxno=842269,2026-08-30,제주를 방문해 실종 사건 처리 과정을 점검하고 재발 방지 대책을 논의함,1
김교흥,중국인도 노후자금으로 찾는 국민연금…美 제재 중국기업엔 6조원 투자,g-enews.com,https://www.g-enews.com/view.php?ud=202608280936124122ea13369bfa_1,2026-08-30,외국인의 국민연금 추납 신청 급증 자료 공개,1
김선민,기초연금 수급자 17% 소득인정액 0원…14%는 200만원 넘어,newsis.com,https://www.newsis.com/view/NISX20260830_0003768236,2026-08-30,기초연금 수급자 중 소득인정액 0원 및 200만원 초과 현황을 공개함,1
고민정,‘문조털래유’ ‘한강새똥돼주길’···여권 멸칭의 이면,weekly.khan.co.kr,https://weekly.khan.co.kr/article/202608301645001,2026-08-30,친문 세력 내에서 전통 친문으로서 윤건영 등과 함께 다른 행보를 보임,1
김기현,"김기현 ""기후부 내 공직기강 해이 심각""",ulsanpress.net,https://www.ulsanpress.net/news/articleView.html?idxno=581973,2026-08-30,기후에너지환경부 소속 기관의 공직기강 해이 및 징계 건수 지적,1
김석기,"전국 청소년 110명, '제17기 환경지킴이단' 출범...탄소중립 실천 인재 ...",hidomin.com,https://www.hidomin.com/news/articleView.html?idxno=719103,2026-08-30,제17기 환경지킴이단 출범 행사에 축전을 전달함,1
강득구,"법무부, 교정청 신설 절차 본격화...현장 한계 극복·안심 사회 구현 논...",ajunews.com,https://www.ajunews.com/view/20260830105247556,2026-08-30,법무부와 공동으로 교정청 신설 관련 국회 토론회를 개최하여 공론화를 추진함,1
김문수,"순천대 의대 선정, 이제부터다",daily.hankooki.com,https://daily.hankooki.com/news/articleView.html?idxno=1400674,2026-08-30,삼보일배를 통해 전남 동부권 의대 및 대학병원 설립의 필요성을 호소함,1
김건,"제주도 1억6000만원 대북지원…""北에는 중국 지원처럼 꾸몄다""",thepublic.kr,https://www.thepublic.kr/news/articleView.html?idxno=316765,2026-08-30,통일부로부터 제주도의 1억 6000만 원 대북지원 계약 방식인 '3자 합의 방식'에 대해 보고받음,1
김남준,"20회 코누배 연예인야구대회, 31일 인천 선학야구장서 개막",view.asiae.co.kr,https://view.asiae.co.kr/article/2026083012110267106,2026-08-30,의원실이 제20회 코누배 연예인야구대회를 후원함,1
김기현,기후부 최근 5년간 징계 49건…성희롱·불법촬영에 마약까지,iusm.co.kr,https://www.iusm.co.kr/news/articleView.html?idxno=1067146,2026-08-30,기후에너지환경부 공직기강 해이와 각종 비위 징계 현황 공개,1
김교흥,"김교흥 의원, 예결위서 GTX-D·인천대 의전원 현안 질의",shinailbo.co.kr,https://www.shinailbo.co.kr/news/articleView.html?idxno=5056242,2026-08-30,국회 예결위 경제부처 질의에서 GTX-D 및 인천대 의전원 등 지역 현안 질의,1
권향엽,‘뜨거운 감자’ 국립전남의대 놓고 공동합의문 발표,biz.heraldcorp.com,https://biz.heraldcorp.com/article/10856413?ref=naver,2026-08-30,국립전남의대 선정과 관련한 공동합의문 발표 회의에 참석함,1
김문수,"김문수 의원, 순천 홈플러스 찾아 ""노동자·입점업체 일자리 지키겠다""",daily.hankooki.com,https://daily.hankooki.com/news/articleView.html?idxno=1400671,2026-08-30,기업회생절차에 들어간 순천 홈플러스 매장을 방문해 노동자와 입점업체 현장 분위기를 살핌,1
권향엽,국립의대 후보 순천대 낙점…서남권 “통합해 얻은 게 뭐냐” 불만 폭발,kukinews.com,https://www.kukinews.com/article/view/kuk202608300043,2026-08-30,국립의대 심사 결과를 존중하고 선정된 대학의 신설을 공동 지원하기로 함,1
김남희,"제주 찾은 여야, 실종 허위 종결 경찰 질타",samdailbo.com,http://www.samdailbo.com/news/articleView.html?idxno=269632,2026-08-30,경찰개혁추진단 공동단장 자격으로 제주를 방문해 실종 허위 종결 사건을 질타함,1
김남국,“카톡 안 와서 극단선택까지”…청소년 SNS 규제 각계 목소리,dt.co.kr,https://www.dt.co.kr/article/12080855?ref=naver,2026-08-30,청소년 SNS 규제를 주제로 한 토론회에서 해외 입법 동향과 국내 적용 방안을 발표함,1
김동아,"제주 찾은 여야, 실종 허위 종결 경찰 질타",samdailbo.com,http://www.samdailbo.com/news/articleView.html?idxno=269632,2026-08-30,더불어민주당 경찰개혁추진단 위원으로서 제주 실종 사건 현장을 방문해 경찰을 질타함,1
권칠승,9급 공무원에서 100만 화성시장까지…정명근이 걸...,newstown.co.kr,http://www.newstown.co.kr/news/articleView.html?idxno=714039,2026-08-30,정명근 화성시장이 과거 권칠승 국회의원 보좌관으로 정계에 입문한 경력이 조명됨,1
강민국,"발전공기업 통합본사, 남동발전이 가장 적합",gnnews.co.kr,https://www.gnnews.co.kr/news/articleView.html?idxno=644299,2026-08-30,신설되는 한국발전공사의 본사를 경남 진주혁신도시에 두도록 하는 '한국발전공사법안'을 대표발의함,1
김선교,"""낚시하다 실족사""…'테트라포드' 사고 204 명 사상",joongangenews.com,https://www.joongangenews.com/news/articleView.html?idxno=543903,2026-08-30,테트라포드 실족사 등 해안가 안전사고로 인한 인명피해 심각성을 강조함,1
김영진,"​""조희대 탄핵·특검 강행하다 추락""…민주당내서 터진 '브레이크' 목소...",dailian.co.kr,https://www.dailian.co.kr/news/view/1684049/?sc=Naver,2026-08-30,라디오 인터뷰에서 신중한 정국 대응의 필요성을 언급함,1
강명구,"국힘 ""李정부 개각, 공소취소 전격전·경제정책 기조 불변 선언""(종합)",yna.co.kr,https://www.yna.co.kr/view/AKR20260830033851001?input=1195m,2026-08-30,정부 개각에 대해 경찰청장 임명이 빠진 점을 지적하며 공소취소 전격전 및 경제정책 기조 불변 선언이라고 비판함,1
김소희,노란봉투법 반년…원하청 교섭은 4곳 중 1곳뿐,sedaily.com,https://www.sedaily.com/article/20084828?ref=naver,2026-08-30,노란봉투법 시행 반년 간 하청노조의 교섭 요구를 받은 원청 사업장의 실제 교섭 성사율이 낮다고 지적함,1
김영진,"경찰의 제주 실종 '셀프종결'에 견제론 부상, 민주당은 '국가경찰위' 국...",businesspost.co.kr,https://www.businesspost.co.kr/BP?command=article_view&num=445852,2026-08-30,경찰개혁추진단과 함께 제주 사건 현장을 방문해 대책을 점검함,1
김기웅,"김기웅 의원, 야간·휴일 소아진료 확대 위한 '응급의료법' 개정안 대표...",sentv.co.kr,https://www.sentv.co.kr/article/view/sentv202608300014,2026-08-30,야간 및 휴일 소아진료 확대를 위한 응급의료법 개정안을 대표발의함,1
김기현,불 밝힌 세종청사…국감 앞두고 'Q&A 방어전' 한창,etnews.com,https://www.etnews.com/20260830000045,2026-08-30,국정감사를 앞둔 상임위 내 주요 중진 의원으로 주목받음,1
김문수,동·서부 정치권 “국립의대 후보대학 선정 결과 수용”,jndn.com,http://www.jndn.com/article.php?aid=1788081444438701003,2026-08-30,순천대 유치를 주장하며 삭발과 삼보일배에 참여했던 의원임,1
김선교,"김선교 의원 ""낚시하다 한순간 방심이 죽음으로""...테트라포드 5년여간...",ajunews.com,https://www.ajunews.com/view/20260830220816399,2026-08-30,방파제 테트라포드 안전사고의 위험성을 지적하고 대책 마련을 촉구함,1
김선교,‘바다의 블랙홀’ 테트라포드… 5년간 204명 집어 삼켰다,dailyt.co.kr,https://www.dailyt.co.kr/newsView/dlt202608300002,2026-08-30,테트라포드 안전사고 현황 자료를 공개하며 5년간 200명이 넘는 사상자가 발생했다고 밝힘,1
김선교,5년간 바다서 건진 쓰레기 65만 톤…수거해도 계속 늘어나는 ‘해양폐기...,dailyt.co.kr,https://www.dailyt.co.kr/newsView/dlt202608300004,2026-08-30,해수부 자료를 통해 최근 5년간 65만 톤이 넘는 해양폐기물이 수거된 현황을 공개함,1
강명구,"국힘, 李대통령 2기 개각 단행에 ""국정 폭망할 것…정치적 개각이자 실...",newsis.com,https://www.newsis.com/view/NISX20260830_0003768404,2026-08-30,정부의 2기 개각 단행을 국정 폭망을 부르는 정치적 개각이자 실패한 개각으로 규정함,1
강준현,"""20년 기다렸다, 행정수도특별법 통과""…세종 시민사회, 국회 향한다",daejonilbo.com,https://www.daejonilbo.com/news/articleView.html?idxno=2297584,2026-08-30,행정수도특별법의 9월 정기국회 법안심사소위 우선 심사 추진을 밝힘,1
김성범,"""배움의 열정으로 일궈낸 결실""",jemin.com,https://www.jemin.com/news/articleView.html?idxno=842249,2026-08-30,다문화엄마학교 졸업식에 참석하여 졸업생들을 축하함,1
권향엽,"전남광주, 순천대·목포대 의대 갈등 봉합… “선정 결과 함께 수용”",sports.donga.com,https://sports.donga.com/region/article/all/20260830/134569054/1,2026-08-30,전남광주 지역 리더들과 함께 국립의대 선정 결과 수용 및 갈등 봉합을 위한 긴급 회동에 참석함,1
김선민,“기초연금 없이는 힘들어”…소득인정액 0원 노인 ‘117만명’,dt.co.kr,https://www.dt.co.kr/article/12080848?ref=naver,2026-08-30,소득인정액 0원인 기초연금 수급 노인이 117만명에 달한다고 밝힘,1
권향엽,"전남광주특별시, 국립의대 추천 D-1… “결과 수용·상생 대응” 공동합...",breaknews.com,http://www.breaknews.com/1232610,2026-08-30,국립의대 추천을 앞두고 결과 수용과 상생 대응을 위한 간담회에 참석함,1
권향엽,동·서부 정치권 “국립의대 후보대학 선정 결과 수용”,jndn.com,http://www.jndn.com/article.php?aid=1788081444438701003,2026-08-30,동·서부 정치권 간담회에 참석해 국립의대 후보대학 선정 결과 수용 입장을 밝힘,1
김기현,성희롱·불법촬영·폭행에 마약까지… 기후부 공직기강 ‘심각’,m.skyedaily.com,https://m.skyedaily.com/news_view.html?ID=310726,2026-08-30,기후에너지환경부의 심각한 공직기강 실태 비판,1
권향엽,전남광주 국립의대 후보에 ‘순천대’ 선정...36년 숙원 본격 추진한다,m-economynews.com,https://www.m-economynews.com/news/article.html?no=70247,2026-08-30,전남광주 국립의대 후보 선정 관련 간담회에 참석해 공정한 심사 보장 등을 약속함,1
권향엽,“현안 해결” 국회의원들 입법 릴레이 ‘눈길’,kjdaily.com,http://www.kjdaily.com/article.php?aid=1788086508685564002,2026-08-30,소상공인 정책보험 지원 2법을 대표 발의함,1
권향엽,"""목포대냐 순천대냐""···국립의대 후보 추천 D-1,지역 정치권'상생'전...",newstnt.com,https://www.newstnt.com/news/articleView.html?idxno=715787,2026-08-30,국립의대 후보 추천 관련 지역 정치권 간담회에 참석함,1
강득구,"전국 교정공무원 첫 토론회,인력·예산 부족에 교정공무원 고충…'교정...",gukjenews.com,https://www.gukjenews.com/news/articleView.html?idxno=3679084,2026-08-30,법무부와 공동으로 교정청 신설 관련 정부조직법 개정안 토론회를 개최할 예정임,1
김기현,"""도시 경쟁력 위해 '트램' 정상 추진해야""",ujeil.com,http://www.ujeil.com/news/articleView.html?idxno=391135,2026-08-30,도시 경쟁력 강화를 위한 울산 트램 정상 추진 촉구,1
권향엽,전남 국립의대 신설 후보에 순천대…상생·수용 여부 주목(종합),newsis.com,https://www.newsis.com/view/NISX20260830_0003768417,2026-08-30,전남광주 지역상생협력회의에 참석해 국립의대 신설 후보지 순천대 선정과 관련한 상생과 수용 방안을 논의함,1
권향엽,"전남광주특별시, 국립의대 신설 후보대학에 ‘순천대’ 추천",seoul.co.kr,https://www.seoul.co.kr/news/society/2026/08/30/20260830500069?wlog_tag3=naver,2026-08-30,전남광주특별시의 국립의대 신설 후보대학으로 순천대가 추천된 모임에 참석함,1
김상훈,경기 바닥에 고금리까지…캐피털 車금융 연체 급증,sedaily.com,https://www.sedaily.com/article/20084954?ref=naver,2026-08-30,캐피탈사 상용차 할부금융 연체율 상승 자료를 공개함,1
구자근,"메모리팹 4기 불편한 국힘, 최태원-이재용 소환 꿈 이뤄질까?",womaneconomy.co.kr,https://www.womaneconomy.co.kr/news/articleView.html?idxno=258057,2026-08-30,호남 반도체 투자 결정과 관련해 대기업 총수 소환을 예고함,1
구자근,산업기술진흥원 인력 34% '억대연봉 무보직',hankyung.com,https://www.hankyung.com/article/2026083019751,2026-08-30,산업기술진흥원으로부터 억대 연봉 무보직자 현황 자료를 제출받아 공개함,1
권향엽,"전남광주 정치권, 의대 후보 선정에 ""환영"" ""이변""…갈등 조짐",newsis.com,https://www.newsis.com/view/NISX20260830_0003768448,2026-08-30,전남광주 지역 정치권과 함께 국립의대 선정 결과에 따른 지역 갈등 방지 및 상생 방안을 논의함,1
김선교,"외국서 온 해안쓰레기, 97% 중국발…전국 해양폐기물 3분의1↑ 호남서 수...",dt.co.kr,https://www.dt.co.kr/article/12081015?ref=naver,2026-08-30,해양쓰레기 수거량 증가 및 중국발 해안쓰레기 피해 심각성을 지적함,1
김민전,"김민전 ""윤석열 다시 뵙길 바라"" MBC ""내란우두머리까지 소환하는 행태...",mediatoday.co.kr,https://www.mediatoday.co.kr/news/articleView.html?idxno=336777,2026-08-30,윤석열 전 대통령 관련 발언으로 민주당의 비판을 받음,1
김승수,"김승수, 대구시당위원장 선출 유력",kbmaeil.com,https://www.kbmaeil.com/article/20260830500600,2026-08-30,국민의힘 대구시당위원장 선출이 유력함,1
김교흥,'대한외국인'의 그늘… 국민연금이 샌다 [웰그래픽],newswell.co.kr,http://www.newswell.co.kr/news/articleView.html?idxno=21386,2026-08-30,외국인의 국민연금 추납 신청 건수 급증 자료 공개,1
김문수,"순천시민 1천여 명 ""국립순천대 의대·대학병원 설립해야""",namdonews.com,https://www.namdonews.com/news/articleView.html?idxno=921620,2026-08-30,국립순천대 의대 및 대학병원 설립을 촉구하는 결의대회에 참석함,1
김기현,새마을문고 울산 남구 대현동분회 독서경진 시상,ulsanpress.net,https://www.ulsanpress.net/news/articleView.html?idxno=581987,2026-08-30,새마을문고 독서경진대회 시상식 참석,1
강득구,"법무부, 제1차 교정청 신설 관련 전국 교정공무원 토론회 가져",lawissue.co.kr,http://www.lawissue.co.kr/view.php?ud=2026083013224847599a8c8bf58f_12,2026-08-30,법무부와 함께 국회에서 교정청 신설 관련 정부조직법 개정안 토론회를 개최하기로 함,1
김성원,"“이재용·최태원씨, 호남반도체 압력 있었나요?”…국힘 청문회 추진",mk.co.kr,https://www.mk.co.kr/article/12139633,2026-08-30,호남 반도체 투자 의혹을 규명하기 위한 청문회를 추진함,1
김소희,노란봉투법 반년…교섭 성사 5곳 중 1곳 수준,biz.sbs.co.kr,https://biz.sbs.co.kr/article_hub/20000331556?division=NAVER,2026-08-30,노란봉투법 관련 하청노조 교섭 요구 대비 실제 교섭 성사율이 20% 수준에 그친다고 밝힘,1
김성회,남은 3명 중 대법관 재제청 vs 새 추천위 구성…고심 깊어진 조희대,donga.com,https://www.donga.com/news/Society/article/all/20260830/134569998/1,2026-08-30,대법원장의 국회 출석 거부 행태를 비판하며 임명동의권 관련 입장을 밝힘,1
김영배,"경찰의 제주 실종 '셀프종결'에 견제론 부상, 민주당은 '국가경찰위' 국...",businesspost.co.kr,https://www.businesspost.co.kr/BP?command=article_view&num=445852,2026-08-30,민주적 경찰개혁 토론회를 공동 개최함,1
김영진,"여야 의원들, 국회 출입기자단과 축구 한판…3대 2 승리",rightknow.co.kr,http://www.rightknow.co.kr/news/articleView.html?idxno=34599,2026-08-30,국회 출입기자단과의 축구 경기에 출전함,1
김동아,"14년 묵은 대형마트 규제, 새벽배송 앞에서 갈림길",newslock.co.kr,http://www.newslock.co.kr/news/articleView.html?idxno=134958,2026-08-29,대형마트의 온라인 배송에 영업시간 제한과 의무휴업 규정을 적용하지 않는 법안을 발의함,1
김동아,"대형마트 새벽배송 규제 완화 안갯속...정부, 상생안 조율 중",ajunews.com,https://www.ajunews.com/view/20260827152625095,2026-08-29,대형마트 오프라인 규정은 유지하고 온라인 배송을 허용하는 법안을 발의함,1
김성원,"14년 묵은 대형마트 규제, 새벽배송 앞에서 갈림길",newslock.co.kr,http://www.newslock.co.kr/news/articleView.html?idxno=134958,2026-08-29,대형마트 영업시간 제한 규제 완화 및 의무휴업일 원칙 삭제 법안을 발의함,1
강득구,안양스마T움축제 개막…AI·로봇·드론으로 미래기술 한눈에,safetynews.co.kr,https://www.safetynews.co.kr/news/articleView.html?idxno=250277,2026-08-29,안양스마T움축제 개막식에 참석함,1
김남준,"민주당-김어준의 '극한 갈등'에 국민의힘이 ""한가하냐""라며 보인 반응",wikitree.co.kr,https://www.wikitree.co.kr/articles/1155777,2026-08-29,민주당TV가 특정 방송을 대체하기 위한 채널이 아니라고 설명함,1
김영진,"허위 종결 부 경장, 일부 혐의 인정",ytn.co.kr,https://www.ytn.co.kr/_ln/0115_202608291110210495,2026-08-29,제주 실종 사건 현장을 방문하여 경찰 대응 과정을 점검함,1
김남근,"韓 총리 ""장위 14구역 재개발, 속도감 있게 진행""",ajunews.com,https://www.ajunews.com/view/20260829151655098,2026-08-29,한덕수 총리의 장위14구역 재개발 현장 방문에 동행함,1
김동아,"민주당 경찰개혁추진단, 내부위원 선임... 장미란 실종 부실 수사 제주...",thepublic.kr,https://www.thepublic.kr/news/articleView.html?idxno=316683,2026-08-29,더불어민주당 경찰개혁추진단 내부 위원으로 선임됨,1
김상훈,"가상자산 과세 2029년으로 2년 유예 추진…김상훈, 소득세법 발의",sejungilbo.com,https://www.sejungilbo.com/news/articleView.html?idxno=59859,2026-08-29,가상자산 소득 과세를 2029년으로 2년 유예하는 소득세법 개정안을 발의함,1
김영진,“수원의 길 열고 미래 밝힌 큰 정치인”…백웅 이병희 선생 탄생 100주...,kyeonggi.com,https://www.kyeonggi.com/article/20260829580126,2026-08-29,백웅 이병희 선생 탄생 100주년 행사에 참석함,1
구자근,TK 의원 25명 법안 1천616건 성적표…발의법안 70% ‘계류’,yeongnam.com,https://www.yeongnam.com/web/view.php?key=20260829025011684,2026-08-29,제22대 국회 TK 의원 법안 발의 실적 분석에서 발의 법안 중 13.0%가 반영된 것으로 나타남,1
김도읍,"최태원 “꼭 호남에 반도체?” 두 달 뒤 투자…野, 최태원·이재용 부르...",biz.heraldcorp.com,https://biz.heraldcorp.com/article/10856092?ref=naver,2026-08-29,산자위 회의에서 호남 반도체 투자 관련 질의를 진행함,1
김남근,"한성숙 총리, 장위14구역 찾아 ""이주비·금융 지원 속도감 있게 추진""",ebn.co.kr,https://www.ebn.co.kr/news/articleView.html?idxno=1722180,2026-08-29,한성숙 총리의 장위14구역 재개발 현장 방문에 동행함,1
김남근,"한 총리 ""18년 지체, 길었다…장위14구역 속도감있게 재개발""",news.mtn.co.kr,https://news.mtn.co.kr/news-detail/2026082915393525105,2026-08-29,한덕수 국무총리의 장위14구역 재개발 현장 방문에 동행함,1
김남근,"韓총리, 장위14구역 재개발 현장 점검… ""속도감 있게 진행해야""",newscj.com,https://www.newscj.com/news/articleView.html?idxno=3428635,2026-08-29,한덕수 총리의 장위14구역 재개발 현장 점검에 동행하여 주거 여건을 살핌,1
김상훈,코인과세 2029년으로···국힘 3번째 법안,hansbiz.co.kr,http://www.hansbiz.co.kr/news/articleView.html?idxno=860502,2026-08-29,가상자산 과세를 2년 유예하는 법안을 발의함,1
강명구,'제주 실종 허위 종결'에 검찰개혁 역풍…불붙은 보완수사...,shinailbo.co.kr,https://www.shinailbo.co.kr/news/articleView.html?idxno=5056151,2026-08-29,제주 실종 허위 종결 사건과 관련해 보완수사권 폐지를 원점에서 재검토해야 한다고 주장함,1
김성원,"""꼭 호남에 반도체?""…국힘, 이재용·최태원 청문회 추진",news.tvchosun.com,https://news.tvchosun.com/site/data/html_dir/2026/08/29/2026082990127.html,2026-08-29,호남 반도체 투자를 둘러싼 의혹 규명을 위해 기업 총수들의 증인 출석을 추진함,1
김남근,"한성숙 총리, 성북 재개발 현장 방문…""이주비 지원 속도감 있게""",dailian.co.kr,https://www.dailian.co.kr/news/view/1684028/?sc=Naver,2026-08-29,한성숙 총리의 성북구 장위14구역 재개발 현장 방문에 동행함,1
김상훈,"김상훈 의원, 가상자산 소득과세 유예 소득세법 개정안 발의",intn.co.kr,http://www.intn.co.kr/news/articleView.html?idxno=2052897,2026-08-29,2027년 시행 예정인 가상자산 소득 과세를 2029년까지 유예하는 소득세법 개정안을 대표 발의함,1
구자근,"구자근, 국힘 구미시갑 당원과 거제 찾아 수해 복구 봉사",news1.kr,https://www.news1.kr/local/daegu-gyeongbuk/6273469,2026-08-29,구미시갑 당원 및 당직자 70여 명과 함께 거제시를 찾아 폭우 피해 복구 지원에 나섬,1
구자근,거제서 수해복구 봉사하는 국힘 경북 구미시갑 당원들,news1.kr,https://www.news1.kr/photos/8078120,2026-08-29,경북 구미시갑 시·도의원 및 당직자들과 함께 거제 수해 현장을 찾아 복구 봉사를 함,2
김남근,"한 총리, 성북 장위14구역 재개발 현장 방문…사업 ‘속도 내달라’ 주...",viva100.com,https://www.viva100.com/article/20260829500152,2026-08-29,한덕수 총리의 성북구 장위14구역 재개발 현장 점검에 동행함,1
김영배,"안창호 인권위원장 ""정부·국회 '강제실종방지협약' 실효적 이행 나서야...",news1.kr,https://www.news1.kr/society/incident-accident/6272932,2026-08-29,과거 강제실종방지법을 대표 발의한 사실이 언급됨,1
김남근,"한 총리, 장위14구역 재개발 현장 찾아 ""사업 속도 높여야""",yonhapnewstv.co.kr,http://www.yonhapnewstv.co.kr/news/AKR20260829150423mlD,2026-08-29,한덕수 총리의 장위14구역 재개발 사업 현장 방문에 동행함,1
김영배,"최동민 동대문구청장, 더불어민주당 서울시당 정책간담회와 전국 시·군...",cnbizm.com,https://www.cnbizm.com/news/articleView.html?idxno=313161,2026-08-29,서울시당 정책간담회를 주재하여 지역 현안을 논의함,1
김남근,"한성숙 총리, 장위14구역 방문…""이주비·금융 종합지원 속도감 있게 추...",mbnmoney.mbn.co.kr,http://mbnmoney.mbn.co.kr/news/view?news_no=MM1005910929,2026-08-29,한성숙 총리의 장위14구역 재개발 현장 시찰에 동참함,1
김남준,"유시민 이어 유인태도 ""민주당 90도 절? 조폭인가…왜 저러는지""",news.tvchosun.com,https://news.tvchosun.com/site/data/html_dir/2026/08/29/2026082990126.html,2026-08-29,당의 언어는 그림이라며 모든 행사를 90도 절로 시작하자고 제안한 사실이 전해짐,1
강대식,TK 의원 25명 법안 1천616건 성적표…발의법안 70% ‘계류’,yeongnam.com,https://www.yeongnam.com/web/view.php?key=20260829025011684,2026-08-29,신공항 관련 '한국공항공사법 일부개정법률안'이 원안 가결됨,1
권영세,"유승민, 보수통합·혁신 걸고 광폭 행보…친박과 관계개선 요원",munhwa.com,https://www.munhwa.com/article/11612974?ref=naver,2026-08-29,유승민 전 의원과 오찬 회동을 갖고 당의 위기 상황과 나아갈 방향에 대해 논의함,1
김남희,여야 모두 제주 찾아 ‘실종 신고 허위 종결’ 질책…해법은 제각각,news.kbs.co.kr,https://news.kbs.co.kr/news/pc/view/view.do?ncd=8649412&ref=A,2026-08-29,제주 실종 신고 허위 종결 사건 현장을 찾아 경찰 개혁을 위한 해결책을 찾겠다고 밝힘,2
고동진,"""꼭 호남에 반도체?""…국힘, 이재용·최태원 청문회 추진",news.tvchosun.com,https://news.tvchosun.com/site/data/html_dir/2026/08/29/2026082990127.html,2026-08-29,반도체 부지 선정과 관련해 이재용·최태원 청문회 추진을 주장함,1
김남준,"‘김어준 아젠다 세팅, 최욱 확산’ 공식 흔들···‘민주당TV’가 주목...",weekly.khan.co.kr,https://weekly.khan.co.kr/article/202608290926001,2026-08-29,민주당TV가 진보와 중도 진영을 아우르는 오픈 TV를 지향한다고 밝힘,1
김영배,정치적 주도권 다툼에 청년-서민 주거불안 길어진다,nocutnews.co.kr,https://www.nocutnews.co.kr/news/6569938?utm_source=naver&utm_medium=article&utm_campaign=20260829052036,2026-08-29,오세훈 서울시장의 주거 정책 주장을 반대를 위한 반대라고 비판함,1
김남근,"한성숙, 장위14구역 재개발 현장 점검…""속도감 있게 추진""",mbn.mk.co.kr,http://mbn.mk.co.kr/pages/news/newsView.php?category=mbn00006&news_seq_no=5215656,2026-08-29,한성숙 총리의 장위14구역 재개발 현장 점검에 동행함,1
김민전,"박근혜 이어 MB까지 '러브콜'… 국힘 통합 외치지만, ""중도층엔 도움 안...",hankookilbo.com,https://www.hankookilbo.com/news/article/A2026082816030000090?did=NA,2026-08-29,박근혜 전 대통령 발언 호평 및 윤석열 전 대통령 언급으로 이목을 끎,1
김도읍,"""꼭 호남에 반도체?""…국힘, 이재용·최태원 청문회 추진",news.tvchosun.com,https://news.tvchosun.com/site/data/html_dir/2026/08/29/2026082990127.html,2026-08-29,산자위 회의에서 호남 반도체 투자 관련 정부의 입지 제안 경위를 질의함,1
김남근,"한 총리 ""민간 활성화 없이 주택 공급 한계…사업지연 신속 해결"" [뉴시...",newsis.com,https://www.newsis.com/view/NISX20260829_0003767944,2026-08-29,한덕수 총리와 함께 장위14구역 재개발 현장을 시찰하고 사업 현황을 청취함,1
고동진,"최태원 “꼭 호남에 반도체?” 두 달 뒤 투자…野, 최태원·이재용 부르...",biz.heraldcorp.com,https://biz.heraldcorp.com/article/10856092?ref=naver,2026-08-29,최태원의 반도체 투자 관련 발언에 대해 의문을 제기함,1
김성원,민간인도 법적 보호…해상 구조 참여 늘어날까,kihoilbo.co.kr,https://www.kihoilbo.co.kr/news/articleView.html?idxno=3032949,2026-08-29,민간인의 해상 구조 참여 시 법적 보호를 강화하는 법안이 본회의를 통과함,1
김남희,경찰개혁 촉매제 된 ‘부실 수사’…칼 빼든 민주당이 처음 한 일,mk.co.kr,https://www.mk.co.kr/article/12139557,2026-08-29,민주당 경찰개혁추진단 단장으로 임명되어 제주도 부실 수사 현장을 방문해 진상 파악에 나섬,1
김남희,"민주당 경찰개혁추진단, 내부위원 선임... 장미란 실종 부실 수사 제주...",thepublic.kr,https://www.thepublic.kr/news/articleView.html?idxno=316683,2026-08-29,민주당 경찰개혁추진단 공동단장으로서 당내 위원들을 선임함,1
권영진,내홍 속 ‘단결’ 외친 국힘…연찬회 이어 MB 예방으로 보수 결집 모색,segye.com,https://www.segye.com/newsView/20260828508401?OutUrl=naver,2026-08-29,윤리위의 당원권 정지 중징계 여파로 당내 연찬회 등에 불참함,1
김남근,"한성숙 총리, 장위14구역 방문…""이주비·금융 지원 속도감 있게""",pinpointnews.co.kr,https://www.pinpointnews.co.kr/news/articleView.html?idxno=481755,2026-08-29,한성숙 총리의 장위14구역 재개발 현장 방문에 동행함,1
김동아,"""결사 반대"" vs ""이젠 풀어줘""…대형마트 '규제 완화' 호소",financialpost.co.kr,https://www.financialpost.co.kr/news/articleView.html?idxno=272603,2026-08-29,오프라인 영업 규제는 유지하면서 온라인 새벽 배송을 허용하는 법안을 대표 발의함,1
김상훈,TK 의원 25명 법안 1천616건 성적표…발의법안 70% ‘계류’,yeongnam.com,https://www.yeongnam.com/web/view.php?key=20260829025011684,2026-08-29,발의한 법안 중 30.4%가 본회의 등을 통과함,1
김병기,잇단 '경찰 실책'...보완수사권 논란 재점화,yonhapnewstv.co.kr,http://www.yonhapnewstv.co.kr/news/MYH20260829093625lNw,2026-08-29,비위 의혹 관련 수사가 1년째 이어지면서 경찰의 수사 역량과 지연 논란이 도마에 오름,1
김남준,"민주당TV, 9월 1일 오전 7시 방송…'탈 김어준' 시도?",pressian.com,https://www.pressian.com/pages/articles/2026082911291059555?utm_source=naver&utm_medium=search,2026-08-29,진보와 중도 진영을 아우르는 오픈 플랫폼 지향의 민주당TV 방송을 예고함,1
김성원,"대형마트 새벽배송 규제 완화 안갯속...정부, 상생안 조율 중",ajunews.com,https://www.ajunews.com/view/20260827152625095,2026-08-29,대형마트 의무휴업 및 영업제한 규제 전면 폐지를 담은 법안을 발의함,1
김교흥,"김교흥 의원, '서구갑'에서 '서해구'로…달...",getnews.co.kr,https://www.getnews.co.kr/news/articleView.html?idxno=878998,2026-08-29,지역구 교통 현안 해결을 위한 협의체 참여,1
김남희,'제주 실종 허위 종결'에 검찰개혁 역풍…불붙은 보완수사...,shinailbo.co.kr,https://www.shinailbo.co.kr/news/articleView.html?idxno=5056151,2026-08-29,경찰개혁추진단 공동단장 자격으로 제주 실종 사건 현장을 찾아 경찰 수색 과정을 점검함,1
김건,"""살얼음판 걷는 동맹""…'전방위 압박' 트럼프, '중구난방' 李 정부",sisajournal.com,https://www.sisajournal.com/news/articleView.html?idxno=385024,2026-08-29,정부의 외교 노선을 '중구난방'이라고 비판함,1
권영진,TK 의원 25명 법안 1천616건 성적표…발의법안 70% ‘계류’,yeongnam.com,https://www.yeongnam.com/web/view.php?key=20260829025011684,2026-08-29,대표발의 법안 중 원안 또는 수정가결된 법안이 대구·경북 의원 중 가장 많음,1
김남근,"韓 총리, 성북구 재개발 현장 찾아 ""속도감 있게 추진""",hankookilbo.com,https://www.hankookilbo.com/news/article/A2026082914310000995?did=NA,2026-08-29,한덕수 총리의 장위14구역 재개발 현장 시찰에 동행함,1
김성원,"분명 이지혜 얼굴로 ""너무 맛있다"" 하는데…속으면 안 됩니다",weekly.chosun.com,http://weekly.chosun.com/news/articleView.html?idxno=54780,2026-08-29,AI를 악용한 초상 및 음성 도용 행위를 규제하는 법률 개정안을 대표발의함,1
김영진,경찰개혁 촉매제 된 ‘부실 수사’…칼 빼든 민주당이 처음 한 일,mk.co.kr,https://www.mk.co.kr/article/12139557,2026-08-29,제주 실종 사건 현장을 찾아 경찰 시스템의 문제를 지적함,1
김남근,"한 총리, 장위14구역 찾아 “재개발 18년 지체 너무 길어…속도감 있게...",mk.co.kr,https://www.mk.co.kr/article/12139528,2026-08-29,한성숙 총리와 함께 장위14구역 재개발사업 추진 현장을 도보 시찰함,1
김남근,"한성숙 총리, 장위14구역 재개발 현장서 ""속도감 있게…18년 지체 너무 ...",news.tvchosun.com,https://news.tvchosun.com/site/data/html_dir/2026/08/29/2026082990081.html,2026-08-29,한성숙 총리와 함께 장위14구역 재개발사업 현장을 시찰함,1
김병주,"""무역보험 · 정책금융 · 세제 · 기술보호 · 후속군수지원 등 방산 수...",pinpointnews.co.kr,https://www.pinpointnews.co.kr/news/articleView.html?idxno=481419,2026-08-29,방산 수출 경쟁력 강화를 위한 'K-방산 수출강화 패키지법'을 공동 대표발의함,1
김남근,"한 총리, 장위14구역 재개발 현장 방문…“종합 지원 속도감 있게 추진...",g-enews.com,https://www.g-enews.com/view.php?ud=202608291700347162056c162803_1,2026-08-29,한덕수 국무총리의 성북구 장위14구역 재개발 현장 방문에 동행함,1
김승수,국민의힘 대구시당위원장에 김승수 의원 추대,news.kbs.co.kr,https://news.kbs.co.kr/news/pc/view/view.do?ncd=8649678&ref=A,2026-08-29,국민의힘 대구시당위원장으로 추대됨,1
김병주,"상관의 명령을 법률 검토부터 하라는 나라, 대한민국 군에 내린 사형선...",mediawatch.kr,https://www.mediawatch.kr/news/article.html?no=260830,2026-08-29,군 내부 의혹 폭로성 증언과 관련해 야당 의원들과 밀착했다는 지적을 받음,1
김성원,"""왜 호남에 반도체?""...국힘, 이재용·최태원 청문회 추진",magazine.hankyung.com,https://magazine.hankyung.com/business/article/202608290764b,2026-08-29,호남 반도체 투자 관련 의혹을 다루기 위한 청문회 개최를 추진함,1
김영배,'제주 실종 허위 종결'에 검찰개혁 역풍…불붙은 보완수사...,shinailbo.co.kr,https://www.shinailbo.co.kr/news/articleView.html?idxno=5056151,2026-08-29,제주 실종 사건을 보완수사권 폐지 문제와 연계해선 안 된다고 주장함,1
김동아,'제주 실종 허위 종결'에 검찰개혁 역풍…불붙은 보완수사...,shinailbo.co.kr,https://www.shinailbo.co.kr/news/articleView.html?idxno=5056151,2026-08-29,제주 실종 사건 현장을 찾아 경찰의 수색 과정을 점검함,1
김남희,제주 달려간 여야...한목소리 질타 속 해법 제각각,ytn.co.kr,https://www.ytn.co.kr/_ln/0101_202608290115308929,2026-08-29,경찰개혁추진단 공동단장으로 제주 사건 현장을 방문해 경찰의 부실 대응을 지적함,1
김영진,"‘조작기소’ 신중론, ‘레버리지’에도 쓴소리… 민주당이 달라졌다",segye.com,https://www.segye.com/newsView/20260828511683?OutUrl=naver,2026-08-29,조작기소 특검법 처리와 관련해 신중한 입장을 표명함,1
강대식,신공항 표류가 지자체 탓?…정치권 질타·시도민연대 출범,news.kbs.co.kr,https://news.kbs.co.kr/news/pc/view/view.do?ncd=8649659&ref=A,2026-08-29,정부가 TK 신공항 사업에는 원칙을 고수하고 광주에는 특혜를 준다고 지적함,1
곽규택,"""선관위, 이대로는 안 된다""…보수·진보 시민사회 한자리에",ngonews.kr,https://www.ngonews.kr/news/articleView.html?idxno=236668,2026-08-29,선관위 개혁 토론회 공동주최자로 참여함,1
강대식,질라라비장애인야학 배움의 문턱 낮추는 졸업식,newsclaim.co.kr,https://www.newsclaim.co.kr/news/articleView.html?idxno=3073586,2026-08-29,질라라비장애인야학 졸업식에 축하 영상을 전달함,1
김남준,"""李 지지율 30%대면 반등 불가""김어준 주장에...민주당 ""틀렸다"" 경고",thepublic.kr,https://www.thepublic.kr/news/articleView.html?idxno=316719,2026-08-29,민주당TV 개국과 관련해 오픈 콘텐츠 플랫폼을 지향한다고 설명함,1
권영진,국힘 '2028 공천권' 물밑 헤게모니 쟁탈전…'당권파'vs'영남 기득권' 충...,newsworks.co.kr,https://www.newsworks.co.kr/news/articleView.html?idxno=851907,2026-08-29,한동훈 후보 지원 등을 이유로 국민의힘 윤리위로부터 당원권 정지 1년 6개월 중징계를 받음,1
김민전,"김민전 ""朴 말씀 감동, 尹도 어서 보길""..與 ""국힘 국헌문란 DNA""",gobalnews.com,https://www.gobalnews.com/news/articleView.html?idxno=202703,2026-08-29,박근혜 전 대통령 연설에 감동을 표하며 윤석열 전 대통령을 언급함,1
김성원,"최태원 “꼭 호남에 반도체?” 두 달 뒤 투자…野, 최태원·이재용 부르...",biz.heraldcorp.com,https://biz.heraldcorp.com/article/10856092?ref=naver,2026-08-29,호남 반도체 투자 발표와 관련해 기업인들을 증인으로 부르는 청문회를 추진함,1
김민전,"정옥임 ""아무것도 모르는 박근혜, 누가 활용하는 건가""[한판승부]",nocutnews.co.kr,https://www.nocutnews.co.kr/news/6570037?utm_source=naver&utm_medium=article&utm_campaign=20260829093038,2026-08-29,윤석열 전 대통령 관련 발언이 정치권의 논란이 됨,1
김남근,"한성숙, 장위 재개발 구역 찾아 “최대한 속도 낼 방안 마련”",hani.co.kr,https://www.hani.co.kr/arti/economy/economy_general/1275241.html,2026-08-29,한성숙 총리의 장위14구역 재개발 현장 방문에 동행함,1
김남희,"민주, 제주 찾아 ""경찰 시스템 문제...개혁 노력""",ytn.co.kr,https://www.ytn.co.kr/_ln/0101_202608290014101442,2026-08-29,제주경찰청장을 면담하고 이번 사건의 진상 규명과 제도 개혁을 촉구함,1
구자근,거제서 수해복구 봉사하는 구자근 의원,news1.kr,https://www.news1.kr/photos/8078115,2026-08-29,경남 거제시 폭우 피해 현장을 방문해 수해 복구 봉사활동을 실시함,1
김병기,부실수사에 사건 암장까지…불신 자초한 경찰,yonhapnewstv.co.kr,http://www.yonhapnewstv.co.kr/news/MYH20260829084528xMg,2026-08-29,13개 의혹에 대한 경찰 수사가 1년 가까이 결론을 내리지 못해 정치권 눈치보기 비판을 받음,1
김남희,죽은 이와 통화했다고?‥'부검' 들이대자 '시인',imnews.imbc.com,https://imnews.imbc.com/replay/2026/nwtoday/article/6848190_37012.html,2026-08-29,제주 사건 현장을 방문해 경찰의 실종자 처리 매뉴얼 등 시스템 개선을 촉구함,2
권영진,네팔 대홍수에 국민 피해도…李 수습 총력,news.tf.co.kr,https://news.tf.co.kr/read/ptoday/2359365.htm,2026-08-29,당원권 정지 중징계를 받은 후 정치보복성 징계라며 반발함,1
김민전,전직 대통령에 손 내민 국민의힘… '원로 정치'로 보수 결집,newscj.com,https://www.newscj.com/news/articleView.html?idxno=3428591,2026-08-29,박근혜 전 대통령의 발언을 호평하고 윤석열 전 대통령의 재회를 바람,1
곽상언,“범죄 피해자가 왜 민주당 세력 다툼까지 챙겨야 하나”,shindonga.donga.com,https://shindonga.donga.com/3/all/13/6364639/1,2026-08-29,범죄 피해자 관련 행사에 공동 주최자로 이름을 올림,1
구자근,거제 수해복구현장서 봉사활동하는 구자근 의원,news1.kr,https://www.news1.kr/photos/8078124,2026-08-29,폭우 피해를 입은 경남 거제시 고현동 건물에서 수해 복구 활동을 진행함,2
권영진,"절윤 NO, 사과 NO, 사퇴 NO, 징계 YES…20%대 지지율 갇힌 ‘그들만의 리...",joongang.co.kr,https://www.joongang.co.kr/article/25457169,2026-08-29,원내대표 멱살잡이 사건으로 소속 정치 모임이 이미지 타격을 입음,1
김교흥,"외국인 ‘연금 꼼수’ 추납 신청 상반기 994건, 80%가 중국동포",donga.com,https://www.donga.com/news/Politics/article/all/20260828/134560522/2,2026-08-28,외국인 국민연금 추납 신청 증가와 관련된 자료를 공개함,1
권영세,"유승민, 권영세와 오찬…""당 방향성 걱정…수도권 선거 어려울 수 있어...",news.jtbc.co.kr,https://news.jtbc.co.kr/article/NB12315646?influxDiv=NAVER,2026-08-28,유승민 전 의원과 오찬 회동을 갖고 당의 방향성과 수도권 선거에 대한 우려를 나눔,1
권영세,‘800조 예산’ vs ‘3% 금리’…논란 잠재울 열쇠는 ‘잠재성장률’ [정...,biz.heraldcorp.com,https://biz.heraldcorp.com/article/10855316?ref=naver,2026-08-28,한국은행으로부터 중립금리 수준에 관한 서면답변서를 제출받음,1
권영세,"'보수 통합' 띄운 유승민, 권영세와 오찬…""당 방향성 걱정""",newsis.com,https://www.newsis.com/view/NISX20260828_0003767617,2026-08-28,유승민 전 국민의힘 의원과 오찬을 갖고 당의 운영 방향에 대한 의견을 나눔,1
강득구,당정청 원팀 위한 與 워크숍에서 실시간으로 공개된 '석청 갈...,newspim.com,https://www.newspim.com/news/view/20260828000547,2026-08-28,국회의원 워크숍에서 감사패를 받음,1
권영세,"유승민, 5선 중진 권영세와 오찬 회동…""당 방향성 걱정""",news1.kr,https://www.news1.kr/politics/assembly/6273185,2026-08-28,유승민 전 의원과 오찬 회동을 통해 향후 당 운영 방향 등을 논의함,1
권영세,"유승민, 권영세와 오찬 ""당 방향성 걱정""…구주류 의원들과 연쇄회동",news.tvchosun.com,https://news.tvchosun.com/site/data/html_dir/2026/08/28/2026082890176.html,2026-08-28,유승민 전 의원과의 오찬에서 당의 방향성에 대한 우려를 표명함,1
김교흥,"김교흥, 국회 예결위서 GTX-D·E·인천대 의전원 정부 대책 촉구",viva100.com,https://www.viva100.com/article/20260828500119,2026-08-28,국회 예산결산특별위원회에서 GTX 확충과 인천지역 현안 해결을 촉구함,1
김건,"""경제안보·기술패권 시대에 걸맞은 외교체계 필요...분야별 전문 외교...",pinpointnews.co.kr,https://www.pinpointnews.co.kr/news/articleView.html?idxno=481480,2026-08-28,경제안보 및 기술패권 시대에 걸맞은 전담대사 임용을 위한 '외무공무원법' 개정안 대표발의,1
김남국,"경기도교육청, 국회서 청소년 SNS 보호 해법 논의",mbn.co.kr,http://www.mbn.co.kr/pages/vod/programContents.php?progCode=683&menuCode=4385&bcastSeqNo=1427671,2026-08-28,청소년 SNS 규제 해법을 논의하기 위해 경기도교육청 등과 공동으로 토론회를 주최함,2
권칠승,"與, 특위 추가 인선…주택시장안정화TF 한정애·권칠승 공동단장",sedaily.com,https://www.sedaily.com/article/20084388?ref=naver,2026-08-28,주택시장안정화 TF 공동단장에 임명됨,1
김석기,"TK 국회의원, 이제는 '웰빙 정치'와 결별해야",imaeil.com,https://www.imaeil.com/page/view/2026082412445792281,2026-08-28,대여 투쟁에 적극적으로 나서지 않는 중진 의원 중 한 명으로 언급됨,1
곽규택,부산대병원 중증-응급 의료 인프라 확충,donga.com,https://www.donga.com/news/Society/article/all/20260827/134559120/2,2026-08-28,부산대병원 중증 및 응급 의료 인프라 확충을 위한 국비 지원과 예산 반영의 중요성을 강조함,1
김영배,"민주당 경찰개혁추진단, 제주서 첫 현장점검",newsroad.co.kr,http://www.newsroad.co.kr/news/articleView.html?idxno=63551,2026-08-28,민주당 경찰개혁추진단과 함께 제주를 찾아 부실 수사 경위를 점검함,1
김승수,"김승수 ""용산공원 아파트 건립, 문체부 패싱 심각""",gukjenews.com,https://www.gukjenews.com/news/articleView.html?idxno=3677653,2026-08-28,국토부의 용산공원 아파트 건립 추진에 대한 문체부 패싱과 편중 예산을 비판함,1
김승수,"김승수의원 등 13인, 고등교육법 일부개정법률안 제안",lawissue.co.kr,http://www.lawissue.co.kr/view.php?ud=202608281650547960b50722e900_12,2026-08-28,고등교육법 일부개정법률안을 제안함,1
김건,"폴리뉴스 창간 26주년…강원택 ""승자독식 넘어 분권·협치 정치로""",wolyo.co.kr,https://www.wolyo.co.kr/news/articleView.html?idxno=317044,2026-08-28,폴리뉴스 창간 26주년 행사에 여야 정치권 인사로 참석,1
김영배,"여야, 제주경찰청 방문…실종 사건 대응 '극과 극'",jejumaeil.net,https://www.jejumaeil.net/news/articleView.html?idxno=404132,2026-08-28,여야 의원들과 함께 제주경찰청을 방문해 경찰 지휘부를 면담함,1
김교흥,"강원택 ""4년 중임제 개헌보다 분권형 ...",polinews.co.kr,https://www.polinews.co.kr/news/articleView.html?idxno=741353,2026-08-28,폴리뉴스 창간 26주년 초청특강 행사에 참석함,1
김성환,"김보라 안성시장, 환경부 장관과 현장 돌며 해법 찾기…“지역 불이익 ...",beyondpost.co.kr,http://www.beyondpost.co.kr/view.php?ud=2026082820381073924c878f8fa1_30,2026-08-28,김성환 기후에너지환경부 장관과 함께 안성시 지역 현장을 방문해 주민 의견을 청취하고 해결 방안을 논의함,1
김성원,野 ‘호남 반도체’ 투자 청문회 추진…이재용·최태원 증인 검토,asiatime.co.kr,https://www.asiatime.co.kr/article/20260828500357,2026-08-28,호남 반도체 투자 의혹과 관련해 이재용 삼성전자 회장과 최태원 SK그룹 회장을 증인으로 하는 청문회 개최를 검토함,1
김병기,"김병기 前보좌관 ""수사 지연 국수본 직무유기 감찰해야"" 청원",yna.co.kr,https://www.yna.co.kr/view/AKR20260828109900004?input=1195m,2026-08-28,전직 보좌관이 경찰의 수사 지연에 대해 국수본의 직무유기 감찰을 청원함,1
권칠승,"정부의 '재정 확대', 신중하게 추진해야",weekly.hankooki.com,https://weekly.hankooki.com/news/articleView.html?idxno=7180928,2026-08-28,2027년 예산안 당정 협의에 참석함,1
김병기,"""경찰은 정권의 사냥견인가""… 국민의힘 특위, 서울경찰청 광수단 앞서...",fntoday.co.kr,https://www.fntoday.co.kr/news/articleView.html?idxno=391478,2026-08-28,국민의힘 특위가 수사팀의 편파 수사 의혹을 제기함,1
김민전,"""박근혜 감동 그 자체, 윤석열도 보고 싶다""‥""면회를 가라""",imnews.imbc.com,https://imnews.imbc.com/replay/2026/nwdesk/article/6848147_37004.html,2026-08-28,박근혜·윤석열 전 대통령 관련 SNS 글로 야당의 비판을 받음,1
김성원,"野산자위, 호남 반도체 관련 “이재용·최태원 불러 청문회 열 것”",donga.com,https://www.donga.com/news/Politics/article/all/20260828/134565014/1,2026-08-28,정부가 추진하는 호남 반도체 클러스터 투자와 관련해 이재용·최태원 회장을 부르는 청문회를 추진하기로 함,1
김민전,“국회 ‘백골단’ 몰고 온” 김민전…박근혜 만난 뒤 “윤석열도 보고...,hani.co.kr,https://www.hani.co.kr/arti/politics/politics_general/1275157.html,2026-08-28,박근혜 전 대통령을 만난 뒤 윤석열 전 대통령을 뵙고 싶다는 글을 올려 야권의 비판을 받음,1
김교흥,"폴리뉴스 창간 26주년...여야·재계 총출동, 강원택 교수 특강으로 정치...",insight.co.kr,https://www.insight.co.kr/news/570776,2026-08-28,폴리뉴스 창간 26주년 행사에 참석함,1
김병기,‘권력자·범죄자에 좋은 나라’ 예고편[이현종의 시론],munhwa.com,https://www.munhwa.com/article/11612798?ref=naver,2026-08-28,관련 사건 경찰 수사가 11개월째 지연되고 있다는 지적이 제기됨,1
김병주,"김병주의원ㆍ유용원의원 등 17인, 방위산업 발전 및 지원에 ...",lawissue.co.kr,http://www.lawissue.co.kr/view.php?ud=202608281639219255b50722e900_12,2026-08-28,방위산업 발전 및 지원에 관한 법률 일부개정법률안을 제안함,1
곽규택,자본시장법 개정안 시행 전 3개월…공정가액 도입 전 '막차 합병' 나오...,straightnews.co.kr,https://www.straightnews.co.kr/news/articleView.html?idxno=309964,2026-08-28,에어부산 합병과 관련해 독립적인 공정가치 평가 실시 촉구,1
박준태,출입 막자 항의하는 국민의힘 의원들,news1.kr,https://www.news1.kr/photos/8077653,2026-08-28,제주경찰청을 방문해 경찰의 출입 제한 조치에 항의함,1
김교흥,"폴리뉴스 창간 26주년…강원택 ""승자독식 넘어 분권·협치 정치로""",wolyo.co.kr,https://www.wolyo.co.kr/news/articleView.html?idxno=317044,2026-08-28,폴리뉴스 창간 26주년 행사에 참석함,1
김병기,"""전현직 국수본부장 감찰하라""…김병기 전 보좌진, 국경위 청원...",news.sbs.co.kr,https://news.sbs.co.kr/news/endPage.do?news_id=N1008726794&plink=ORI&cooper=NAVER,2026-08-28,전직 보좌관이 의혹 관련 사건 처리 점검을 촉구하며 전현직 국수본부장 감찰 청원을 제기함,1
구자근,"‘호남 반도체’ 정쟁 대상 되나…국힘, 이재용·최태원 청문회 추진",sedaily.com,https://www.sedaily.com/article/20084639?ref=naver,2026-08-28,국민의힘 산자위 야당 간사로서 호남 반도체 투자 관련 이재용·최태원 청문회 개최에 동의함,1
김민전,"'탄핵' 박근혜 모신 국힘 ""전직 대통령 오니 부럽나?""",news.jtbc.co.kr,https://news.jtbc.co.kr/article/NB12315644?influxDiv=NAVER,2026-08-28,SNS에 올린 전 대통령 관련 언급이 비하인드 뉴스로 다뤄짐,1
김민전,"박근혜로 시작, 박근혜로 끝난 국힘 연찬회... 다음은 이명박",ohmynews.com,https://www.ohmynews.com/NWS_Web/View/at_pg.aspx?CNTN_CD=A0003262702&CMPT_CD=P0010&utm_source=naver&utm_medium=newsearch&utm_campaign=naver_news,2026-08-28,페이스북을 통해 박근혜 전 대통령의 발언에 감동을 표하고 윤석열 대통령을 다시 뵙길 바란다고 적음,1
김병주,"공보의·군의관 줄지 않는 '3년' 복무…의료계, 국회와 여론 환기 총력",doctorsnews.co.kr,http://www.doctorsnews.co.kr/news/articleView.html?idxno=166040,2026-08-28,국방위원회 간사로서 군의관과 공보의 복무기간 관련 현안에 관여함,1
김성원,"野 ""이재용·최태원 불러 … 호남 반도체 압력 묻겠다""",mk.co.kr,https://www.mk.co.kr/article/12139083,2026-08-28,호남 반도체 클러스터 투자 의혹을 규명하기 위해 이재용·최태원 회장 청문회를 추진한다고 밝힘,1
김병기,"김병기 전 보좌관 ""수사 지연 국수본 감찰해야"" 청원",ytn.co.kr,https://www.ytn.co.kr/_ln/0103_202608281827495372,2026-08-28,수사 지연을 이유로 전직 보좌관이 수사심의위 신청에 이어 전·현직 국수본부장 감찰을 요구함,1
김승수,김승수 국힘 의원 “어린이공원도 안된다던 민주당··· 아파트는 되나...,mk.co.kr,https://www.mk.co.kr/article/12138621,2026-08-28,용산공원 아파트 건립 추진과 관련해 민주당의 태도를 비판함,1
김동아,"참고인 조사 없이 실종 허위 종결 허점...與 ""반드시 제도 개선""",samdailbo.com,http://www.samdailbo.com/news/articleView.html?idxno=269586,2026-08-28,제주 실종 사건 현장 면담에 참석해 제도 개선의 필요성을 언급함,1
김민전,박근혜 '단합' 메시지 놓고도…국힘 계파 '동상이몽',yonhapnewstv.co.kr,http://www.yonhapnewstv.co.kr/news/MYH20260828205341auz,2026-08-28,SNS를 통한 윤석열 전 대통령 관련 발언으로 당내 논란을 빚음,1
권칠승,"與, 한반도 평화 신전략 특위 구성…주택안정화TF 단장 한정애·권칠승",mt.co.kr,https://www.mt.co.kr/politics/2026/08/28/2026082811363026843,2026-08-28,한반도 평화 신전략 특위 및 주택안정화TF 상임부위원장으로 참여함,1
권영세,"""서울 한가운데 국가공원에 아파트라니 … 교통·환경 감당 못해"" [용산...",newdaily.co.kr,https://www.newdaily.co.kr/site/data/html/2026/08/28/2026082800240.html,2026-08-28,용산공원 아파트 건립 반대 목소리에 동참하며 국가공원 조성 원칙 유지 주장,1
김동아,"제주 향한 여야, 경찰개혁 주도권 경쟁",sisaweek.com,https://www.sisaweek.com/news/articleView.html?idxno=237581,2026-08-28,제주경찰청을 방문해 고평기 청장을 면담하고 경찰개혁 주도권 경쟁에 참여함,1
강민국,"[오늘의 국회 에너지 입법 : 한국발전공사 본사, 경남 진주혁신도시 설...",e-platform.net,http://www.e-platform.net/news/articleView.html?idxno=104870,2026-08-28,5개 발전 공기업 통합 및 경남 진주혁신도시에 본사를 설치하는 한국발전공사법안을 대표발의함,1
곽규택,부산·경남 국회의원 활동 소식은?,news.lghellovision.net,http://news.lghellovision.net/news/articleView.html?idxno=552799,2026-08-28,'가업승계법제의 쟁점과 과제' 정책세미나를 개최함,1
김건,"폴리뉴스 창간 26주년 행사 ""미래 정책 플랫폼 도약 선언""",breaknews.com,http://www.breaknews.com/1232281,2026-08-28,폴리뉴스 창간 26주년 행사에 참석,1
김선민,"""MRI 재촬영은 불가피한 선택…획일적 규제 후폭풍 우려""",medicaltimes.com,https://www.medicaltimes.com/Main/News/NewsView.html?ID=1170418&ref=naverpc,2026-08-28,고가 의료장비 재촬영 현황 자료를 통해 동일 상병 30일 이내 CT·MRI 재촬영 비율의 문제점을 지적함,1
김동아,與 “허위 종결한 경찰의 어처구니없는 행태에 국민 분노”,edaily.co.kr,https://www.edaily.co.kr/News/Read?newsId=04401766645551912&mediaCodeNo=257&utm_source=naver&utm_medium=referral&utm_campaign=news_syndication&utm_content=original_article,2026-08-28,경찰의 허위 종결 사건 대응을 점검하고 시스템 문제점 파악을 위해 제주를 방문함,1
김동아,제주 실종사건 경찰 혐의 인정…수사 탄력 전망,jejudomin.co.kr,https://www.jejudomin.co.kr/news/articleView.html?idxno=321802,2026-08-28,제주 실종 사건 현장을 방문하고 고평기 제주경찰청장을 면담함,1
김민전,"범여권, '尹 어서 뵙기를' 국힘에 ""내란수괴 부활이냐"", ""자진 해체하라...",imnews.imbc.com,https://imnews.imbc.com/news/2026/politics/article/6848092_36911.html,2026-08-28,범여권으로부터 윤 전 대통령 관련 발언에 대해 강한 질타와 비판을 받음,1
김미애,"1700조원 육박 법인 토지 보유부담 늘린다…정부 ""제도 개선 추진""",news1.kr,https://www.news1.kr/realestate/general/6272858,2026-08-28,국토교통위원회 자료를 통해 전국 법인 명의 토지 보유 현황을 공개하고 부담 강화 필요성을 언급함,1
김병기,‘김병기 의혹 폭로’ 前보좌관 “수사 지연…전·현 국수본부장 감찰하...,donga.com,https://www.donga.com/news/Society/article/all/20260828/134567046/1,2026-08-28,비위 의혹을 폭로했던 전직 보좌관이 수사 지연을 이유로 전·현직 국가수사본부장 감찰을 청원함,1
김병기,"""국수본부장 감찰해야""…'김병기 의혹 제기' 전 보좌관 청원",news.tf.co.kr,https://news.tf.co.kr/read/life/2359337.htm,2026-08-28,의혹 수사가 11개월 넘게 이어지자 전직 보좌관이 전·현직 국수본부장 감찰을 요구함,1
김동아,제주 '실종 허위종결' 현장 달려간 여야…경찰 질타하며 여론전,yna.co.kr,https://www.yna.co.kr/view/AKR20260828154900001?input=1195m,2026-08-28,제주 실종 사건 현장을 찾아 경찰의 수색 과정과 부실 대응을 보고받음,1
김병기,"김병기 의혹 수사 11개월째…전직 보좌관 ""처리 지연 점검해야""",jnilbo.com,https://www.jnilbo.com/news/articleView.html?idxno=90000060455,2026-08-28,11개월째 이어지는 경찰 수사의 지연을 점검해달라는 전직 보좌관의 청원이 제기됨,1
김병기,"김병기 前 보좌관 “수사 지연, 국수본부장 감찰하라”... 국가경찰위 청...",chosun.com,https://www.chosun.com/national/incident/2026/08/28/HP4BV5NEKVEU3CDAIRHBU5TGR4/?utm_source=naver&utm_medium=referral&utm_campaign=naver-news,2026-08-28,비위 의혹 수사 지연과 관련해 전직 보좌관이 국가경찰위에 전·현직 국수본부장 감찰을 청원함,1
김남준,"민주당, 김어준 '李 지지율 30%대 반등 어렵다' 주장에 ""틀렸다"" 반박",newscj.com,https://www.newscj.com/news/articleView.html?idxno=3428520,2026-08-28,민주당TV는 진보와 중도 진영을 아우르는 열린 콘텐츠 플랫폼이라고 밝힘,1
김건,산·학·연·관 머리 맞댔다…바이오데이터 활성화 토론회,hansbiz.co.kr,http://www.hansbiz.co.kr/news/articleView.html?idxno=860428,2026-08-28,바이오데이터 활용 중개플랫폼 활성화 방안 정책토론회에 참석함,1
권칠승,"한정애·권칠승, 與 주택안정화시장 TF 공동단장",edaily.co.kr,https://www.edaily.co.kr/News/Read?newsId=03322646645551912&mediaCodeNo=257&utm_source=naver&utm_medium=referral&utm_campaign=news_syndication&utm_content=original_article,2026-08-28,더불어민주당 주택안정화시장 태스크포스 공동단장으로 임명됨,1
권칠승,"민주, '주택시장 안정화 TF' 공동단장에 한정애·권칠승",news.tf.co.kr,https://news.tf.co.kr/read/ptoday/2359075.htm,2026-08-28,주택시장 안정화 TF 공동단장에 임명됨,1
강경숙,"""스마트폰 내려놓고 예술·체육 채운다"" 경기도교육청, 국회서 SNS 해법...",cstimes.com,https://www.cstimes.com/news/articleView.html?idxno=718397,2026-08-28,청소년 SNS 문제 해결을 위한 '폰 프리 스쿨' 관련 토론회를 공동주최함,1
강민국,5개 발전공기업 통합 '한국발전공사' 설립 추진…공공 발전체계 재편론...,energydaily.co.kr,https://www.energydaily.co.kr/news/articleView.html?idxno=202620,2026-08-28,5개 발전공기업을 통합하는 '한국발전공사' 설립 법안을 대표발의함,1
강민국,강민국 ‘발전공기업 본사 경남 명시’ 법안 발의,news.kbs.co.kr,https://news.kbs.co.kr/news/pc/view/view.do?ncd=8648616&ref=A,2026-08-28,정부의 발전 공기업 통합 추진과 관련해 주사무소를 경남혁신도시에 두도록 명시한 법안을 대표발의함,1
권영세,‘800조 예산’ vs. ‘3% 기준금리’ 엇박자…논란 잠재울 열쇠는 ‘잠재...,biz.heraldcorp.com,https://biz.heraldcorp.com/article/10855147?ref=naver,2026-08-28,한국은행으로부터 중립금리 수준에 대한 서면답변서를 제출받음,1
김성환,"진주시, ‘남강유역 옥(玉) 학술연구’ 성...",dnews.co.kr,https://www.dnews.co.kr/uhtml/view.jsp?idxno=202608271625217140646,2026-08-28,거제시 고현천댐이 기후부 신규댐으로 선정되는 과정에서 김성환 기후에너지환경부 장관과 지자체장이 면담함,1
김동아,"민주당 경찰개혁추진단, 제주서 첫 현장점검",newsroad.co.kr,http://www.newsroad.co.kr/news/articleView.html?idxno=63551,2026-08-28,민주당 경찰개혁추진단 위원으로 제주를 찾아 부실 수사 경위와 재발 방지 대책을 점검함,1
김동아,"여야, 나란히 제주 실종 현장 방문… 대응은 엇갈려",segye.com,https://www.segye.com/newsView/20260828514090?OutUrl=naver,2026-08-28,여야 제주 실종 현장 방문 일정에 참여해 경찰의 대응 상황을 살피고 경찰청장을 면담함,1
김동아,"민주당 제주 현장 방문…“국민 분노 ‘어마어마’, 경찰개혁 논의하겠...",news.kbs.co.kr,https://news.kbs.co.kr/news/pc/view/view.do?ncd=8649076&ref=A,2026-08-28,제주 여성 실종 사건 발생 현장을 방문해 경찰의 수색 과정과 시스템 문제점을 보고받음,1
김남국,"""스마트폰 내려놓고 예술·체육 채운다"" 경기도교육청, 국회서 SNS 해법...",cstimes.com,https://www.cstimes.com/news/articleView.html?idxno=718397,2026-08-28,국회 토론회에서 스마트폰과 소셜미디어 관련 해외 입법 동향과 연령별 보호 방안을 발제함,1
김영배,"참고인 조사 없이 실종 허위 종결 허점...與 ""반드시 제도 개선""",samdailbo.com,http://www.samdailbo.com/news/articleView.html?idxno=269586,2026-08-28,제주 실종 사건 현장을 방문해 제도 개선을 촉구함,1
김미애,"국힘 ""내일 파괴하는 李 국정운영 맞설 것""…결의문 채택",edaily.co.kr,https://www.edaily.co.kr/News/Read?newsId=03358726645551912&mediaCodeNo=257&utm_source=naver&utm_medium=referral&utm_campaign=news_syndication&utm_content=original_article,2026-08-28,국민의힘 연찬회에서 정책위부의장으로 임명되어 상임위 연계 정책 및 입법을 맡게 됨,1
강대식,"폴리뉴스 창간 26주년...여야·재계 총출동, 강원택 교수 특강으로 정치...",insight.co.kr,https://www.insight.co.kr/news/570776,2026-08-28,폴리뉴스 창간 26주년 기념식에 참석함,1
강민국,통합 발전공기업 본사 유치에 정치권도 움직인다…법률에 '본사 위치' 명...,e-platform.net,http://www.e-platform.net/news/articleView.html?idxno=104882,2026-08-28,한국발전공사 본사를 진주시에 두는 내용을 담은 '한국발전공사법안'을 대표발의함,1
김병기,"김병기 전 보좌진, 전현직 국수본부장 감찰 청원…""정치적 고려 확인해...",news1.kr,https://www.news1.kr/society/incident-accident/6272860,2026-08-28,의혹 폭로 전직 보좌진이 수사 과정의 정치적 고려 개입 여부 확인을 위한 국수본부장 감찰을 청원함,1
김교흥,"폴리뉴스 창간 26주년 행사 ""미래 정책 플랫폼 도약 선언""",breaknews.com,http://www.breaknews.com/1232281,2026-08-28,폴리뉴스 창간 26주년 행사에 참석함,1
김성환,"김보라 안성시장 ""국가산단 부담 안성에 집중""...기후부 장관에 규제·피...",ajunews.com,https://www.ajunews.com/view/20260828180511577,2026-08-28,김성환 기후에너지환경부 장관이 안성시를 찾아 유천취수장과 송전선로·LNG발전소 예정 부지 등을 현장 시찰함,1
김성원,"‘호남 반도체’ 정쟁 대상 되나…국힘, 이재용·최태원 청문회 추진",sedaily.com,https://www.sedaily.com/article/20084639?ref=naver,2026-08-28,호남 반도체 클러스터 투자와 관련해 이재용 삼성전자 회장과 최태원 SK그룹 회장의 청문회 개최를 추진함,1
김남국,"경기도교육청, 국회서 청소년 SNS 보호 해법 모색 '폰 프리 스쿨' 확대",lecturernews.com,https://www.lecturernews.com/news/articleView.html?idxno=209468,2026-08-28,청소년 SNS 규제에 대한 해외 입법 동향과 시사점을 발표하고 국내 적용 방안을 제안함,1
김영배,與 “허위 종결한 경찰의 어처구니없는 행태에 국민 분노”,edaily.co.kr,https://www.edaily.co.kr/News/Read?newsId=04401766645551912&mediaCodeNo=257&utm_source=naver&utm_medium=referral&utm_campaign=news_syndication&utm_content=original_article,2026-08-28,제주 실종 사건 현장을 찾아 경찰의 시스템상 문제를 지적함,1
김건,바이오데이터 활용 중개플랫폼 활성화 방안 정책 토론회,newdaily.co.kr,https://www.newdaily.co.kr/site/data/html/2026/08/28/2026082800233.html,2026-08-28,바이오데이터 활용 중개플랫폼 활성화 방안 정책 토론회 참석 및 기념촬영,1
김건,"강원택 ""4년 중임제 개헌보다 분권형 ...",polinews.co.kr,https://www.polinews.co.kr/news/articleView.html?idxno=741353,2026-08-28,폴리뉴스 창간 26주년 초청특강 행사에 참석,1
구자근,"산자위 野, '호남 반도체 투자' 이재용·최태원 청문회 추진",news1.kr,https://www.news1.kr/politics/assembly/6272888,2026-08-28,산자위 야당 간사로서 '호남 반도체 투자'와 관련된 이재용·최태원 청문회 개최에 동의함,1
강경숙,경기도-경기도의회-경기도교육청-경기콘텐츠진흥원,ekn.kr,https://www.ekn.kr/web/view.php?key=20260828020257897,2026-08-28,청소년 스마트폰·SNS 규제 관련 국회 행사를 공동주최함,1
강명구,"'檢 수사권 폐지' 강행한 민주, 제주 실종 사건엔 ""검찰이 보완수사"" [여...",newdaily.co.kr,https://www.newdaily.co.kr/site/data/html/2026/08/28/2026082800246.html,2026-08-28,검찰청 및 보완수사권 폐지로 인해 곧 더 많은 대형 사건들이 터질 것이라고 경고함,1
구자근,"""대통령 총수 소환정치""비판 국민의힘, 삼성 이재용·SK 최태원 '호남 반...",joongangenews.com,https://www.joongangenews.com/news/articleView.html?idxno=543676,2026-08-28,산자위 국민의힘 간사로서 호남 반도체 투자 관련 청문회 개최에 동의함,1
김성환,"안성시, 김성환 기후에너지환경부 장관에 지역 현안 건의…정부 협력 요...",enewstoday.co.kr,http://www.enewstoday.co.kr/news/articleView.html?idxno=2464423,2026-08-28,안성시가 김성환 기후에너지환경부 장관과 함께 지역 현장 현안을 공유하고 정부 협력을 요청함,1
구자근,野 ‘호남 반도체’ 투자 청문회 추진…이재용·최태원 증인 검토,asiatime.co.kr,https://www.asiatime.co.kr/article/20260828500357,2026-08-28,호남 반도체 클러스터 투자 관련 기업 총수 청문회 추진에 야당 간사로서 동의함,1
김병기,"'김병기 의혹 폭로' 前보좌관 ""수사를 1년 가까이…전·현 국수본부장 ...",newsis.com,https://www.newsis.com/view/NISX20260828_0003767237,2026-08-28,전직 보좌관이 경찰 수사 지연을 이유로 전·현직 경찰청 국가수사본부장 감찰을 요구하는 청원을 제기함,1
김남희,여야 잇따라 제주 방문…“‘허위 종결’ 철저히 수사해야”,news.kbs.co.kr,https://news.kbs.co.kr/news/pc/view/view.do?ncd=8649211&ref=A,2026-08-28,제주경찰청 비공개 면담을 통해 허위 종결 사건의 철저한 수사와 대책 마련을 요구함,1
구자근,"대한인플루언서협회, 9월 1일 국회 정책간담회 개최",biz.chosun.com,https://biz.chosun.com/industry/business-venture/2026/08/28/UGU22MJWVBGNDJNPNWDDIH6JX4/?utm_source=naver&utm_medium=original&utm_campaign=biz,2026-08-28,대한인플루언서협회 국회 정책간담회를 공동 주최함,1
김선교,"여주 금사농협, 160억원 규모 신청사 준공… '새로운 100년' 향한 도약",joongboo.com,https://www.joongboo.com/news/articleView.html?idxno=363735087,2026-08-28,여주 금사농협 신청사 준공식에 참석해 테이프 커팅을 진행함,1
권영세,"'보수 통합 행보' 유승민, 권영세와 오찬…""당 방향성 걱정""",yna.co.kr,https://www.yna.co.kr/view/AKR20260828134800001?input=1195m,2026-08-28,유승민 전 의원과 오찬을 갖고 당의 방향성에 대해 논의함,1
권칠승,"민주당, 한반도평화신전략특위 신설…주택시장안정화 TF 한정애·권칠승",news.kbs.co.kr,https://news.kbs.co.kr/news/pc/view/view.do?ncd=8648773&ref=A,2026-08-28,주택시장안정화 태스크포스 공동단장에 임명됨,1
김남준,"민주당, 사실상 '김어준'과 전면전 선언... 돌아가는 분위기가 뭔가 예...",wikitree.co.kr,https://www.wikitree.co.kr/articles/1155707,2026-08-28,민주당TV가 특정 방송 대체용이 아닌 오픈 콘텐츠 플랫폼이라고 설명함,1
김미애,'부동산에 묶인 자금' 돌린다는데…1700조 법인 토지 관리 사각지대,news1.kr,https://www.news1.kr/realestate/general/6272405,2026-08-28,국토교통부 자료를 바탕으로 최근 5년간 법인 명의 토지 보유 현황과 관리 사각지대를 지적함,1
김미애,"폴리뉴스 창간 26주년...여야·재계 총출동, 강원택 교수 특강으로 정치...",insight.co.kr,https://www.insight.co.kr/news/570776,2026-08-28,폴리뉴스 창간 26주년 행사에 참석함,1
김민전,"""파괴적 국정, 단호히 맞설 것""...'윤석열도 어서 뵙길' 논란",ytn.co.kr,https://www.ytn.co.kr/_ln/0101_202608281922122076,2026-08-28,박근혜 전 대통령에 이어 윤석열 전 대통령도 뵙길 바란다는 SNS 글로 당내외 논란을 빚음,1
김병기,"김병기 고소인, ‘국수본 사건 처리 감찰’ 청원",news.kbs.co.kr,https://news.kbs.co.kr/news/pc/view/view.do?ncd=8648965&ref=A,2026-08-28,의혹 폭로 및 고소인인 전직 보좌관이 11개월째 이어지는 경찰 수사의 문제점을 지적하며 감찰을 청원함,1
김장겸,'출입제한'에 항의하는 국민의힘 의원들,news1.kr,https://www.news1.kr/photos/8077651,2026-08-28,제주경찰청을 방문해 경찰의 출입 제한 조치에 항의함,1
김민전,"""사람 줄무늬는 안에 있다""...박근혜 발언 해석 분분 [앵커리포트]",ytn.co.kr,https://www.ytn.co.kr/_ln/0101_202608281626524138,2026-08-28,박근혜 전 대통령 발언 옹호와 윤석열 전 대통령 재회 희망 글 게시로 논란의 중심에 섬,1
김성원,"국회 산자위원장, ‘호남 반도체 투자’ 이재용·최태원 청문회 추진",news.kbs.co.kr,https://news.kbs.co.kr/news/pc/view/view.do?ncd=8649038&ref=A,2026-08-28,호남 반도체 클러스터 투자와 관련해 이재용 삼성전자 회장과 최태원 SK그룹 회장을 증인으로 하는 청문회를 추진함,1
김교흥,제5차 국가철도망 11월 발표...GTX-D Y·E 반영 '주목',news.ifm.kr,https://news.ifm.kr/news/articleView.html?idxno=478114,2026-08-28,제5차 국가철도망 구축계획에 GTX-D Y·E노선 등의 반영을 촉구함,1
김석기,"윤한홍, 경제안보 유망 산업에 '국내생산세액공제 제도' 도입 추진",sejungilbo.com,https://www.sejungilbo.com/news/articleView.html?idxno=59847,2026-08-28,국내생산세액공제 제도 도입 법안 공동발의,1
권영세,"이종배 등 13인 ""채용과정에서 구직자의 지식재산 보다...",jeonmae.co.kr,https://www.jeonmae.co.kr/news/articleView.html?idxno=1287968,2026-08-28,구직자 지식재산 관련 법안 공동발의,1
김남희,경찰개혁 한목소리...방법은 글쎄?,jibs.co.kr,https://www.jibs.co.kr/news/replay/viewNewsReplayDetail/2026082817244041041?feed=na,2026-08-28,경찰개혁추진단장으로서 실종자 시신 발견 현장을 찾아 경찰의 본연의 역할 회복을 강조함,1
김남준,"유시민 이어 유인태도 고개 절레절레 “민주당이 조폭이냐, 왜 저러냐”",wikitree.co.kr,https://www.wikitree.co.kr/articles/1155691,2026-08-28,당의 모든 행사를 90도 절로 시작하자고 제안한 것으로 언급됨,1
김건,"""데이터는 쌓여 있는데 흐르지 못한다""…바이오데이터 활용 막는 '표준...",mkhealth.co.kr,http://www.mkhealth.co.kr/news/articleView.html?idxno=79825,2026-08-28,국회 연구단체 'AI와 우리의 미래' 대표의원으로 바이오데이터 활용 토론회를 주최함,1
김동아,"여야, 제주경찰청 방문…실종 사건 대응 '극과 극'",jejumaeil.net,https://www.jejumaeil.net/news/articleView.html?idxno=404132,2026-08-28,더불어민주당 경찰개혁추진단 소속으로 제주경찰청을 방문해 실종 사건 대응을 점검하고 지휘부를 면담함,1
김건,"폴리뉴스 창간 26주년...여야·재계 총출동, 강원택 교수 특강으로 정치...",insight.co.kr,https://www.insight.co.kr/news/570776,2026-08-28,폴리뉴스 창간 26주년 행사에 참석함,1
강선우,"제명은 '산넘어 산', 속으로 웃는 이진숙",ohmynews.com,https://www.ohmynews.com/NWS_Web/View/at_pg.aspx?CNTN_CD=A0003262315&CMPT_CD=P0010&utm_source=naver&utm_medium=newsearch&utm_campaign=naver_news,2026-08-28,보좌진 갑질 의혹으로 징계안 계류,1
김대식,"윤한홍, 경제안보 유망 산업에 '국내생산세액공제 제도' 도입 추진",sejungilbo.com,https://www.sejungilbo.com/news/articleView.html?idxno=59847,2026-08-28,국내생산세액공제 제도 도입 법안 공동발의,1
김기웅,"이종배 등 13인 ""채용과정에서 구직자의 지식재산 보다...",jeonmae.co.kr,https://www.jeonmae.co.kr/news/articleView.html?idxno=1287968,2026-08-28,구직자 지식재산 채용 관련 공동발의,1
김건,"최수진 의원, 바이오데이터 중개플랫폼 정책 토론회 개최",hg-times.com,https://www.hg-times.com/news/articleView.html?idxno=304814,2026-08-28,바이오데이터 중개플랫폼 토론회 개최,1
김건,"최수진 의원 ""바이오데이터 거래 침체... 안심구역·중개플랫폼 고도화...",pointdaily.co.kr,https://www.pointdaily.co.kr/news/articleView.html?idxno=317166,2026-08-28,바이오데이터 정책 토론회 참석,1
김승수,한 달여 표류 끝…국민의힘 대구시당위원장에 김승수 사실상 내정,yeongnam.com,https://www.yeongnam.com/web/view.php?key=20260828022235023,2026-08-28,국민의힘 대구시당위원장에 사실상 내정됨,1
김영호,"AI시대 소방의 미래는? 미소연, 국회 토론회",edaily.co.kr,https://www.edaily.co.kr/News/Read?newsId=04723206645551912&mediaCodeNo=257&utm_source=naver&utm_medium=referral&utm_campaign=news_syndication&utm_content=original_article,2026-08-28,AI 시대 소방 미래 국회 토론회 개최,1
김병주,방산 현장에 누적돼 온 ‘원가구조의 모순...,news2day.co.kr,https://www.news2day.co.kr/article/20260828500124,2026-08-28,방산 원가구조 개선을 통한 기업 생존 해법 모색 포럼을 주최함,1
김성원,“진짜 이지혜 아냐?” 얼굴·목소리까지 훔친 AI 광고 ‘발칵’,edaily.co.kr,https://www.edaily.co.kr/News/Read?newsId=05457926645551912&mediaCodeNo=257&utm_source=naver&utm_medium=referral&utm_campaign=news_syndication&utm_content=original_article,2026-08-28,AI 합성 초상 및 음성 악용을 방지하는 부정경쟁방지법 개정안을 대표 발의함,1
김민전,"김민전 ""박근혜 말씀 감동 그 자체…윤석열도 어서 다시 뵙길""",news.jtbc.co.kr,https://news.jtbc.co.kr/article/NB12315627?influxDiv=NAVER,2026-08-28,박근혜 전 대통령의 발언에 감동을 표하며 윤석열 대통령도 어서 다시 뵙길 바란다고 페이스북에 글을 올림,1
강경숙,"경기도교육청, 국회서 청소년 SNS 보호 해법 논의",mbn.co.kr,http://www.mbn.co.kr/pages/vod/programContents.php?progCode=683&menuCode=4385&bcastSeqNo=1427671,2026-08-28,청소년 SNS 보호 및 규제 해법 논의를 위한 토론회를 공동주최함,2
강경숙,'황금라인' 전북 정치권....정기국회 첫 '시험대',jtv.co.kr,https://www.jtv.co.kr/news/article.php?id=70817,2026-08-28,국회 예산결산특별위원회 위원으로 활동함,1
김건,"""바이오데이터 활용 높이려면…단순 개방 넘어 신뢰중개기관 필요""",daily.hankooki.com,https://daily.hankooki.com/news/articleView.html?idxno=1400521,2026-08-28,바이오데이터 활용 및 거래 기반 마련을 위한 정책 토론회 공동 주최,1
김영배,제주 '실종 허위종결' 현장 달려간 여야…경찰 질타하며 여론전,yna.co.kr,https://www.yna.co.kr/view/AKR20260828154900001?input=1195m,2026-08-28,제주 실종 사건 현장을 방문해 경찰 수사 과정을 점검함,1
김남국,경기도-경기도의회-경기도교육청-경기콘텐츠진흥원,ekn.kr,https://www.ekn.kr/web/view.php?key=20260828020257897,2026-08-28,해외 입법 동향을 바탕으로 한 청소년 연령별 보호기준과 국내 적용 방안을 제시함,1
권칠승,'석청 갈등'에…민생·성장·미래 가려진 민주당 워크숍,edaily.co.kr,https://www.edaily.co.kr/News/Read?newsId=04044246645551912&mediaCodeNo=257&utm_source=naver&utm_medium=referral&utm_campaign=news_syndication&utm_content=original_article,2026-08-28,민주당 정책위의장으로서 정기국회 주요정책 추진 로드맵을 발표함,1
김소희,"국회서 기후테크기업육성 특별법안 발의, 업계 큰 환영",ikld.kr,http://www.ikld.kr/news/articleView.html?idxno=339736,2026-08-28,기후테크기업 육성 및 산업 생태계 조성을 위한 특별법안을 대표발의함,1
김소희,"금융노조 1.5만명 국회 앞 집결…""주4.5일제 도입·지방이전 반대...",newsdream.kr,http://www.newsdream.kr/news/articleView.html?idxno=117110,2026-08-28,금융노조 국회 앞 집회에 참석함,1
곽규택,"경부선 지하화 사업, 부산시 참여 근거 확보…통합 개발 기대",nocutnews.co.kr,https://www.nocutnews.co.kr/news/6569621?utm_source=naver&utm_medium=article&utm_campaign=20260828104327,2026-08-28,경부선 지하화 사업 관련 법안 통과를 환영하며 후속 조치 다짐,1
김미애,1680兆 땅 굴리는 기업들…국토부 현황 파악도 못해,edaily.co.kr,https://www.edaily.co.kr/News/Read?newsId=01751526645551912&mediaCodeNo=257&utm_source=naver&utm_medium=referral&utm_campaign=news_syndication&utm_content=original_article,2026-08-28,국토교통부 제출 자료를 인용해 법인이 보유한 전국 토지 면적의 증가세를 지적함,1
강경숙,"경기도교육청, 국회서 청소년 SNS 보호 해법 모색 '폰 프리 스쿨' 확대",lecturernews.com,https://www.lecturernews.com/news/articleView.html?idxno=209468,2026-08-28,청소년 SNS 보호 해법을 다룬 국회 토론회를 공동주최함,1
김영배,"민주당 제주 현장 방문…“국민 분노 ‘어마어마’, 경찰개혁 논의하겠...",news.kbs.co.kr,https://news.kbs.co.kr/news/pc/view/view.do?ncd=8649076&ref=A,2026-08-28,제주를 찾아 실종신고 허위종결 사건과 관련해 경찰 개혁 해결책을 모색하겠다고 밝힘,1
강득구,"남한강을 걷다 ⑥ 두 물이 만나는 곳, 양평",news.skbroadband.com,https://news.skbroadband.com/news/articleView.html?idxno=236320,2026-08-28,남한강 도보 순례에 참여하여 생태와 환경 현안을 살핌,1
김영환,"""서비스산업 선진화 위해 국가 기본틀 마련돼야"" 기본법 필요성 대두",engdaily.com,http://www.engdaily.com/news/articleView.html?idxno=23225,2026-08-28,서비스산업발전기본법 대표 발의,1
김민전,"""2차 피해 배제할 수 없어""...또 덮칠라 '발동동' [뉴스특보]",ytn.co.kr,https://www.ytn.co.kr/_ln/0101_202608281629547871,2026-08-28,박근혜 전 대통령 발언 옹호 및 윤석열 전 대통령을 다시 뵙길 바란다는 SNS 글을 올려 논란이 됨,1
김영환,"""서비스산업 선진화, 시급… '서비스산업발전기본법' 제정 서둘러야""",ikld.kr,http://www.ikld.kr/news/articleView.html?idxno=339719,2026-08-28,서비스산업발전기본법 입법 발의,1
김영환,"김태선, 노인복지시설 취득세‧재산세 감면 3년 연장 추진",sejungilbo.com,https://www.sejungilbo.com/news/articleView.html?idxno=59849,2026-08-28,노인복지시설 취득세 감면 연장안 공동발의,1
김건,"제주도, 北에는 한국 아닌 '중국의 지원'이라 속이고 대북 지원...",news.tvchosun.com,https://news.tvchosun.com/site/data/html_dir/2026/08/28/2026082890116.html,2026-08-28,제주도의 북한 대북 지원 이중계약 방식 관련 통일부 자료 확보,1
구자근,"""이재용·최태원 부르자"" 국힘 청문회 카드…국감 증인 신청도 검토",mt.co.kr,https://www.mt.co.kr/politics/2026/08/28/2026082814504013281,2026-08-28,산자위 간사로서 삼성전자 및 SK 총수 증인 채택을 포함한 청문회 개최 방안에 동의함,1
강명구,"민주당, 제주 사건 현장 찾아 ""경찰 개혁"" 외쳤지만…시민사회·학계 '싸...",ngonews.kr,https://www.ngonews.kr/news/articleView.html?idxno=236609,2026-08-28,민주당의 경찰 개혁 주장에 대해 수사권을 독점하게 만들어 권력을 주고 이제 와서 개혁한다는 것은 병 주고 약 주기라고 비판함,1
김영배,"여야, 나란히 제주 실종 현장 방문… 대응은 엇갈려",segye.com,https://www.segye.com/newsView/20260828514090?OutUrl=naver,2026-08-28,여야 제주 실종 현장 방문에 참여하여 대응 방안을 논의함,1
김남희,여야 정치권 현장 방문‥일부 혐의 시인,jejumbc.com,https://jejumbc.com/NewsArticle/859331,2026-08-28,경찰의 실종 신고 허위 폐기에 대해 국민적 분노를 전하며 시스템 개선을 촉구함,1
김병기,"김병기 전 보좌진, 국가경찰위에 청원‥""늑장 수사 책임, 국수본부장 감...",imnews.imbc.com,https://imnews.imbc.com/news/2026/society/article/6848126_36918.html,2026-08-28,1년 가까이 이어지는 의혹 수사와 관련해 전직 보좌진이 국가경찰위에 사건 처리 점검 청원서를 제출함,1
김남준,유인태도 “90도 절? 무슨 조폭집단도 아니고”,munhwa.com,https://www.munhwa.com/article/11612923?ref=naver,2026-08-28,당의 모든 행사를 90도 절로 시작하자고 제안한 것으로 알려짐,1
강명구,"폴리뉴스 창간 26주년...여야·재계 총출동, 강원택 교수 특강으로 정치...",insight.co.kr,https://www.insight.co.kr/news/570776,2026-08-28,폴리뉴스 창간 26주년 행사에 참석함,1
김건,"李대통령, 재외공관장에 신임장 수여 '0회'…靑 ""재외공관장과 소통 강...",newspim.com,https://www.newspim.com/news/view/20260828000266,2026-08-28,대통령의 재외공관장 신임장 수여 관련 의원실 자료 인용 보도,1
김동아,일제히 제주 향한 여야...野 “보완수사권 필요”에 與 “경찰 쇄신”,joongang.co.kr,https://www.joongang.co.kr/article/25457118,2026-08-28,제주 실종 사건 현장을 찾아 경찰 수색 과정을 점검하고 대책을 논의함,1
김성범,실종 사망사건 '뒷북' 급급…제주 정치권도 '실종 위기',view.asiae.co.kr,https://view.asiae.co.kr/article/2026082810352460186,2026-08-28,실종 사망사건 관련 지역 정치권의 늑장 대응과 침묵에 대한 비판이 제기됨,1
김성환,"김성환 기후부 장관, 안성 방문…상수원 규제·송전선로 해법 모색",view.asiae.co.kr,https://view.asiae.co.kr/article/2026082819474571552,2026-08-28,김성환 기후에너지환경부 장관이 안성시를 방문해 상수원보호구역 규제와 송전선로 및 LNG발전소 건설 현안을 점검함,1
김승수,용산공원 주택공급·문체부 지역예산 편중 문제...,newsworker.co.kr,https://www.newsworker.co.kr/news/articleView.html?idxno=501342,2026-08-28,용산공원 주택공급의 문체부 사전 협의 누락과 지역 예산 배분 문제를 제기함,1
김승수,"김승수 의원, 용산공원 아파트 추진 '문체부 패싱' 및 특정지역 예산 편...",view.asiae.co.kr,https://view.asiae.co.kr/article/2026082815254170167,2026-08-28,용산공원 주택공급 추진 과정의 문체부 패싱과 지역 예산 편중을 지적함,1
강민국,발전 5사 합치면 해외사업도 재편… 재생에너지 전략 새판 짠다,the-biz.co.kr,http://www.the-biz.co.kr/news/articleView.html?idxno=726999,2026-08-28,5개 발전공기를 통합해 '한국발전공사'를 설립하는 내용의 한국발전공사법안을 대표발의함,1
김선민,"하후상박이라는 정부,'박'은 확실한데 '후'는 어디 있나",ohmynews.com,https://www.ohmynews.com/NWS_Web/View/at_pg.aspx?CNTN_CD=A0003262700&CMPT_CD=P0010&utm_source=naver&utm_medium=newsearch&utm_campaign=naver_news,2026-08-28,생계급여와 기초연금을 동시 수급한 노인 대부분이 생계급여 감액 조치를 받았다고 지적함,1
김소희,"기후테크 특별법안 발의, 관련 협회 적극 환영 의사",todayenergy.kr,https://www.todayenergy.kr/news/articleView.html?idxno=302147,2026-08-28,기후테크기업 육성 특별법안을 대표발의함,1
김성환,청양 지천댐 건설 발표…주민·지자체 반응은?,news.lghellovision.net,http://news.lghellovision.net/news/articleView.html?idxno=552882,2026-08-28,청양 지천댐 건설 발표와 관련해 김성환 기후부 장관에 대한 사퇴 요구 및 관련 입장이 보도됨,1
강경숙,"청소년 SNS 규제, ‘금지’ 넘어 플랫폼 책임 강화해야",hangyo.com,https://www.hangyo.com/news/article.html?no=109021,2026-08-27,청소년 SNS 규제 및 플랫폼 책임 강화를 위한 토론회를 개최함,1
곽규택,'공정가액' 합병 임박…롯데손보 M&A도 사정권,investchosun.com,https://www.investchosun.com/site/data/html_dir/2026/08/26/2026082680139.html,2026-08-27,합병을 의결한 LCC 3사에 대해 법 개정 취지를 고려한 합병비율 자발적 재검증을 촉구함,1
강경숙,"‘안민석표 폰 프리 스쿨’ 국회로…경기도교육청, 청소년 SNS 보호 해법...",beyondpost.co.kr,http://www.beyondpost.co.kr/view.php?ud=2026082719164180944c878f8fa1_30,2026-08-27,청소년 SNS 보호 해법을 모색하는 국회 토론회를 공동주최함,1
강경숙,"안민석 교육감 ""올해 정기국회서 청소년 SNS 법 개정해달라""",kpinews.kr,https://www.kpinews.kr/newsView/1065619296401075,2026-08-27,청소년 SNS 법 개정을 촉구하는 국회 토론회를 공동주최함,1
곽상언,"""잠시 쉬어야 더 멀리 간다""…전국 청소년상담자 350명, '쉼'에서 내일을...",ngonews.kr,https://www.ngonews.kr/news/articleView.html?idxno=236535,2026-08-27,전국 청소년상담자 행사 및 간담회에 참석함,1
곽상언,'주얼리산업 진흥법' 국회 문턱 넘어…기본계획·등록제 등 제도 마련,businessplus.kr,https://www.businessplus.kr/news/articleView.html?idxno=116028,2026-08-27,주얼리산업 진흥법 제정을 위한 법안을 발의함,1
곽규택,부산역∼부산진역 철도지하화·북항 통합개발 길 열렸다,yna.co.kr,https://www.yna.co.kr/view/AKR20260827067200051?input=1195m,2026-08-27,대표발의한 특별법 개정안 본회의 통과로 부산시의 철도지하화 및 북항재개발 연계 통합 개발 기반이 마련됨,1
곽상언,"영호남 산업 전기료, 최대 10% 인하 혜택",seoul.co.kr,https://www.seoul.co.kr/news/economy/2026/08/27/20260827001007?wlog_tag3=naver,2026-08-27,한전으로부터 영호남 산업 전기료 인하 혜택 관련 자료를 제출받음,1
김선교,"“늘어난 세수, 농업·농촌에 써야”…농식품부 업무보고 주요 내용",nongmin.com,https://www.nongmin.com/article/20260826500571,2026-08-27,당정이 만든 농협 개혁안에 대해 구성원 의견 수렴과 국회 공청회 진행을 제안함,1
김대식,"지역 현안 고리로 뭉친 국힘 부산 의원들…""공동 대응 총력""",busan.com,https://www.busan.com/view/busan/view.php?code=2026082710543884044,2026-08-27,에어부산 등 통합 LCC 합병 문제와 관련해 산업은행과 대한항공을 지적하며 공동 대응에 나섬,1
김건,"李대통령, 취임 1년간 공관장 신임장 수여 ‘0회’",kmib.co.kr,https://www.kmib.co.kr/article/view.asp?arcid=9000006849&cp=nv,2026-08-27,의원실을 통해 대통령의 취임 1년간 공관장 신임장 수여 0회 자료 입수 및 공개,1
곽규택,‘툭하면 변경’ 항공 슬롯 성적표 매긴다… ‘평가→운수권 배분’ 연...,viva100.com,https://www.viva100.com/article/20260827501148,2026-08-27,항공사 슬롯 준수 여부를 평가해 운수권 배분에 반영하는 항공사업법 개정안을 대표발의함,1
강승규,"CPTPP 가입 검토에 여야 ""농업 피해부터 면밀히 따져야""",agrinet.co.kr,https://www.agrinet.co.kr/news/articleView.html?idxno=406713,2026-08-27,CPTPP 가입 검토와 관련해 농촌 지역의 피해와 패닉 상태를 지적함,1
김미애,"국힘, 정기국회 '민생경제 100일 총력전'…대여 공세 예고",edaily.co.kr,https://www.edaily.co.kr/News/Read?newsId=04860966645551584&mediaCodeNo=257&utm_source=naver&utm_medium=referral&utm_campaign=news_syndication&utm_content=original_article,2026-08-27,국민의힘 정기국회 대비 정책위부의장 및 국민동행 정조위원장으로 임명됨,1
곽상언,'주얼리산업 진흥법' 국회 문턱 넘었다...기본계획·등록제 등 제도,sisunnews.co.kr,http://www.sisunnews.co.kr/news/articleView.html?idxno=244972,2026-08-27,주얼리산업 기반조성 및 진흥에 관한 법률안 병합·조정안 국회 통과에 참여함,1
권영세,"서울시, 탄천·그린벨트 '대안' 제시 ... 용산공원 제외하고 1.8만가구",queen.co.kr,http://www.queen.co.kr/news/articleView.html?idxno=462327,2026-08-27,서울시와 함께 용산공원 부지 대신 국군재정관리단 등 3곳을 주택 공급 후보지로 제안함,1
김남국,“대통령 재판취소로 이어질 것”,kyeongin.com,https://www.kyeongin.com/article/1769813,2026-08-27,청소년 SNS 규제 토론회에서 해외 입법동향을 소개하고 적절한 규제 방법 마련을 제언함,1
강경숙,"이동현 평택대 총장, 외국인 유학생 '유치 넘어 취업·정착까지'...지역...",ajunews.com,https://www.ajunews.com/view/20260827172447580,2026-08-27,외국인 유학생 정책 개선을 위한 국회 세미나를 공동주최함,1
강경숙,"경기도교육청, 국회서 청소년 SNS 해법 제시…'폰 프리 스쿨' 300교로 확...",suwonilbo.kr,http://www.suwonilbo.kr/news/articleView.html?idxno=317772,2026-08-27,청소년 SNS 보호 토론회를 공동주최하고 '폰 프리 스쿨' 확대를 논의함,1
김기표,"새 법무장관에 '대장동 변호인' 하마평 … 李, '공소 취소' 해결사 호출...",newdaily.co.kr,https://www.newdaily.co.kr/site/data/html/2026/08/27/2026082700216.html,2026-08-27,'대장동 변호사 5인' 및 친명계 인사로 언급됨,1
강선영,흙과 불로 빚은 시간…성수동서 만나는 '한얼 이호영 도예전',edaily.co.kr,https://www.edaily.co.kr/News/Read?newsId=04559206645551584&mediaCodeNo=257&utm_source=naver&utm_medium=referral&utm_campaign=news_syndication&utm_content=original_article,2026-08-27,이호영 도예전 개막식에 참석함,1
김선민,"국회·시민사회 ""부동산 세제 개편안 재검토해야""",junggi.co.kr,https://www.junggi.co.kr/news/articleView.html?idxno=37581,2026-08-27,시민사회단체와 함께 기자회견을 열고 부동산 부자 감세 중단 및 보유세 정상화를 요구함,1
강선영,"""잠시 쉬어야 더 멀리 간다""…전국 청소년상담자 350명, '쉼'에서 내일을...",ngonews.kr,https://www.ngonews.kr/news/articleView.html?idxno=236535,2026-08-27,전국 청소년상담자 '쉼' 행사에 참석해 현장 목소리에 귀를 기울임,1
권영세,용산공원 안 짓고도 최대 1.8만가구…탄천·그린벨트 '대안' 부상,news1.kr,https://www.news1.kr/realestate/general/6270362,2026-08-27,서울시와 공동으로 용산공원 제외 지역을 주택 공급 대안 부지로 제안함,1
곽규택,"곽규택 의원 ""철도지하화특별법 국회 본회의 통과…지역 발전 초석""",newspim.com,https://www.newspim.com/news/view/20260827000579,2026-08-27,대표발의한 철도지하화특별법 개정안의 국회 본회의 통과를 지역 발전의 초석이라고 강조함,1
강경숙,"경기도교육청, '폰 프리 스쿨' 300교로 확대… SNS 보호 논의 반영",safetynews.co.kr,https://www.safetynews.co.kr/news/articleView.html?idxno=250246,2026-08-27,청소년 SNS 보호 해법을 다룬 국회 토론회를 공동주최함,1
강대식,강대식 의원 “TK 신공항 지원 이중 잣대”,news.kbs.co.kr,https://news.kbs.co.kr/news/pc/view/view.do?ncd=8647469&ref=A,2026-08-27,정부의 TK 신공항 지원과 광주 군공항 지원 방식의 이중 잣대를 비판함,1
강명구,"박근혜, 국힘 연찬회서 통합 강조…“내부 분열만큼 무서운 적 없다”",joongang.co.kr,https://www.joongang.co.kr/article/25456817,2026-08-27,박근혜 전 대통령의 연찬회 통합 강조 발언에 대해 보수 결집 효과와 통합의 메시지가 와닿았다고 평가함,1
김미애,"민주 ""입법전쟁"" 국힘 ""7대 실정 대응""…정기국회 앞 전열 정비(종합)",news1.kr,https://www.news1.kr/politics/assembly/6272013,2026-08-27,국민의힘 연찬회에서 정책위 부의장으로서 정조위를 맡아 내실 있는 운영을 다짐함,1
강명구,‘제주 실종 허위 종결’ 해법에…여 “성인실종법 처리”·야 “보완수...,news.kbs.co.kr,https://news.kbs.co.kr/news/pc/view/view.do?ncd=8647883&ref=A,2026-08-27,보완수사권이 폐지되면 경찰의 부실·늑장 수사와 사건 암장이 더 늘어날 것이라고 우려함,1
고민정,"‘초등 1·2학년 오후 3시 하교’…교원단체, 교사들이 반대하는 이유는",joongang.co.kr,https://www.joongang.co.kr/article/25456789,2026-08-27,초등학생 오후 3시 하교 관련 국회 토론회 참석,1
고민정,이재명 정부 2차 개각… '충청권 인사' 발탁으로 국정 쇄신 동력 얻나,jbnews.com,https://www.jbnews.com/news/articleView.html?idxno=1510245,2026-08-27,교육부 장관 후보 하마평 거론,1
고민정,"이동현 평택대 총장, 외국인 유학생 '유치 넘어 취업·정착까지'...지역...",ajunews.com,https://www.ajunews.com/view/20260827172447580,2026-08-27,외국인 유학생 정책 관련 세미나를 공동주최함,1
김선교,"""농특세 지켜야""…세수 증가분 미래대응기금 활용 우려",agrinet.co.kr,https://www.agrinet.co.kr/news/articleView.html?idxno=406712,2026-08-27,농협 개혁안 추진 과정에서 조합원 의견 수렴과 공청회 개최를 제안함,1
김교흥,"인천 서북부 철도망 운명, 11월 안에 판가름",incheonilbo.com,https://www.incheonilbo.com/news/articleView.html?idxno=1330644,2026-08-27,국회 예결위 질의를 통해 제5차 국가철도망 계획의 10~11월 발표 입장을 이끌어냄,1
김선민,"""고가주택 감세 중단하라""…국회·시민사회 한목소리",intn.co.kr,http://www.intn.co.kr/news/articleView.html?idxno=2052850,2026-08-27,고주택 감세 중단과 종부세 과세기준 상향 재검토를 촉구하는 국회 기자회견에 참여함,1
고동진,"국민의힘, '반쪽 연찬회' 우려 불식…박근혜 등판해 '화합' 부각",dailian.co.kr,https://www.dailian.co.kr/news/view/1683356/?sc=Naver,2026-08-27,국민의힘 연찬회에 참석해 당의 단합과 화합에 무게를 실음,1
김기표,“여야가 함께 드리블하고 골 넣읍시다”... 축구로 하나 된 국회,edaily.co.kr,https://www.edaily.co.kr/News/Read?newsId=01115206645551584&mediaCodeNo=257&utm_source=naver&utm_medium=referral&utm_campaign=news_syndication&utm_content=original_article,2026-08-27,여야 국회의원 축구 친선경기에 선수로 참가함,1
김성범,"""제주 경찰 치안시스템 총체적 붕괴""…제주 야당들 일제히 비판",news1.kr,https://www.news1.kr/local/jeju/6271565,2026-08-27,제주 경찰 치안 시스템 붕괴와 관련해 야당들로부터 총력 대응 촉구를 받음,1
김기표,민주당 법사위 10명 중 1명만 '공소취소' 찬성,ohmynews.com,https://www.ohmynews.com/NWS_Web/View/at_pg.aspx?CNTN_CD=A0003262247&CMPT_CD=P0010&utm_source=naver&utm_medium=newsearch&utm_campaign=naver_news,2026-08-27,더불어민주당 법제사법위원회 위원으로 소속됨,1
김성범,"“늘어난 세수, 농업·농촌에 써야”…농식품부 업무보고 주요 내용",nongmin.com,https://www.nongmin.com/article/20260826500571,2026-08-27,농식품부 업무보고에서 늘어난 세수의 농업·농촌 활용과 현실성 있는 가뭄 위기 대응을 주문함,1
김성범,이창흠 기후경제부지사 인사청문회 쟁점은?,news.kbs.co.kr,https://news.kbs.co.kr/news/pc/view/view.do?ncd=8647399&ref=A,2026-08-27,지방선거 당시 정치인 후원금 적절성 논란과 관련이 언급됨,3
김승수,"카카오엔터, 제9차 불법유통 백서 발간…공식체계 '다크체이서' 구축",nc.press,https://www.nc.press/news/articleView.html?idxno=624949,2026-08-27,만화·웹툰을 사랑하는 국회의원 모임 공동대표 등과 함께 저작권 보호 협력을 강조함,1
곽규택,부산역∼부산진역 철도지하화·북항 통합개발 가능해 졌다,kookje.co.kr,http://www.kookje.co.kr/news2011/asp/newsbody.asp?code=0300&key=20260827.99099007963,2026-08-27,대표발의한 철도지하화 특별법 개정안 통과로 부산역-부산진역 철도지하화와 북항 통합개발이 가능해짐을 알림,1
고동진,일률적 정년연장 ‘노동 이중구조’ 위험…보완 입법은 미미,viva100.com,https://www.viva100.com/article/20260827500719,2026-08-27,기업 규모와 업종에 따라 정년을 달리하는 정년연장 관련 법안을 발의함,1
강준현,"""뺏길 땐 뒷북, 가져올 땐 침묵""…금융위·금감원 두고 '관망'하는 세종",daejonilbo.com,https://www.daejonilbo.com/news/articleView.html?idxno=2297182,2026-08-27,금융위·금감원 이전을 세종의 몫으로 만들기 위한 선제적 움직임이 부족하다는 지적을 받음,1
고동진,"강남구의회, 민주평통 강남구협의회 정기회의 참석…평화통일 공감대 확...",enewstoday.co.kr,http://www.enewstoday.co.kr/news/articleView.html?idxno=2463642,2026-08-27,민주평통 강남구협의회 정기회의에서 '일의 의미' 주제로 강연함,1
강승규,"“늘어난 세수, 농업·농촌에 써야”…농식품부 업무보고 주요 내용",nongmin.com,https://www.nongmin.com/article/20260826500571,2026-08-27,농협중앙회장 선거의 조합원 직선제 전환의 문제점과 감사기구 독립성 강화를 강조함,1
곽규택,"지역 현안 고리로 뭉친 국힘 부산 의원들…""공동 대응 총력""",busan.com,https://www.busan.com/view/busan/view.php?code=2026082710543884044,2026-08-27,부산 지역 현안을 고리로 국민의힘 부산 의원들과 함께 공동 대응에 나섬,1
강승규,"고민 깊어진 ‘농협법’…농해수위, 후반기 두번째 심사에도 결론 못냈...",nongmin.com,https://www.nongmin.com/article/20260826500509,2026-08-27,중앙회장 선거에 조합장과 조합원 의사를 절반씩 반영하는 농협법 개정안을 발의함,1
강경숙,"경기도교육청, 폰 내려 놓고 신세계 보여준다",nspna.com,https://www.nspna.com/news/?mode=view&newsid=825948,2026-08-27,청소년 스마트폰 대책 마련을 위한 국회 행사를 공동주최함,1
강민국,"통합 발전공기업 본사 '진주'로···강민국, 한국발전공사법 발의",pennmike.com,https://www.pennmike.com/news/articleView.html?idxno=126560,2026-08-27,5개 발전공기업을 통합하고 신설되는 한국발전공사 본사를 경남 진주혁신도시에 두는 법안을 발의함,1
강민국,"강민국 의원 ""발전 5사 통합공사 진주에 두자"" 진주 통합 본사 법안 발의",idomin.com,https://www.idomin.com/news/articleView.html?idxno=2013410,2026-08-27,발전 5사 통합공사를 진주에 두는 법안을 발의함,1
김건,“바이오데이터 거래 물꼬”…28일 국회서 신뢰 기반 유통체계 논의,etnews.com,https://www.etnews.com/20260827000410,2026-08-27,'바이오데이터 활용 중개플랫폼 활성화 방안' 정책토론회 공동 개최,1
강민국,"진주 강민국 의원 ""발전공기업 통합 본사 진주로 와야""",pressian.com,https://www.pressian.com/pages/articles/2026082717074346376?utm_source=naver&utm_medium=search,2026-08-27,발전공기업 통합 본사가 진주로 와야 하며 전력 수급 안정성과 재정 효율성을 극대화해야 한다고 강조함,1
곽규택,"부산역 철도지하화, 북항과 묶어 통합개발 탄력",busan.com,https://www.busan.com/view/busan/view.php?code=2026082714072395108,2026-08-27,대표발의한 철도지하화 및 철도부지 통합개발에 관한 특별법 개정안이 국회 본회의를 통과함,1
김남국,"경기도교육청, ‘폰 프리 스쿨’ 300교로 확대… 청소년 디지털 환경 개...",lawissue.co.kr,http://www.lawissue.co.kr/view.php?ud=20260827140610762d94aa4ada6_12,2026-08-27,청소년 SNS 규제 토론회에서 해외 입법 사례를 바탕으로 제도적 보호 방향을 제시함,1
김미애,"여야 정기국회 전초전…""골든타임 입법"" vs ""실정부각 입법""",news1.kr,https://www.news1.kr/politics/assembly/6271824,2026-08-27,국민의힘 정책위 부의장으로서 정기국회 대비 정조위를 맡아 내실을 다짐,1
김남국,"안민석 교육감 ""올해 정기국회서 청소년 SNS 법 개정해달라""",kpinews.kr,https://www.kpinews.kr/newsView/1065619296401075,2026-08-27,청소년 SNS 해법 토론회에서 주제 발제를 맡음,1
곽규택,철도지하화 특별법 통과…“북항 통합 개발 기반”,news.kbs.co.kr,https://news.kbs.co.kr/news/pc/view/view.do?ncd=8648314&ref=A,2026-08-27,철도지하화 특별법 개정안 국회 본회의 통과로 부산시의 북항재개발 사업 직접 참여 기반이 마련됨을 밝힘,1
김대식,"정치권, 네팔 대홍수에 ""신속 대응 당부…지원 아끼지 않겠다""",ajunews.com,https://www.ajunews.com/view/20260827155916287,2026-08-27,외통위 여야 간사로서 네팔 대홍수 사태와 관련해 국민의 무사 귀환을 기원하고 신속한 대응을 촉구함,1
김대식,"국회 외통위 ""네팔 연락두절 국민, 가족 품에 돌아오길""",incheonilbo.com,https://www.incheonilbo.com/news/articleView.html?idxno=1330653,2026-08-27,국회 외교통일위원회 양당 간사로서 네팔 대홍수 실종 국민의 생명과 안전 확보를 위한 기자회견을 열음,1
김대식,"김대식, 네팔 대홍수 사태에 ""우리 국민 안전이 최우선…국회도 지원""",news.sbs.co.kr,https://news.sbs.co.kr/news/endPage.do?news_id=N1008725189&plink=ORI&cooper=NAVER,2026-08-27,네팔 대홍수로 연락이 두절된 우리 국민의 안전 확보가 최우선이라며 국회 차원의 지원을 약속함,1
김남국,"청소년 SNS 규제, ‘금지’ 넘어 플랫폼 책임 강화해야",hangyo.com,https://www.hangyo.com/news/article.html?no=109021,2026-08-27,국회에서 청소년 SNS 규제 방안을 모색하기 위한 토론회를 공동 주최함,1
김대식,"국회 외통위 ""네팔 홍수, 국민 생명·안전 확보가 최우선""",edaily.co.kr,https://www.edaily.co.kr/News/Read?newsId=03742486645551584&mediaCodeNo=257&utm_source=naver&utm_medium=referral&utm_campaign=news_syndication&utm_content=original_article,2026-08-27,네팔 홍수와 관련해 국민 생명과 안전 확보가 최우선이며 외교부와 긴밀히 소통하겠다고 밝힘,1
강명구,"정부와 여당 비판, 검찰 보완수사권 복원 요구 급부상",gokorea.kr,https://www.gokorea.kr/news/articleView.html?idxno=876453,2026-08-27,경찰 개혁의 필요성을 언급하면서도 현재의 추진 방식이 시스템을 훼손할 우려가 있어 보완수사권 폐지 재검토를 강조함,1
김성범,"CPTPP 가입 검토에 여야 ""농업 피해부터 면밀히 따져야""",agrinet.co.kr,https://www.agrinet.co.kr/news/articleView.html?idxno=406713,2026-08-27,농해수위에서 제주 지역 가뭄 피해의 심각성을 알리고 현실에 맞는 재해 위기 대응을 촉구함,1
권영세,국회 외통위 해외 국감 반편성 주목…“정청래·한동훈 한 팀”,biz.heraldcorp.com,https://biz.heraldcorp.com/article/10854316?ref=naver,2026-08-27,외통위 해외 국감 구주반 편성,1
권영세,정청래·한동훈이 한 팀…외통위 해외 국감 반편성 눈길,yna.co.kr,https://www.yna.co.kr/view/AKR20260827072100001?input=1195m,2026-08-27,외통위 해외 국감 구주반 배정,1
김승수,"국민의힘, '반쪽 연찬회' 우려 불식…박근혜 등판해 '화합' 부각",dailian.co.kr,https://www.dailian.co.kr/news/view/1683356/?sc=Naver,2026-08-27,국민의힘 연찬회 참석을 독려하며 원내지도부로서 행사를 이끎,1
김대식,국회 외통위 해외 국감 반편성 주목…“정청래·한동훈 한 팀”,biz.heraldcorp.com,https://biz.heraldcorp.com/article/10854316?ref=naver,2026-08-27,외통위 해외 국감 아주반 반장 맡아,1
김미애,"국힘 연찬회 찾은 박근혜 ""내부분열이 가장 무서운 적""",mk.co.kr,https://www.mk.co.kr/article/12138158,2026-08-27,국민의힘 당 정책조직 개편에서 국민동행 정조위원장을 맡음,1
곽규택,"부산역~부산진역 철도지하화, 북항과 통합개발 근거법 마련(종합)",kookje.co.kr,http://www.kookje.co.kr/news2011/asp/newsbody.asp?code=0100&key=20260828.22001007949,2026-08-27,대표발의한 철도지하화 특별법 개정안의 핵심 내용이 반영된 상임위 대안이 국회 본회의를 통과함,1
강승규,"""농특세 지켜야""…세수 증가분 미래대응기금 활용 우려",agrinet.co.kr,https://www.agrinet.co.kr/news/articleView.html?idxno=406712,2026-08-27,농협중앙회장 조합원 직선제가 법률적 정합성에 맞지 않는다고 주장함,1
강민국,"강민국 국회의원, 발전공기업 경남진주혁신도시 본사 두는 법안 발의",nocutnews.co.kr,https://www.nocutnews.co.kr/news/6569236?utm_source=naver&utm_medium=article&utm_campaign=20260827035512,2026-08-27,발전공기업 통합의 본질은 전력 수급 안정성과 재정 효율성 극대화에 있다고 밝힘,1
고민정,"김민석, 李대통령에 “인요한, 적십자사 회장에 임명 반대”",segye.com,https://www.segye.com/newsView/20260826516011?OutUrl=naver,2026-08-27,민주당 4050특별위원장 선임,1
김미애,"국힘, '민생·대여 공세'로 결속 다지기…박근혜도 지원 사격(종합)",edaily.co.kr,https://www.edaily.co.kr/News/Read?newsId=05156166645551584&mediaCodeNo=257&utm_source=naver&utm_medium=referral&utm_campaign=news_syndication&utm_content=original_article,2026-08-27,국민의힘 연찬회에서 정책위부의장직을 맡아 민생경제 살리기와 대여 공세를 위한 결속을 다짐함,1
곽상언,"김화진 “YS가 만든 5·18민주화운동 기념일…이진숙, 자...",news.kbs.co.kr,https://news.kbs.co.kr/news/pc/view/view.do?ncd=8647676&ref=A,2026-08-27,보완수사권 폐지 반대 전례 언급,1
강승규,"유용원, '핵추진잠수함사업특별법' 대표발의…한동훈 등 30명 동참",dailian.co.kr,https://www.dailian.co.kr/news/view/1683038/?sc=Naver,2026-08-27,핵추진잠수함사업특별법 공동발의,1
곽규택,부산시 공동 사업시행 참여 가능...'철도지하화법 개정안' 국회 본회의...,news.bbsi.co.kr,https://news.bbsi.co.kr/news/articleView.html?idxno=4103073,2026-08-27,대표발의한 철도지하화 특별법 개정안 통과로 지방자치단체의 공동 사업시행 참여 길이 열렸다고 밝힘,1
강선우,"이진숙 잡으려 윤리위 띄웠다가 … 민주당, 범여권 '징계 25건' 부메랑 ...",newdaily.co.kr,https://www.newdaily.co.kr/site/data/html/2026/08/27/2026082700122.html,2026-08-27,보좌진 갑질 의혹으로 탈당 및 징계안 계류,1
김승수,"국힘, 정기국회 앞두고 '원팀' 대여투쟁 결의 ""李 정권 폭정 멈춰세울 ...",newsis.com,https://www.newsis.com/view/NISX20260827_0003765862,2026-08-27,국민의힘 연찬회에 참석해 정기국회 대여투쟁을 결의함,1
김기표,"헌재 ""외국인도 태어난 즉시 韓에 출생 등록될 권리 있다""(종합)",newsis.com,https://www.newsis.com/view/NISX20260827_0003765913,2026-08-27,외국인 아동 출생 등록 권리를 위한 법안을 대표 발의함,1
김선민,"미디어교육, '일부 대상'서 '전 국민 권리'로 확대",koit.co.kr,https://www.koit.co.kr/news/articleView.html?idxno=208692,2026-08-27,전국민 미디어교육 보장법 공동발의에 참여함,1
강준현,스타벅스·배재고 논란 토론대 올리기로 한 국민통합위,hankyung.com,https://www.hankyung.com/article/202608277153H,2026-08-27,배재고 논란과 관련된 국회 국민통합위 토론회에 참석함,1
김미애,"국힘, 정기국회 앞두고 전열 정비…박근혜 참석 '눈길'",shinailbo.co.kr,https://www.shinailbo.co.kr/news/articleView.html?idxno=5055858,2026-08-27,국민의힘 연찬회에서 국민동행 정조위원장으로 선임되어 전열을 정비함,1
김선교,농협 상호금융 추정손실 1조원 돌파…1년 새 62% 급증,youngnong.co.kr,http://www.youngnong.co.kr/news/articleView.html?idxno=61871,2026-08-27,농협 상호금융의 추정손실액이 1조 원을 돌파했다고 밝히며 대책을 지적함,1
고동진,"강남구의회 , 민주평통 강남구협의회 2026년 3분기 정기회의 참석",cnbizm.com,https://www.cnbizm.com/news/articleView.html?idxno=312871,2026-08-27,민주평통 강남구협의회 정기회의에 참석해 강연을 진행함,1
김남국,"경기도교육청, 국회서 청소년 SNS 해법 제시…'폰 프리 스쿨' 300교로 확...",suwonilbo.kr,http://www.suwonilbo.kr/news/articleView.html?idxno=317772,2026-08-27,청소년 SNS 해법 토론회에서 해외 입법 사례를 주제로 발제함,1
김영환,"서총연, 28일 서비스 산업 선진화 입법 과제 세미나",edaily.co.kr,https://www.edaily.co.kr/News/Read?newsId=03496486645551584&mediaCodeNo=257&utm_source=naver&utm_medium=referral&utm_campaign=news_syndication&utm_content=original_article,2026-08-27,서비스산업 선진화 입법 발의 참여,1
김영환,"김태선, 기회발전특구 내 창업 등 취득세 감면 3년 연장 추진",sejungilbo.com,https://www.sejungilbo.com/news/articleView.html?idxno=59824,2026-08-27,기회발전특구 창업 등 취득세 감면 연장안 공동발의,1
강민국,경남 3대 주요 현안 지원 '뒤늦게 발동',gnmaeil.com,http://www.gnmaeil.com/news/articleView.html?idxno=593584,2026-08-27,경남도의 3대 주요 현안 지원을 위해 의원실을 방문한 경남도 관계자를 맞이함,1
고동진,"소방청, 전국 데이터센터 163개소 화재안전 집중 점검",fpn119.co.kr,http://fpn119.co.kr/255767,2026-08-27,국가정보자원관리원 화재 관련 데이터센터 화재안전 점검 자료를 제공함,1
김대식,"외통위, 네팔 대홍수에 ""필요한 지원 신속히 이뤄지게 할 것""",yna.co.kr,https://www.yna.co.kr/view/AKR20260827118800001?input=1195m,2026-08-27,외통위 차원에서 네팔 대홍수와 관련해 필요한 지원이 신속히 이뤄지도록 하겠다고 밝힘,1
강민국,"강민국 의원, 진주로 통합하는 '발전공사법' 대표 발의",gnnews.co.kr,https://www.gnnews.co.kr/news/articleView.html?idxno=644211,2026-08-27,국가 첨단산업 전력 수요에 대응하기 위한 '한국발전공사법안'을 대표발의함,1
김대식,"국회 외통위 “네팔 대홍수, 외교부와 협력해 필요한 지원 노력”",news.kbs.co.kr,https://news.kbs.co.kr/news/pc/view/view.do?ncd=8647729&ref=A,2026-08-27,외통위 여야 간사로서 네팔 대홍수와 관련해 외교부와 협력하여 필요한 지원을 위해 노력하겠다고 밝힘,1
김석기,"박동희 ""김병지, 박문성 공적 문제 제기에 사생활 폭로...프로야구였으...",ytn.co.kr,https://www.ytn.co.kr/_ln/0107_202608271920332440,2026-08-27,축구협회 청문회에서 일본의 사례를 배울 필요가 있다고 발언함,1
강준현,"10월 22일 '전통시장 상인의 날' 및 '전통시장 주간' 도입 , 전통시장 활...",pinpointnews.co.kr,https://www.pinpointnews.co.kr/news/articleView.html?idxno=481198,2026-08-27,10월 22일 '전통시장 상인의 날' 도입 개정안에 공동발의자로 참여함,1
강명구,"국힘 의원 ""장미란 사건보다 더 큰 일 터진다…경수완독 후 개혁? 나쁜 ...",news.jtbc.co.kr,https://news.jtbc.co.kr/article/NB12315371?influxDiv=NAVER,2026-08-27,제주 실종 사건과 관련해 검사의 보완수사권 폐지를 원점에서 재검토해야 한다고 주장함,1
김기표,"헌재, 외국인 아동 '출생 사실' 등록 공백 위헌...한국 국적 부여와 별개",ppss.kr,https://www.ppss.kr/news/articleView.html?idxno=307670,2026-08-27,국내 출생 외국인 아동 출생등록부 도입 법안을 발의함,1
강민국,‘발전사 통합 진주 유치’ 법안 발의,knnews.co.kr,https://www.knnews.co.kr/news/articleView.php?idxno=1549561,2026-08-27,발전공기업 통합의 본질은 무리한 지역 경쟁이 아닌 전력 수급 안정성과 재정 효율성 극대화에 있다고 강조함,1
곽규택,'부산대병원 글로벌허브메디컬센터' 예타 통과,news.knn.co.kr,https://news.knn.co.kr/news/article/191723,2026-08-27,부산대병원 글로벌허브메디컬센터 예타 통과로 노후 시설 현대화 및 센터 구축 토대가 마련되었다고 밝힘,1
곽규택,"""부산역 철도지하화·북항 재개발 탄력""",engdaily.com,http://www.engdaily.com/news/articleView.html?idxno=23208,2026-08-27,대표발의한 철도지하화 특별법 통과로 지자체가 철도지하화 사업에 공동 사업시행자로 직접 참여할 수 있게 됨,1
강민국,진주 명시 발전공기업 유치 법안 발의,gnmaeil.com,http://www.gnmaeil.com/news/articleView.html?idxno=593591,2026-08-27,5개 발전사 통합 시 경남 진주혁신도시에 본사를 두도록 명시한 한국발전공사법안을 발의함,1
강민국,"강민국, 발전공기업 통합법 발의 ""진주혁신도시 본사로""",gndomin.com,http://www.gndomin.com/news/articleView.html?idxno=487045,2026-08-27,분산된 발전역량을 통합하고 예산 낭비를 막기 위한 '한국발전공사법안'을 대표발의함,1
김미애,"박근혜 ""지도부 중심 일치단결""…국힘, 연찬회서 李정권 맹공(종합2보)",news1.kr,https://www.news1.kr/politics/assembly/6271890,2026-08-27,국민의힘 국회의원 연찬회에서 정책위 부의장으로 임명됨,1
김미애,"국힘, 정기국회 전략 '민생'에 방점…2028 총선체제 돌입",sisafocus.co.kr,http://www.sisafocus.co.kr/news/articleView.html?idxno=364300,2026-08-27,국민의힘 정책부의장으로서 국민동행 정조위원회를 맡아 정기국회 전략을 조율함,1
강민국,"경남도, 지역 미래 걸린 3대 핵심 현안 국회에 건의",newsgn.com,https://www.newsgn.com/news/articleView.html?idxno=570236,2026-08-27,경남도로부터 발전공기업 통합본사 경남 유치 필요성 등의 핵심 현안을 건의받음,2
강승규,"강승규 의원, 충청권 농어업인의 오랜 염원, 농어업회의소법 국회 통과...",chungnamilbo.co.kr,http://www.chungnamilbo.co.kr/news/articleView.html?idxno=906160,2026-08-27,농어업회의소법 국회 통과를 환영하며 제도적 기반 마련을 강조함,1
김대식,"국회 외통위 ""수색·구조 총동원⋯모든 지원 아끼지 않을 것""",inews24.com,http://www.inews24.com/view/1999050,2026-08-27,외통위 간사 자격으로 네팔 대홍수 실종 국민에 대한 수색·구조 총동원과 지원을 촉구하는 성명을 발표함,1
김기웅,여수 해상경정장 유치 두고 지역사회 의견 엇갈려,nocutnews.co.kr,https://www.nocutnews.co.kr/news/6569430?utm_source=naver&utm_medium=article&utm_campaign=20260827061913,2026-08-27,주철현 의원실 보좌진과의 여수 해상경정장 유치 관련 토론회 논의,1
김기표,공소취소 부담 커지자 한발 물러선 민주당…철회 아닌 '속도...,pennmike.com,https://www.pennmike.com/news/articleView.html?idxno=126577,2026-08-27,더불어민주당 법제사법위원회 위원으로 활동함,1
김기표,與의원 패스하고 野의원이 슛… 축구로 원팀된 의원...,biz.chosun.com,https://biz.chosun.com/policy/politics/assembly/2026/08/27/5WAF2ZNLPFBMFBWS4KY62THLX4/?utm_source=naver&utm_medium=original&utm_campaign=biz,2026-08-27,여야 국회의원 축구 친선경기에 선수로 출전함,1
김남국,"'좋아요'에 매달리는 아이들…청소년 SNS, 규제 논의 본격화",ngonews.kr,https://www.ngonews.kr/news/articleView.html?idxno=236540,2026-08-27,청소년 SNS 규제 논의 토론회에서 해외의 연령별 가입 제한 입법 동향을 설명함,1
고동진,"강남구의회, 민주평통 강남구협의회 3분기 정기회의 참석",hg-times.com,https://www.hg-times.com/news/articleView.html?idxno=304752,2026-08-27,민주평통 강남구협의회 정기회의에서 '일의 의미'를 주제로 강연함,2
김대식,"국회 외통위, 네팔 대홍수에 ""필요한 지원 신속히 이뤄지도록""",wolyo.co.kr,https://www.wolyo.co.kr/news/articleView.html?idxno=316987,2026-08-27,국회 외교통일위원회 기자회견을 통해 네팔 대홍수 관련 신속한 지원과 우리 국민의 무사 귀환을 촉구함,1
강민국,"강민국 의원, 발전공기업 통합본사 진주혁신도시 유치 법안 발의",yna.co.kr,https://www.yna.co.kr/view/AKR20260827152100052?input=1195m,2026-08-27,발전공기업 통합본사를 진주혁신도시에 두는 '한국발전공사법안'을 대표 발의함,1
김승수,"김승수 의원 ""대중문화교류위, 행사보다 실질 성과 내야""",kyongbuk.co.kr,https://www.kyongbuk.co.kr/news/articleView.html?idxno=4082345,2026-08-27,대중문화교류위원회의 예산 집행과 운영 실태를 지적하며 실질 성과를 주문함,1
김남국,"‘안민석표 폰 프리 스쿨’ 국회로…경기도교육청, 청소년 SNS 보호 해법...",beyondpost.co.kr,http://www.beyondpost.co.kr/view.php?ud=2026082719164180944c878f8fa1_30,2026-08-27,청소년 SNS 보호 토론회에서 해외 연령별 보호기준과 국내 적용 방안을 제시함,1
김대식,"국회 외통위원 ""네팔 당국, 자국민처럼 우리 국민 구조에 최선 다해야""",newsis.com,https://www.newsis.com/view/NISX20260827_0003765199,2026-08-27,네팔 당국에 우리 국민 구조에 최선을 다할 것을 요구하며 외교부와 긴밀히 협의하겠다고 밝힘,1
고민정,지금 아이들에겐 '웃어주지 않는' 어른이 필요하다,ohmynews.com,https://www.ohmynews.com/NWS_Web/View/at_pg.aspx?CNTN_CD=A0003261347&CMPT_CD=P0010&utm_source=naver&utm_medium=newsearch&utm_campaign=naver_news,2026-08-27,학교민주시민교육법안을 대표 발의함,1
김미애,"박근혜, 국힘 연찬회 찾아 “분열 안돼…지도부 중심 일치단결해야”",dnews.co.kr,https://www.dnews.co.kr/uhtml/view.jsp?idxno=202608271717530160657,2026-08-27,개편된 국민의힘 정책조직에서 국민동행 정조위원장으로 임명됨,1
김대식,"외통위원들, 네팔에 “한국인도 자국민처럼 구조 최선 다해달라” 당부",sedaily.com,https://www.sedaily.com/article/20083999?ref=naver,2026-08-27,네팔에 한국인 구조에 최선을 다해줄 것을 당부하며 외교부와 긴밀히 협조하겠다고 밝힘,1
곽규택,"곽규택 국회의원 ""철도지하화특별법 개정안 본회의 통과""",news.lghellovision.net,http://news.lghellovision.net/news/articleView.html?idxno=552633,2026-08-27,대표발의한 철도지하화특별법 개정안 본회의 통과로 지자체의 사업 직접 참여 기반이 마련되었다고 밝힘,1
고민정,"""조폭집단도 아니고 90도 절했다""...입단속 나선 김민...",pennmike.com,https://www.pennmike.com/news/articleView.html?idxno=126576,2026-08-27,민주당의 세대교체 필요성 및 686세대 정치인 비판,1
김성범,"국힘 제주도당 ""도·여당 '실종 허위종결' 미온적 태도에 분노""",news1.kr,https://www.news1.kr/local/jeju/6270468,2026-08-26,실종사건 관련 미온적 태도 비판과 함께 근본적인 제도적 맹점 해결 및 법안 발의를 촉구받음,1
강대식,"강대식, ""광주 특혜 약 7조원""…구윤철, ""TK가 더 노력해야""",imaeil.com,https://www.imaeil.com/page/view/2026082617452685886,2026-08-26,광주 군공항 이전 사업에 대한 과도한 재정지원과 특별대우를 지적함,1
강준현,보험사기 전력 설계사 차단…등록취소 절차 빨라진다,fins.co.kr,http://www.fins.co.kr/news/articleView.html?idxno=109795,2026-08-26,보험사기 전력 설계사 등록취소 절차를 단축하는 보험업법 개정안을 발의함,1
고동진,"강남구의회, 민주평통 강남구협의회 2026년 3분기 정기...",areyou.co.kr,http://www.areyou.co.kr/news/articleView.html?idxno=95038,2026-08-26,민주평통 강남구협의회 정기회의에 참석하여 강연을 함,1
강승규,13년 논의 끝 농어업회의소법 국회 통과…현장 목소리 농정 반영,kyongbuk.co.kr,https://www.kyongbuk.co.kr/news/articleView.html?idxno=4082288,2026-08-26,농어업회의소법 개별 제정법안을 잇따라 발의함,1
김성범,"하반기 첫 농해수위, 재해대응·농협법 개정·농특세 활용 등 농업현안...",aflnews.co.kr,https://www.aflnews.co.kr/news/articleView.html?idxno=326947,2026-08-26,하반기 농해수위 회의에서 제주지역 가뭄 피해 대책 마련과 현실에 맞는 위기 대응 보조지표 개발을 요구함,1
강선영,"성평등위서 檢 보완수사 공방…野 ""부실 수사 밝혀"" 與 ""예방 장치 아냐...",news1.kr,https://www.news1.kr/politics/assembly/6270617,2026-08-26,성평등위원회에서 보완수사권이 부실수사를 막는 데 기여했다고 발언함,1
고민정,"민주당 추가 당직 인선…김민석 대표, 인재위원장 직접 맡아",jeonmin.co.kr,http://www.jeonmin.co.kr/news/articleView.html?idxno=445840,2026-08-26,민주당 4050특별위원장 맡아,1
고민정,김민석호 당직 인선 막바지…인천·경기 의원들 '당 핵심축'으로,incheonilbo.com,https://www.incheonilbo.com/news/articleView.html?idxno=1330471,2026-08-26,민주당 4050특별위원장 임명,1
고민정,"민주당, 추가 인선…인재위원장 직접 맡은 김민석",newsprime.co.kr,http://www.newsprime.co.kr/news/article.html?no=745262,2026-08-26,민주당 4050특별위원장 선임,1
강승규,"하반기 첫 농해수위, 재해대응·농협법 개정·농특세 활용 등 농업현안...",aflnews.co.kr,https://www.aflnews.co.kr/news/articleView.html?idxno=326947,2026-08-26,농협법 개정 관련 조합원 직선제 도입의 문제점을 지적함,1
곽상언,사법제도 변화에 김정욱 변협회장이 변호사대회서 강조한 것은?,lawleader.co.kr,http://www.lawleader.co.kr/news/articleView.html?idxno=19799,2026-08-26,대한변호사협회 정기 변호사대회에 참석해 축사를 함,1
김선교,"안철수, 청년 등 생성형 AI 비용 연간 30만원까지 공제 추진",sejungilbo.com,https://www.sejungilbo.com/news/articleView.html?idxno=59795,2026-08-26,생성형 AI 비용 세액공제 법안 공동발의,1
강준현,GA 영업정지에 설계사 수천명 영업 멈춘다...'과징금' 택한 보...,startuptoday.co.kr,https://www.startuptoday.co.kr/news/articleView.html?idxno=810816,2026-08-26,보험사기 설계사 차단 등을 담은 보험업법 개정안을 발의함,1
강승규,"""농협 회장 단임제 임기 짧아…직선제 맞는 권한 부여해야""",asiatime.co.kr,https://www.asiatime.co.kr/article/20260826500276,2026-08-26,농협중앙회장 직선제 강행 시 예상되는 현장 혼란 대비와 단위조합 대표성 보장을 언급함,1
강선영,"서울강서방송 창립 9주년 행사, 지역 인사 대거 참석",gukjenews.com,https://www.gukjenews.com/news/articleView.html?idxno=3674844,2026-08-26,서울강서방송 창립 9주년 행사에 참석함,1
강선영,2026년 8월 26일,dnews.co.kr,https://www.dnews.co.kr/uhtml/view.jsp?idxno=202608260925270390329,2026-08-26,감항인증 관련법 개정 토론회를 개최함,1
김석기,밀양출신 대한민국 1호 모델가수 박태희씨 독일 공연 성황,gndomin.com,http://www.gndomin.com/news/articleView.html?idxno=486818,2026-08-26,재외동포위원장 자격으로 해외 공연 개최 축사를 전달함,1
강승규,농협중앙회장 직선제 놓고 여야·정부 충돌,farminsight.net,https://www.farminsight.net/news/articleView.html?idxno=16794,2026-08-26,정부가 추진하는 농협중앙회장 조합원 직선제가 단위조합의 대표성 배제 등 법률적 정합성에 맞지 않는다고 지적함,1
김선교,"올해 6월 기준, 농협 회수 불능 추정손실액 1조 2천억 원",wonyesanup.co.kr,http://www.wonyesanup.co.kr/news/articleView.html?idxno=65582,2026-08-26,농협중앙회 자료를 바탕으로 상호금융 회수 불능 추정손실액이 급증했다고 분석함,1
강승규,"""온실가스 증가와 축산 악취 민원있는데... 축산업 확대 법안?""",ohmynews.com,https://www.ohmynews.com/NWS_Web/View/at_pg.aspx?CNTN_CD=A0003262082&CMPT_CD=P0010&utm_source=naver&utm_medium=newsearch&utm_campaign=naver_news,2026-08-26,발의한 축산 관련 법률안에 대해 지역 환경단체가 정주환경 악화 우려로 반대함,1
강선우,"'1억 공천헌금' 강선우·김경, 다음 달 16일 결심공판",ytn.co.kr,https://www.ytn.co.kr/_ln/0103_202608262121229359,2026-08-26,1억 원 공천헌금 혐의를 받는 강선우 의원과 김경 전 시의원의 결심공판이 다음 달 16일 진행될 예정,1
권영세,권영세 “혼자 인기 얻으려는 당 분위기로는 총·대선 전망 어두워”,news.kbs.co.kr,https://news.kbs.co.kr/news/pc/view/view.do?ncd=8647023&ref=A,2026-08-26,개인의 인기만을 중시하는 당내 분위기에 대해 총선과 대선 전망이 어둡다며 우려를 표명함,1
권영세,"""총선 승리 어렵다""는 국민의힘 중진들…""무슨 근거로?""",fntoday.co.kr,https://www.fntoday.co.kr/news/articleView.html?idxno=391319,2026-08-26,국민의힘 중진 의원들의 총선 관련 논의 자리에 불참함,1
곽상언,"오효근 한주총 회장 ""주얼리산업 진흥법, 업계 현장의견 반영에 최선""",koreastocknews.com,http://www.koreastocknews.com/news/articleView.html?idxno=120807,2026-08-26,주얼리산업 진흥법안을 공동 발의함,1
고민정,"김민석, 민주당 인재위원장 '겸임'",idaegu.co.kr,https://www.idaegu.co.kr/news/articleView.html?idxno=557776,2026-08-26,민주당 4050특별위원장 임명,1
강승규,개인 표심이냐 조합 대표성이냐…농협회장 선출 해법 분분,kbanker.co.kr,https://www.kbanker.co.kr/news/articleView.html?idxno=225753,2026-08-26,조합장과 조합원 투표권을 절반씩 반영하는 농업협동조합법 개정안을 대표발의함,1
강선영,"野 ""女가 가장 피해""·與 ""후속조치""…성평등위 보완수사권 공방",yna.co.kr,https://www.yna.co.kr/view/AKR20260826173900001?input=1195m,2026-08-26,성평등위원회에서 검찰의 보완 수사 지휘가 아동·청소년·여성 보호에 필수적이라고 주장함,1
강선우,"'1억 공천헌금' 강선우·김경, 9월 16일 결심 공판…검찰 구형 나온다",insight.co.kr,https://www.insight.co.kr/news/570295,2026-08-26,1억 원 공천헌금 수수 혐의로 기소되어 9월 16일 결심 공판을 앞둠,1
고민정,반전 승부수는 '중폭 개각'…국면전환 실패 땐 '수렁',newstomato.com,http://www.newstomato.com/ReadNews.aspx?no=1311461&inflow=N,2026-08-26,교육부 장관 교체 시 하마평에 거론됨,1
곽규택,법사위장과 언쟁 벌이는 野 의원들,segye.com,https://www.segye.com/newsView/20260826516132?OutUrl=naver,2026-08-26,제주 실종 사건 허위 종결 사례를 언급하며 경찰의 국민 보호 역량에 의문을 제기함,1
김도읍,"김도읍 의원, 부전~마산 복선전철 2027년 4월 부분 개통…2028년 하반기 ...",fntoday.co.kr,https://www.fntoday.co.kr/news/articleView.html?idxno=391298,2026-08-26,부전~마산 복선전철의 2027년 4월 부분 개통 및 2028년 하반기 전체 개통 추진을 발표함,1
김도읍,국민의힘 중진 책임론... 공천도 낙관 못해,news.knn.co.kr,https://news.knn.co.kr/news/article/191672,2026-08-26,국민의힘 중진 의원으로서 당 운영 문제와 관련해 언급됨,1
곽상언,'주얼리산업 진흥법' 국회 본회의 통과…기본계획·등록...,bizwnews.com,http://www.bizwnews.com/news/articleView.html?idxno=144420,2026-08-26,주얼리산업 진흥법안의 공동 발의 및 국회 본회의 통과 소식이 전해짐,1
강승규,[애즈위메이크 후폭풍] 정책자금 100억 넘어…회수 가능성은 희박,thebell.co.kr,https://www.thebell.co.kr/free/content/ArticleView.asp?key=202608211150374360103045,2026-08-26,의원실 자료를 통해 애즈위메이크에 투입된 정책자금 규모가 100억원에 달한다고 파악함,1
강선우,【오늘의 법조】 2026년 8월 26일,lawtimes.co.kr,https://www.lawtimes.co.kr/news/articleView.html?idxno=225368,2026-08-26,정치자금법 위반 등 혐의로 제9차 공판이 진행됨,1
고민정,"김민석, 민주당 인재위원장 겸임… 내년 재보선 인재영입 직접 챙긴다",chosun.com,https://www.chosun.com/politics/assembly/2026/08/26/NC7KIIMONBDO7BQHXCQFSZT74Q/?utm_source=naver&utm_medium=referral&utm_campaign=naver-news,2026-08-26,민주당 4050특별위원장 임명,1
강선영,"성평등위서 檢 보완수사권 폐지 공방…여 ""검찰 권력 통제"" 야 ""약자 피...",newsis.com,https://www.newsis.com/view/NISX20260826_0003764239,2026-08-26,성평등위원회에서 검찰 보완수사권 폐지와 관련해 약자 보호 필요성을 강조함,1
강승규,"반복된 국감 지적에도…농협몰·수협쇼핑, 임직원 복지몰 논란 재점화 ...",ngetnews.com,https://www.ngetnews.com/news/articleView.html?idxno=552699,2026-08-26,농협몰과 수협쇼핑의 임직원 복지몰 운영을 지적하며 대국민 판매 확대를 위한 쇄신을 촉구함,1
김영호,김민석호 당직 인선 막바지…인천·경기 의원들 '당 핵심축'으로,incheonilbo.com,https://www.incheonilbo.com/news/articleView.html?idxno=1330471,2026-08-26,민주당 세계한인민주회의 수석부의장 임명,1
김성범,"ETF에 3억5천 투자...이창흠 ""업무 집중"" 해명",jejusori.net,https://www.jejusori.net/news/articleView.html?idxno=505897,2026-08-26,위성곤 지사와 김성범 의원에게 후원한 이유와 관련된 입장을 밝힘,1
김기표,공방 대신 ‘패스’…여야 의원들 축구장서 ‘티키타카’,seoul.co.kr,https://www.seoul.co.kr/news/politics/2026/08/26/20260826500297?wlog_tag3=naver,2026-08-26,여야 국회의원 축구 친선경기에 출전함,1
김도읍,국힘 중진들 “이대로 총선승리 어려워”…張 참여 간담회 촉구,dt.co.kr,https://www.dt.co.kr/article/12080453?ref=naver,2026-08-26,국힘 중진 의원 회동에 참여해 총선 승리를 위한 간담회 개최를 촉구함,1
강선우,반전 승부수는 '중폭 개각'…국면전환 실패 땐 '수렁',newstomato.com,http://www.newstomato.com/ReadNews.aspx?no=1311461&inflow=N,2026-08-26,여성가족부 장관 후보자로 지명되었으나 논란 끝에 낙마함,1
김성범,"국민의힘 ""민주당 제주도정-정치권, 치안 우려 엄중 인식하라""",jejusori.net,https://www.jejusori.net/news/articleView.html?idxno=505908,2026-08-26,제주도정의 치안 우려에 대한 엄중한 인식을 촉구함,1
강준현,"안신일 세종시의회의장, 행정수도 완성 위해 전국적 연대 강화",viva100.com,https://www.viva100.com/article/20260825501416,2026-08-26,행정수도 완성을 위한 범국민 결의대회를 공동 주최함,1
강준현,"안신일 세종시의장, 행정수도 완성 위해 수도권 광역의회 '광폭 행보'",gukjenews.com,https://www.gukjenews.com/news/articleView.html?idxno=3674881,2026-08-26,행정수도 완성을 위한 범국민 결의대회를 공동 주최함,1
강선우,"'1억 공천헌금' 강선우·김경, 9월16일 결심 공판…첫 구형량 나온다",news1.kr,https://www.news1.kr/society/court-prosecution/6270615,2026-08-26,1억 원 공천헌금 수수 혐의 재판에서 9월 16일 첫 구형량이 나올 예정,1
김선교,"""농협 회장 단임제 임기 짧아…직선제 맞는 권한 부여해야""",asiatime.co.kr,https://www.asiatime.co.kr/article/20260826500276,2026-08-26,농협은 조합원의 자발적 자산임을 강조하며 정부의 일방적인 개입에 우려를 표함,1
강대식,"TK신공항 표류에 강대식·윤재옥 “대구엔 원칙, 광주엔 예외”",kbmaeil.com,https://www.kbmaeil.com/article/20260826500749,2026-08-26,TK 통합신공항 표류와 관련해 정부의 적극적인 재정 지원과 제도 개선을 촉구함,1
강선영,흙과 불이 빚어낸 시간…성수동서 '한얼 이호영 도예전',mbn.mk.co.kr,http://mbn.mk.co.kr/pages/news/newsView.php?category=mbn00007&news_seq_no=5215104,2026-08-26,이호영 도예전 개막식에 참석해 자리를 빛냄,1
강대식,"김민석 민주당 대표 등 정·재계 운집, 강원택 교...",polinews.co.kr,https://www.polinews.co.kr/news/articleView.html?idxno=741355,2026-08-26,조계원 의원 등 조계사 행사 참석,1
강선우,"'내 편'일수록 더 엄격한 잣대 적용, 개혁정부다운 인사가 필요한 이유",ohmynews.com,https://www.ohmynews.com/NWS_Web/View/at_pg.aspx?CNTN_CD=A0003262029&CMPT_CD=P0010&utm_source=naver&utm_medium=newsearch&utm_campaign=naver_news,2026-08-26,과거 여성가족부 장관 후보자 지명 당시 논란이 불거져 낙마함,1
고민정,‘55년 공식’ 바꾸겠다는 정부…국회 문턱 넘을...,naeil.com,https://www.naeil.com/news/read/600042?ref=naver,2026-08-26,교육부 자료를 바탕으로 교육교부금 개편 논의의 필요성 지적,1
고민정,"김민석, 與 인재위원장 직접 맡는다…인재 발굴·영입 총괄",dnews.co.kr,https://www.dnews.co.kr/uhtml/view.jsp?idxno=202608261527313390436,2026-08-26,민주당 4050특별위원장 선임,1
곽상언,"이재명 대통령 ""법치주의와 국민 기본권 지켜온 대한변호사협회 역할 막...",lawleader.co.kr,http://www.lawleader.co.kr/news/articleView.html?idxno=19794,2026-08-25,대한변호사협회 행사 참석 축사,1
김도읍,"부전-마산 복선전철, 사업지연 6년만에 본격 개통 초읽기",engdaily.com,http://www.engdaily.com/news/articleView.html?idxno=23175,2026-08-25,부전~마산 복선전철 사업의 안전한 진행과 2028년 차질 없는 개통을 강조함,1
강승규,"공영홈쇼핑, 한유원과 통합 논의...합치면 감사원 감사 대상",biz.chosun.com,https://biz.chosun.com/industry/business-venture/2026/08/25/BD47YLMFMFE7XEYGOZXBMSDZ4I/?utm_source=naver&utm_medium=original&utm_campaign=biz,2026-08-25,감사원으로부터 공영홈쇼핑 회계 검사와 관련된 답변을 의원실에서 받음,1
강승규,국민의힘 반격에 농협개혁 새 국면,news.mtn.co.kr,https://news.mtn.co.kr/news-detail/2026082516175181788,2026-08-25,조합장과 조합원의 투표권을 절반씩 반영하는 농협법 개정 절충안을 제시함,1
김선교,농협 상호금융 추정손실 1조2천억원 넘었다…부실 부담 조합원 전가 우...,newsfarm.co.kr,http://www.newsfarm.co.kr/news/articleView.html?idxno=102069,2026-08-25,농협 상호금융 추정손실액이 1조 2천억원을 넘어 부실 부담이 조합원에게 전가될 우려가 있다고 지적함,1
김선교,"양평군, 제 20회 사회복지사의 날 행사 개최",gukjenews.com,https://www.gukjenews.com/news/articleView.html?idxno=3673873,2026-08-25,양평군 사회복지사의 날 행사에 참석해 축사를 함,1
곽상언,"김상환 헌법재판소장 ""국민, 헌법적 보호 소외되지 않도록 권리구제""",lawleader.co.kr,http://www.lawleader.co.kr/news/articleView.html?idxno=19792,2026-08-25,대한변호사협회 행사에 참석함,1
강대식,폴리뉴스 창간 26주년 기념식 26일 개최…여야 주요 인사 대거 참...,polinews.co.kr,https://www.polinews.co.kr/news/articleView.html?idxno=741223,2026-08-25,폴리뉴스 창간 26주년 기념식에 참석함,1
김선교,김선교 의원 “서울~양평 고속도로 조속히 정상화해야”,kyeonggi.com,https://www.kyeonggi.com/article/20260825580508,2026-08-25,서울~양평 고속도로 노선 변경 의혹 특검 수사 종료와 관련해 사업의 조속한 정상화를 촉구함,1
김도읍,"경찰 잇단 부실수사에 여야 격돌…與 “자체 쇄신"" vs 野 ""보완수사권 필...",busan.com,https://www.busan.com/view/busan/view.php?code=2026082516522801353,2026-08-25,경찰의 부실 수사 사례를 지적하며 검찰의 역할을 강조함,1
곽상언,"조희대 대법원장 ""사법부, 사법제도 변화 다양한 우려 무겁게 받아들여...",lawleader.co.kr,http://www.lawleader.co.kr/news/articleView.html?idxno=19786,2026-08-25,대한변호사협회 행사에 참석함,1
김선교,"김선교 의원, 농협 회수 불능 추정손실액 1조2423억원…경기 '최다'",enewstoday.co.kr,http://www.enewstoday.co.kr/news/articleView.html?idxno=2463033,2026-08-25,올해 6월 기준 농협 상호금융의 추정손실액이 1조 2423억원으로 경기 지역이 최다라고 분석함,1
김도읍,"김도읍 의원 ""부전~마산 복선전철 내년 4월 부분개통, 2028년 전체 개통...",pennmike.com,https://www.pennmike.com/news/articleView.html?idxno=126411,2026-08-25,부전~마산 복선전철 부분 개통이 시민 불편 해소를 위한 첫걸음이 되어야 한다고 강조함,1
김선교,농협상호금융 추정손실액 1조 넘겼다,agrinet.co.kr,https://www.agrinet.co.kr/news/articleView.html?idxno=406681,2026-08-25,농협 상호금융 추정손실액이 1조원을 넘어선 것에 대해 자산 건전성 경고등이 켜졌다고 지적함,1
강준현,"안신일 세종시의장, 수도권 의회 찾아 행정수도 특별법 연내 제정 요청",ccnnews.co.kr,http://www.ccnnews.co.kr/news/articleView.html?idxno=413902,2026-08-25,행정수도 특별법 연내 제정을 요청하는 범국민 결의대회를 공동 주최함,1
김선교,특검에 발끈한 국힘…검찰에 분노한 민주,naeil.com,https://www.naeil.com/news/read/599931?ref=naver,2026-08-25,서울-양평 고속도로 노선 변경 과정의 윗선 개입 주장은 실체 없는 정치적 공세였다고 주장함,1
강선영,동학농민혁명 유족 수당 논쟁 정치권 시끌,00news.co.kr,http://www.00news.co.kr/news/articleView.html?idxno=106110,2026-08-25,동학농민혁명 유족 수당 논쟁과 관련해 수당 남발에 대한 우려를 표명함,1
강대식,‘美구역 빨리 빼달라’ 광주 군공항 이전 서두르는 국방부,chosun.com,https://www.chosun.com/politics/diplomacy-defense/2026/08/25/OM6LBF4KAVH47FOPHE2FJL35SE/?utm_source=naver&utm_medium=referral&utm_campaign=naver-news,2026-08-25,대체 시설 없이 광주 군 공항 이전을 서두르는 국방부의 졸속 행정을 비판함,1
김성범,"제주, 2차 공공기관 이전 범도민 서명운동 돌입…마사회·공항공사 유치...",jejunews.com,http://www.jejunews.com/news/articleView.html?idxno=2227364,2026-08-25,제2차 공공기관 제주 이전을 촉구하는 범도민 서명운동 관련 기자회견에 참여함,1
강선영,육군 ‘군의병과장’ 12년간 의대시험도 안본 육사 ‘독점’ 논...,sedaily.com,https://www.sedaily.com/article/20082743?ref=naver,2026-08-25,최근 10년간 육군 군의병과 주요 보직자 전원이 육사 출신이라는 독점 문제를 제기함,1
김선교,농협 올해 6월 기준 회수 불능 추정손실액 '1조 2천억' 돌파,jeonmae.co.kr,https://www.jeonmae.co.kr/news/articleView.html?idxno=1286946,2026-08-25,농협중앙회 자료를 분석해 올해 6월 기준 농협 대출 추정손실액이 1조 2천억원을 돌파했다고 밝힘,1
김성범,"성장동력 견인 공공기관 제주 이전, 도민들 한목소리",jejumaeil.net,https://www.jejumaeil.net/news/articleView.html?idxno=404016,2026-08-25,제주도와 함께 2차 공공기관의 제주 이전을 촉구하는 기자회견을 개최함,1
김도읍,"1시간 30분에서 30분대로… 부전~마산 복선전철, 내년 4월 '부분 개통'",news.bbsi.co.kr,https://news.bbsi.co.kr/news/articleView.html?idxno=4102676,2026-08-25,부전~마산 복선전철 부분 개통 협약 변경안이 의결되었다고 밝힘,1
김기웅,외래환자 21.5% 찾는데 건보는 3.4%…한의의료 제도 격차 좁혀야,akomnews.com,https://www.akomnews.com/bbs/board.php?bo_table=news&wr_id=68150,2026-08-25,한의협과 한의 건강보험 보장성 강화 등 현안 간담회 개최,1
강승규,공영홈쇼핑·한유원 통합 논의...수면 위로,weeklytoday.com,http://www.weeklytoday.com/news/articleView.html?idxno=791465,2026-08-25,공영홈쇼핑과 한유원 통합 논의와 관련해 구체적인 대책 마련을 취지로 언급함,1
곽상언,"'민원부터 정책 제안까지'... 곽상언 의원, '찾아가는 당사' 운영",hg-times.com,https://www.hg-times.com/news/articleView.html?idxno=304684,2026-08-25,지역 주민 민원을 경청하는 소통 플랫폼 '찾아가는 당사' 운영을 시작함,1
김도읍,부전~마산 복선전철 내년 4월 부분 개통…2028년 하반기 완전 개통,news1.kr,https://www.news1.kr/local/busan-gyeongnam/6269060,2026-08-25,부전~마산 복선전철의 단계별 개통 일정을 구체적으로 밝힘,1
곽상언,(75) 화합하되 부화뇌동하지 않다 - 화이부동 ...,ajunews.com,https://www.ajunews.com/view/20260824141741576,2026-08-24,형사소송법 개정안 반대 후 노무현 전 대통령의 뜻 왜곡 중단을 촉구하는 글을 올림,1
강대식,"""스마트기기, 잠시 내려놓으세요""…전주시설공단, 스마트 쉼 아카데미 ...",ajunews.com,https://www.ajunews.com/view/20260824141923579,2026-08-24,주최한 '스마트 쉼 아카데미'가 우수행정 및 정책사례로 선정됨,1
강선우,"“李, 노웅래 무죄에 메시지…‘나도 조작기소 피해자’ 내비친것” [정...",donga.com,https://www.donga.com/news/Politics/article/all/20260824/134533585/1,2026-08-24,과거 당내 공천 과정에서의 상황과 관련하여 언급됨,1
강선우,10년 만 '특별감찰관' 재가동…대통령 지지율 회복 계기?,news.jtbc.co.kr,https://news.jtbc.co.kr/article/NB12314792?influxDiv=NAVER,2026-08-24,각종 논란이 불거졌던 정치인 중 한 명으로 언급됨,1
곽상언,'수사 독점' 경찰에 커지는 견제론,00news.co.kr,http://www.00news.co.kr/news/articleView.html?idxno=106063,2026-08-24,형사소송법 개정안에 반대표를 던지고 관련 입장을 밝힘,1
곽상언,"곽상언 의원, 종로구 '찾아가는 당사' 운영 돌입",newstnt.com,https://www.newstnt.com/news/articleView.html?idxno=715064,2026-08-24,주민 생활권으로 찾아가는 소통 행사인 '찾아가는 당사'를 개최함,1
곽상언,"곽상언, 종로 민심 속으로…‘찾아가는 당사’ 현장 소통 시동",dailyt.co.kr,https://www.dailyt.co.kr/newsView/dlt202608240007,2026-08-24,종로구에서 주민 소통을 위한 '찾아가는 당사' 운영을 시작함,1
김영호,세계한인민주회의 수석부의장에 김영호… 부의장에 이기헌 이재강 정광...,worldkorean.net,http://www.worldkorean.net/news/articleView.html?idxno=57613,2026-08-24,더불어민주당 세계한인민주회의 수석부의장 임명,1
김영호,더불어민주당 세계한인민주회의 수석부의장에 김영호 의원,dongponews.net,https://www.dongponews.net/news/articleView.html?idxno=60031,2026-08-24,민주당 세계한인민주회의 수석부의장 임명,1
김영호,'임직원 기업인수 촉진을 위한 입법방향 토론회' 등,weekly.hankooki.com,https://weekly.hankooki.com/news/articleView.html?idxno=7180367,2026-08-24,AI 시대 소방안전 구급체계 토론회 개최,1
곽상언,오른팔 썩는데 환자 목 자른 격… 재개정 안 하면 사법 시스템 붕괴될 ...,chosun.com,https://www.chosun.com/opinion/2026/08/23/X5EVE22I5NGFVNHN3NUMSV5MNQ/?utm_source=naver&utm_medium=referral&utm_campaign=naver-news,2026-08-23,형사소송법 개정안 및 검찰 수사권 관련 입장이 다뤄짐,1
강대식,"軍공항 이전, TK신공항 '저속' 광주는 '하이패스'",imaeil.com,https://www.imaeil.com/page/view/2026082316352474315,2026-08-23,광주 군공항 지원 방안 중 대구에도 적용 가능한 방안을 마련할 것을 촉구함,1
김기웅,"최은석 의원, 응급의료법 개정안 대표발의…응급의료 종사자 재정지원...",lawissue.co.kr,http://www.lawissue.co.kr/view.php?ud=2026082310240145919a8c8bf58f_12,2026-08-23,응급의료법 개정안 공동발의,1
김석기,"제8차 중남미 한상대회, 21~23일 엘살바도르서 열린다",dongponews.net,https://www.dongponews.net/news/articleView.html?idxno=59976,2026-08-21,제8차 중남미 한상대회 개최를 맞아 영상으로 축하 메시지를 전함,1
김기웅,약사·의사·간호사 포진한 복지위 1소위…비대면진료·성분명 처방 등...,mkhealth.co.kr,http://www.mkhealth.co.kr/news/articleView.html?idxno=79680,2026-08-20,국회 보건복지위원회 법안심사소위원회 위원으로 참여,1
강대식,"국방부, 여태 부인하더니... “北 전술핵 탑재 가능 방사포 전방 배치”",chosun.com,https://www.chosun.com/politics/diplomacy-defense/2026/08/20/L7F3CMPL6FAQZAFNQYSC7MCOCQ/?utm_source=naver&utm_medium=referral&utm_campaign=naver-news,2026-08-20,국방부가 북한의 전술핵 탑재 가능 방사포 전방 배치를 실전배치로 확인함,1
김기웅,"정은경 ""연내 보건의료발전계획 수립…의사추계 정교화 추진""",news1.kr,https://www.news1.kr/bio/welfare-medical/6263228,2026-08-19,보건복지부 업무보고에서 장기적 보건의료발전계획 수립 촉구,1
김기웅,"26년간 없었던 보건의료발전계획 ""올해 안에 만들겠다""",doctorsnews.co.kr,http://www.doctorsnews.co.kr/news/articleView.html?idxno=165886,2026-08-19,보건복지부 장관과 보건의료발전계획 연내 수립 관련 질의 및 답변 진행,1
김기웅,후반기 국회 복지위 첫 업무보고…지역·필수의료 소생부터 마약류 관리...,kukinews.com,https://www.kukinews.com/article/view/kuk202608190198,2026-08-19,후반기 국회 보건복지위원회 업무보고 참여,1
김기웅,"""AI가 의사 6%만 대체? 하나마나한 추계""…국회 복지위 첫 회의, 의사인...",medigatenews.com,https://www.medigatenews.com/news/3010875593,2026-08-19,의사인력수급추계위원회 추계 결과에 대해 문제 제기 및 질의,1
김기웅,"복지위, 법안소위 구성 완료…보건복지 입법 심사 본격화",kukinews.com,https://www.kukinews.com/article/view/kuk202608190136,2026-08-19,보건복지위 법안소위 구성에 참여,1
강대식,"여야, 플랫폼 자동차 출장정비 '안전 사각지대' 해소 한목소리",cctoday.co.kr,https://www.cctoday.co.kr/news/articleView.html?idxno=2235112,2026-08-19,여야 의원들과 함께 플랫폼 자동차 출장정비 제도화를 위한 초당적 협력을 추진함,1
강대식,"與·野 초당적 협력, '플랫폼 자동차 출장 정비' 제도화 시동",ccdn.co.kr,https://www.ccdn.co.kr/news/articleView.html?idxno=1094647,2026-08-19,플랫폼 자동차 출장 정비 제도화를 위한 토론회에 참석해 힘을 보탬,1
김기웅,"정은경 ""연내 보건의료발전계획 수립…자살예방 대응 활성화""(종합)",news1.kr,https://www.news1.kr/bio/welfare-medical/6263546,2026-08-19,보건복지부 장관 상대로 의료인력 수급추계 고도화 등 질의,1
